"system_object_id";"signature_date";"Name";"Number of exit";"On territory of Moscow";"Area";"District";"Longitude in WGS-84";"Latitude in WGS-84";"Vestibule type";"Metro station name";"Line name";"Cultural heritage site status";"Working schedule on even days";"Working schedule on odd days";"Full featured ticket machines amount";"Low functional ticket machines amount";"Ticket machines amount";"RepairOfEscalators";"Object status";"Geodata";"Centroid";"global_id";
"system_object_id";"Дата подписания";"Наименование";"Номер входа/выхода";"На территории Москвы";"Административный округ";"Район";"Долгота в WGS-84";"Широта в WGS-84";"Тип вестибюля";"Станция метрополитена";"Линия";"Статус объекта культурного наследия";"Режим работы по чётным дням";"Режим работы по нечётным дням";"Количество полнофункциональных БПА (все типы билетов)";"Количество малофункциональных БПА (билеты на 1 и 2 поездки)";"Общее количество БПА";"Ремонт эскалаторов";"Статус объекта";"Геоданные";"Центроид";"global_id";
"";"";"Китай-город, вход-выход 5 в северный вестибюль";"5";"да";"Центральный административный округ";"Басманный район";"37.63176509";"55.75732811";"подземный";"Китай-город";"Калужско-Рижская линия";"не является объектом культурного наследия";"открытие в 05:30:00; закрытие в 01:00:00; первый поезд по 1 пути в 05:44:00, по 2 пути в 05:48:00; последний поезд по 1 пути в 01:35:00, по 2 пути в 01:26:00";"открытие в 05:30:00; закрытие в 01:00:00; первый поезд по 1 пути в 05:43:00, по 2 пути в 05:48:00; последний поезд по 1 пути в 01:35:00, по 2 пути в 01:26:00";"";"";"3";"[{global_id=3120, RepairOfEscalators=27.02.2023-30.05.2023}, {global_id=3733, RepairOfEscalators=23.05.2024-30.07.2024}]";"действует";"[Geometry[type=Point, coordinates=[37.63176509, 55.75732811]]]";"{type=Point, coordinates=[37.63176509, 55.75732811]}";"1773539";
"";"";"Китай-город, вход-выход 4 в северный вестибюль";"4";"да";"Центральный административный округ";"Тверской район";"37.63092407";"55.75673268";"подземный";"Китай-город";"Калужско-Рижская линия";"не является объектом культурного наследия";"открытие в 05:30:00; закрытие в 01:00:00; первый поезд по 1 пути в 05:44:00, по 2 пути в 05:48:00; последний поезд по 1 пути в 01:35:00, по 2 пути в 01:26:00";"открытие в 05:30:00; закрытие в 01:00:00; первый поезд по 1 пути в 05:43:00, по 2 пути в 05:48:00; последний поезд по 1 пути в 01:35:00, по 2 пути в 01:26:00";"";"";"3";"[{global_id=3119, RepairOfEscalators=27.02.2023-30.05.2023}, {global_id=3732, RepairOfEscalators=23.05.2024-30.07.2024}]";"действует";"[Geometry[type=Point, coordinates=[37.63092407, 55.75673268]]]";"{type=Point, coordinates=[37.63092407, 55.75673268]}";"1773540";
"";"";"Китай-город, вход-выход 7 в северный вестибюль";"7";"да";"Центральный административный округ";"Басманный район";"37.63186197";"55.75702717";"подземный";"Китай-город";"Калужско-Рижская линия";"не является объектом культурного наследия";"открытие в 05:30:00; закрытие в 01:00:00; первый поезд по 1 пути в 05:44:00, по 2 пути в 05:48:00; последний поезд по 1 пути в 01:35:00, по 2 пути в 01:26:00";"открытие в 05:30:00; закрытие в 01:00:00; первый поезд по 1 пути в 05:43:00, по 2 пути в 05:48:00; последний поезд по 1 пути в 01:35:00, по 2 пути в 01:26:00";"";"";"3";"[{global_id=3121, RepairOfEscalators=27.02.2023-30.05.2023}, {global_id=3734, RepairOfEscalators=23.05.2024-30.07.2024}]";"действует";"[Geometry[type=Point, coordinates=[37.63186197, 55.75702717]]]";"{type=Point, coordinates=[37.63186197, 55.75702717]}";"1773541";
"";"";"Китай-город, вход-выход 13 в южный вестибюль";"13";"да";"Центральный административный округ";"Тверской район";"37.63320674";"55.75299870";"подземный";"Китай-город";"Калужско-Рижская линия";"не является объектом культурного наследия";"открытие в 05:30:00; закрытие в 01:00:00; первый поезд по 1 пути в 05:44:00, по 2 пути в 05:48:00; последний поезд по 1 пути в 01:35:00, по 2 пути в 01:26:00";"открытие в 05:30:00; закрытие в 01:00:00; первый поезд по 1 пути в 05:43:00, по 2 пути в 05:48:00; последний поезд по 1 пути в 01:35:00, по 2 пути в 01:26:00";"";"";"7";"[{global_id=3727, RepairOfEscalators=01.08.2024-06.09.2024}]";"действует";"[Geometry[type=Point, coordinates=[37.63320674, 55.7529987]]]";"{type=Point, coordinates=[37.63320674, 55.7529987]}";"1773542";
"";"";"Китай-город, вход-выход 12 в южный вестибюль";"12";"да";"Центральный административный округ";"Таганский район";"37.63356616";"55.75307131";"подземный";"Китай-город";"Калужско-Рижская линия";"не является объектом культурного наследия";"открытие в 05:30:00; закрытие в 01:00:00; первый поезд по 1 пути в 05:44:00, по 2 пути в 05:48:00; последний поезд по 1 пути в 01:35:00, по 2 пути в 01:26:00";"открытие в 05:30:00; закрытие в 01:00:00; первый поезд по 1 пути в 05:43:00, по 2 пути в 05:48:00; последний поезд по 1 пути в 01:35:00, по 2 пути в 01:26:00";"";"";"7";"[{global_id=3725, RepairOfEscalators=01.08.2024-06.09.2024}]";"действует";"[Geometry[type=Point, coordinates=[37.63356616, 55.75307131]]]";"{type=Point, coordinates=[37.63356616, 55.75307131]}";"1773543";
"";"";"Китай-город, вход-выход 3 в северный вестибюль";"3";"да";"Центральный административный округ";"Тверской район";"37.63079068";"55.75699088";"подземный";"Китай-город";"Калужско-Рижская линия";"не является объектом культурного наследия";"открытие в 05:30:00; закрытие в 01:00:00; первый поезд по 1 пути в 05:44:00, по 2 пути в 05:48:00; последний поезд по 1 пути в 01:35:00, по 2 пути в 01:26:00";"открытие в 05:30:00; закрытие в 01:00:00; первый поезд по 1 пути в 05:43:00, по 2 пути в 05:48:00; последний поезд по 1 пути в 01:35:00, по 2 пути в 01:26:00";"";"";"3";"[{global_id=3756, RepairOfEscalators=01.08.2024-06.09.2024}]";"временно закрыт";"[Geometry[type=Point, coordinates=[37.63079068, 55.75699088]]]";"{type=Point, coordinates=[37.63079068, 55.75699088]}";"1773544";
"";"";"Китай-город, вход-выход 9 в южный вестибюль";"9";"да";"Центральный административный округ";"Басманный район";"37.63495823";"55.75413168";"подземный";"Китай-город";"Калужско-Рижская линия";"не является объектом культурного наследия";"открытие в 05:30:00; закрытие в 01:00:00; первый поезд по 1 пути в 05:44:00, по 2 пути в 05:48:00; последний поезд по 1 пути в 01:35:00, по 2 пути в 01:26:00";"открытие в 05:30:00; закрытие в 01:00:00; первый поезд по 1 пути в 05:43:00, по 2 пути в 05:48:00; последний поезд по 1 пути в 01:35:00, по 2 пути в 01:26:00";"";"";"7";"[{global_id=3729, RepairOfEscalators=01.08.2024-06.09.2024}]";"действует";"[Geometry[type=Point, coordinates=[37.63495823, 55.75413168]]]";"{type=Point, coordinates=[37.63495823, 55.75413168]}";"1773545";
"";"";"Китай-город, вход-выход 2 в северный вестибюль";"2";"да";"Центральный административный округ";"Тверской район";"37.62946226";"55.75664741";"подземный";"Китай-город";"Калужско-Рижская линия";"не является объектом культурного наследия";"открытие в 05:30:00; закрытие в 01:00:00; первый поезд по 1 пути в 05:44:00, по 2 пути в 05:48:00; последний поезд по 1 пути в 01:35:00, по 2 пути в 01:26:00";"открытие в 05:30:00; закрытие в 01:00:00; первый поезд по 1 пути в 05:43:00, по 2 пути в 05:48:00; последний поезд по 1 пути в 01:35:00, по 2 пути в 01:26:00";"";"";"3";"[{global_id=3117, RepairOfEscalators=27.02.2023-30.05.2023}, {global_id=3730, RepairOfEscalators=23.05.2024-30.07.2024}]";"действует";"[Geometry[type=Point, coordinates=[37.62946226, 55.75664741]]]";"{type=Point, coordinates=[37.62946226, 55.75664741]}";"1773546";
"";"";"Калужская, вход-выход 5 в южный вестибюль";"5";"да";"Юго-Западный административный округ";"район Коньково";"37.53922044";"55.65532695";"подземный";"Калужская";"Калужско-Рижская линия";"не является объектом культурного наследия";"открытие в 05:30:00; закрытие в 01:00:00; первый поезд по 1 пути в 05:45:00, по 2 пути в 05:40:00; последний поезд по 1 пути в 01:15:00, по 2 пути в 01:47:00";"открытие в 05:30:00; закрытие в 01:00:00; первый поезд по 1 пути в 05:51:00, по 2 пути в 05:49:00; последний поезд по 1 пути в 01:15:00, по 2 пути в 01:47:00";"";"";"6";"[{global_id=3870, RepairOfEscalators=09.09.2024-18.12.2024}]";"действует";"[Geometry[type=Point, coordinates=[37.53922044, 55.65532695]]]";"{type=Point, coordinates=[37.53922044, 55.65532695]}";"1773547";
"";"";"Братиславская, вход-выход 5 в северный вестибюль";"5";"да";"Юго-Восточный административный округ";"район Марьино";"37.75269552";"55.66013368";"подземный";"Братиславская";"Люблинско-Дмитровская линия";"не является объектом культурного наследия";"открытие в 05:30:00; закрытие в 01:00:00; первый поезд по 1 пути в 05:51:00, по 2 пути в 05:44:00; последний поезд по 1 пути в 01:59:00, по 2 пути в 01:12:00";"открытие в 05:30:00; закрытие в 01:00:00; первый поезд по 1 пути в 05:50:00, по 2 пути в 05:43:00; последний поезд по 1 пути в 01:59:00, по 2 пути в 01:12:00";"";"";"5";"[]";"действует";"[Geometry[type=Point, coordinates=[37.75269552, 55.66013368]]]";"{type=Point, coordinates=[37.75269552, 55.66013368]}";"1773548";
"";"";"Братиславская, вход-выход 4 в северный вестибюль";"4";"да";"Юго-Восточный административный округ";"район Марьино";"37.75175674";"55.66003361";"подземный";"Братиславская";"Люблинско-Дмитровская линия";"не является объектом культурного наследия";"открытие в 05:30:00; закрытие в 01:00:00; первый поезд по 1 пути в 05:51:00, по 2 пути в 05:44:00; последний поезд по 1 пути в 01:59:00, по 2 пути в 01:12:00";"открытие в 05:30:00; закрытие в 01:00:00; первый поезд по 1 пути в 05:50:00, по 2 пути в 05:43:00; последний поезд по 1 пути в 01:59:00, по 2 пути в 01:12:00";"";"";"5";"[]";"действует";"[Geometry[type=Point, coordinates=[37.75175674, 55.66003361]]]";"{type=Point, coordinates=[37.75175674, 55.66003361]}";"1773549";
"";"";"Бульвар адмирала Ушакова, вход-выход 1 в вестибюль";"1";"да";"Юго-Западный административный округ";"район Южное Бутово";"37.54165112";"55.54501919";"наземный отдельностоящий";"Бульвар адмирала Ушакова";"Бутовская линия";"не является объектом культурного наследия";"открытие в 05:30:00; закрытие в 01:00:00; первый поезд по 1 пути в 05:57:00, по 2 пути в 05:48:00; последний поезд по 1 пути в 01:08:00, по 2 пути в 01:19:00";"открытие в 05:30:00; закрытие в 01:00:00; первый поезд по 1 пути в 05:57:00, по 2 пути в 05:48:00; последний поезд по 1 пути в 01:08:00, по 2 пути в 01:19:00";"";"";"3";"[]";"действует";"[Geometry[type=Point, coordinates=[37.54165112, 55.54501919]]]";"{type=Point, coordinates=[37.54165112, 55.54501919]}";"1773550";
"";"";"Бульвар Дмитрия Донского, вход-выход 7 в северный вестибюль";"7";"да";"Юго-Западный административный округ";"район Северное Бутово";"37.57638492";"55.57027257";"подземный";"Бульвар Дмитрия Донского";"Серпуховско-Тимирязевская линия";"не является объектом культурного наследия";"открытие в 05:30:00; закрытие в 01:00:00; первый поезд по 1 пути в 05:42:00; последний поезд по 1 пути в 01:03:00";"открытие в 05:30:00; закрытие в 01:00:00; первый поезд по 1 пути в 06:03:00; последний поезд по 1 пути в 01:03:00";"";"";"6";"[]";"действует";"[Geometry[type=Point, coordinates=[37.57638492, 55.57027257]]]";"{type=Point, coordinates=[37.57638492, 55.57027257]}";"1773551";
"";"";"Бульвар Дмитрия Донского, вход-выход 6 в северный вестибюль";"6";"да";"Юго-Западный административный округ";"район Северное Бутово";"37.57706620";"55.57009628";"подземный";"Бульвар Дмитрия Донского";"Серпуховско-Тимирязевская линия";"не является объектом культурного наследия";"открытие в 05:30:00; закрытие в 01:00:00; первый поезд по 1 пути в 05:42:00; последний поезд по 1 пути в 01:03:00";"открытие в 05:30:00; закрытие в 01:00:00; первый поезд по 1 пути в 06:03:00; последний поезд по 1 пути в 01:03:00";"";"";"6";"[]";"действует";"[Geometry[type=Point, coordinates=[37.5770662, 55.57009628]]]";"{type=Point, coordinates=[37.5770662, 55.57009628]}";"1773552";
"";"";"Бунинская аллея, вход-выход 1 в вестибюль";"1";"да";"Юго-Западный административный округ";"район Южное Бутово";"37.51502684";"55.53771224";"наземный отдельностоящий";"Бунинская аллея";"Бутовская линия";"объект культурного наследия регионального значения";"открытие в 05:30:00; закрытие в 01:00:00; первый поезд по 1 пути в 05:57:00; последний поезд по 1 пути в 01:03:00";"открытие в 05:30:00; закрытие в 01:00:00; первый поезд по 1 пути в 05:57:00; последний поезд по 1 пути в 01:03:00";"";"";"4";"[{global_id=3609, RepairOfEscalators=10.03.2024-15.04.2024}]";"действует";"[Geometry[type=Point, coordinates=[37.51502684, 55.53771224]]]";"{type=Point, coordinates=[37.51502684, 55.53771224]}";"1773553";
"";"";"Варшавская, вход-выход 1 в вестибюль 2";"1";"да";"Южный административный округ";"Нагорный район";"37.61799526";"55.65310984";"подземный";"Варшавская";"Большая кольцевая линия";"не является объектом культурного наследия";"открытие в 05:25:00; закрытие в 01:00:00; первый поезд по 1 пути в 05:32:00, по 2 пути в 05:48:00; последний поезд по 1 пути в 01:05:00, по 2 пути в 01:05:00";"открытие в 05:25:00; закрытие в 01:00:00; первый поезд по 1 пути в 05:32:00, по 2 пути в 05:48:00; последний поезд по 1 пути в 01:03:00, по 2 пути в 01:07:00";"";"";"7";"[{global_id=2752, RepairOfEscalators=26.10.2019-30.11.2022}, {global_id=3934, RepairOfEscalators=03.06.2024-29.11.2024}]";"действует";"[Geometry[type=Point, coordinates=[37.61799526, 55.65310984]]]";"{type=Point, coordinates=[37.61799526, 55.65310984]}";"1773554";
"";"";"Варшавская, вход-выход 3 в вестибюль 1";"3";"да";"Южный административный округ";"Нагорный район";"37.62064528";"55.65318567";"подземный";"Варшавская";"Большая кольцевая линия";"не является объектом культурного наследия";"открытие в 05:25:00; закрытие в 01:00:00; первый поезд по 1 пути в 05:32:00, по 2 пути в 05:48:00; последний поезд по 1 пути в 01:05:00, по 2 пути в 01:05:00";"открытие в 05:25:00; закрытие в 01:00:00; первый поезд по 1 пути в 05:32:00, по 2 пути в 05:48:00; последний поезд по 1 пути в 01:03:00, по 2 пути в 01:07:00";"";"";"5";"[{global_id=2750, RepairOfEscalators=26.10.2019-30.11.2022}, {global_id=3636, RepairOfEscalators=08.04.2024-31.05.2024}, {global_id=3840, RepairOfEscalators=29.07.2024-30.08.2024}]";"действует";"[Geometry[type=Point, coordinates=[37.62064528, 55.65318567]]]";"{type=Point, coordinates=[37.62064528, 55.65318567]}";"1773555";
"";"";"Калужская, вход-выход 1 в южный вестибюль";"1";"да";"Юго-Западный административный округ";"район Черёмушки";"37.54023432";"55.65628478";"подземный";"Калужская";"Калужско-Рижская линия";"не является объектом культурного наследия";"открытие в 05:30:00; закрытие в 01:00:00; первый поезд по 1 пути в 05:45:00, по 2 пути в 05:40:00; последний поезд по 1 пути в 01:15:00, по 2 пути в 01:47:00";"открытие в 05:30:00; закрытие в 01:00:00; первый поезд по 1 пути в 05:51:00, по 2 пути в 05:49:00; последний поезд по 1 пути в 01:15:00, по 2 пути в 01:47:00";"";"";"6";"[{global_id=3866, RepairOfEscalators=09.09.2024-18.12.2024}]";"действует";"[Geometry[type=Point, coordinates=[37.54023432, 55.65628478]]]";"{type=Point, coordinates=[37.54023432, 55.65628478]}";"1773556";
"";"";"Калужская, вход-выход 10 в северный вестибюль";"10";"да";"Юго-Западный административный округ";"Обручевский район";"37.54105779";"55.65818462";"подземный";"Калужская";"Калужско-Рижская линия";"не является объектом культурного наследия";"открытие в 05:30:00; закрытие в 01:00:00; первый поезд по 1 пути в 05:45:00, по 2 пути в 05:40:00; последний поезд по 1 пути в 01:15:00, по 2 пути в 01:47:00";"открытие в 05:30:00; закрытие в 01:00:00; первый поезд по 1 пути в 05:51:00, по 2 пути в 05:49:00; последний поезд по 1 пути в 01:15:00, по 2 пути в 01:47:00";"";"";"3";"[]";"действует";"[Geometry[type=Point, coordinates=[37.54105779, 55.65818462]]]";"{type=Point, coordinates=[37.54105779, 55.65818462]}";"1773557";
"";"";"Кантемировская, вход-выход 3 в южный вестибюль";"3";"да";"Южный административный округ";"район Царицыно";"37.65711852";"55.63460757";"подземный";"Кантемировская";"Замоскворецкая линия";"не является объектом культурного наследия";"открытие в 05:30:00; закрытие в 01:00:00; первый поезд по 1 пути в 05:41:00, по 2 пути в 05:55:00; последний поезд по 1 пути в 01:19:00, по 2 пути в 01:51:00";"открытие в 05:30:00; закрытие в 01:00:00; первый поезд по 1 пути в 05:41:00, по 2 пути в 05:55:00; последний поезд по 1 пути в 01:19:00, по 2 пути в 01:51:00";"";"";"4";"[]";"действует";"[Geometry[type=Point, coordinates=[37.65711852, 55.63460757]]]";"{type=Point, coordinates=[37.65711852, 55.63460757]}";"1773558";
"";"";"Кантемировская, вход-выход 1 в южный вестибюль";"1";"да";"Южный административный округ";"район Царицыно";"37.65756913";"55.63509859";"подземный";"Кантемировская";"Замоскворецкая линия";"не является объектом культурного наследия";"открытие в 05:30:00; закрытие в 01:00:00; первый поезд по 1 пути в 05:41:00, по 2 пути в 05:55:00; последний поезд по 1 пути в 01:19:00, по 2 пути в 01:51:00";"открытие в 05:30:00; закрытие в 01:00:00; первый поезд по 1 пути в 05:41:00, по 2 пути в 05:55:00; последний поезд по 1 пути в 01:19:00, по 2 пути в 01:51:00";"";"";"4";"[]";"действует";"[Geometry[type=Point, coordinates=[37.65756913, 55.63509859]]]";"{type=Point, coordinates=[37.65756913, 55.63509859]}";"1773559";
"";"";"Кантемировская, вход-выход 5 в северный вестибюль";"5";"да";"Южный административный округ";"район Царицыно";"37.65525170";"55.63672866";"подземный";"Кантемировская";"Замоскворецкая линия";"не является объектом культурного наследия";"открытие в 05:30:00; закрытие в 01:00:00; первый поезд по 1 пути в 05:41:00, по 2 пути в 05:55:00; последний поезд по 1 пути в 01:19:00, по 2 пути в 01:51:00";"открытие в 05:30:00; закрытие в 01:00:00; первый поезд по 1 пути в 05:41:00, по 2 пути в 05:55:00; последний поезд по 1 пути в 01:19:00, по 2 пути в 01:51:00";"";"";"4";"[]";"временно закрыт";"[Geometry[type=Point, coordinates=[37.6552517, 55.63672866]]]";"{type=Point, coordinates=[37.6552517, 55.63672866]}";"1773560";
"";"";"Калужская, вход-выход 8 в северный вестибюль";"8";"да";"Юго-Западный административный округ";"район Черёмушки";"37.54168543";"55.65763266";"подземный";"Калужская";"Калужско-Рижская линия";"не является объектом культурного наследия";"открытие в 05:30:00; закрытие в 01:00:00; первый поезд по 1 пути в 05:45:00, по 2 пути в 05:40:00; последний поезд по 1 пути в 01:15:00, по 2 пути в 01:47:00";"открытие в 05:30:00; закрытие в 01:00:00; первый поезд по 1 пути в 05:51:00, по 2 пути в 05:49:00; последний поезд по 1 пути в 01:15:00, по 2 пути в 01:47:00";"";"";"3";"[]";"действует";"[Geometry[type=Point, coordinates=[37.54168543, 55.65763266]]]";"{type=Point, coordinates=[37.54168543, 55.65763266]}";"1773562";
"";"";"Кантемировская, вход-выход 6 в северный вестибюль";"6";"да";"Южный административный округ";"район Царицыно";"37.65607246";"55.63694410";"подземный";"Кантемировская";"Замоскворецкая линия";"не является объектом культурного наследия";"открытие в 05:30:00; закрытие в 01:00:00; первый поезд по 1 пути в 05:41:00, по 2 пути в 05:55:00; последний поезд по 1 пути в 01:19:00, по 2 пути в 01:51:00";"открытие в 05:30:00; закрытие в 01:00:00; первый поезд по 1 пути в 05:41:00, по 2 пути в 05:55:00; последний поезд по 1 пути в 01:19:00, по 2 пути в 01:51:00";"";"";"4";"[]";"действует";"[Geometry[type=Point, coordinates=[37.65607246, 55.6369441]]]";"{type=Point, coordinates=[37.65607246, 55.6369441]}";"1773563";
"";"";"Братиславская, вход-выход 6 в северный вестибюль";"6";"да";"Юго-Восточный административный округ";"район Марьино";"37.75307639";"55.65982796";"подземный";"Братиславская";"Люблинско-Дмитровская линия";"не является объектом культурного наследия";"открытие в 05:30:00; закрытие в 01:00:00; первый поезд по 1 пути в 05:51:00, по 2 пути в 05:44:00; последний поезд по 1 пути в 01:59:00, по 2 пути в 01:12:00";"открытие в 05:30:00; закрытие в 01:00:00; первый поезд по 1 пути в 05:50:00, по 2 пути в 05:43:00; последний поезд по 1 пути в 01:59:00, по 2 пути в 01:12:00";"";"";"5";"[]";"действует";"[Geometry[type=Point, coordinates=[37.75307639, 55.65982796]]]";"{type=Point, coordinates=[37.75307639, 55.65982796]}";"1773564";
"";"";"Беговая, вход-выход 1 во 2-й вестибюль";"1";"да";"Северный административный округ";"Хорошёвский район";"37.54446783";"55.77341410";"подземный";"Беговая";"Таганско-Краснопресненская линия";"не является объектом культурного наследия";"открытие в 05:30:00; закрытие в 01:00:00; первый поезд по 1 пути в 06:00:00, по 2 пути в 06:05:00; последний поезд по 1 пути в 01:22:00, по 2 пути в 01:44:00";"открытие в 05:30:00; закрытие в 01:00:00; первый поезд по 1 пути в 05:59:00, по 2 пути в 06:05:00; последний поезд по 1 пути в 01:22:00, по 2 пути в 01:44:00";"";"";"3";"[]";"действует";"[Geometry[type=Point, coordinates=[37.54446783, 55.7734141]]]";"{type=Point, coordinates=[37.54446783, 55.7734141]}";"1773565";
"";"";"Беговая, вход-выход 2 во 2-й вестибюль";"2";"да";"Северный административный округ";"Хорошёвский район";"37.54453757";"55.77403397";"подземный";"Беговая";"Таганско-Краснопресненская линия";"не является объектом культурного наследия";"открытие в 05:30:00; закрытие в 01:00:00; первый поезд по 1 пути в 06:00:00, по 2 пути в 06:05:00; последний поезд по 1 пути в 01:22:00, по 2 пути в 01:44:00";"открытие в 05:30:00; закрытие в 01:00:00; первый поезд по 1 пути в 05:59:00, по 2 пути в 06:05:00; последний поезд по 1 пути в 01:22:00, по 2 пути в 01:44:00";"";"";"3";"[]";"действует";"[Geometry[type=Point, coordinates=[37.54453757, 55.77403397]]]";"{type=Point, coordinates=[37.54453757, 55.77403397]}";"1773566";
"";"";"Беговая, вход-выход 5 в 1-й вестибюль";"5";"да";"Северный административный округ";"Хорошёвский район";"37.54863800";"55.77329557";"подземный";"Беговая";"Таганско-Краснопресненская линия";"не является объектом культурного наследия";"открытие в 05:30:00; закрытие в 01:00:00; первый поезд по 1 пути в 06:00:00, по 2 пути в 06:05:00; последний поезд по 1 пути в 01:22:00, по 2 пути в 01:44:00";"открытие в 05:30:00; закрытие в 01:00:00; первый поезд по 1 пути в 05:59:00, по 2 пути в 06:05:00; последний поезд по 1 пути в 01:22:00, по 2 пути в 01:44:00";"";"";"5";"[]";"действует";"[Geometry[type=Point, coordinates=[37.548638, 55.77329557]]]";"{type=Point, coordinates=[37.548638, 55.77329557]}";"1773567";
"";"";"Беговая, вход-выход 3 в 1-й вестибюль";"3";"да";"Северный административный округ";"Хорошёвский район";"37.54923982";"55.77437472";"подземный";"Беговая";"Таганско-Краснопресненская линия";"не является объектом культурного наследия";"открытие в 05:30:00; закрытие в 01:00:00; первый поезд по 1 пути в 06:00:00, по 2 пути в 06:05:00; последний поезд по 1 пути в 01:22:00, по 2 пути в 01:44:00";"открытие в 05:30:00; закрытие в 01:00:00; первый поезд по 1 пути в 05:59:00, по 2 пути в 06:05:00; последний поезд по 1 пути в 01:22:00, по 2 пути в 01:44:00";"";"";"5";"[]";"действует";"[Geometry[type=Point, coordinates=[37.54923982, 55.77437472]]]";"{type=Point, coordinates=[37.54923982, 55.77437472]}";"1773568";
"";"";"Белорусская, вход-выход 1 в западный вестибюль";"1";"да";"Центральный административный округ";"Тверской район";"37.58271687";"55.77538368";"наземный, встроенный в здание";"Белорусская";"Кольцевая линия";"объект культурного наследия регионального значения";"открытие в 05:25:00, закрытие в 01:00:00, первый поезд по 1 пути в 05:33:00, по 2 пути в 05:54:00, последний поезд по 1 пути в 01:20:00, по 2 пути в 01:25:00";"открытие в 05:25:00, закрытие в 01:00:00, первый поезд по 1 пути в 05:33:00, по 2 пути в 05:53:00, последний поезд по 1 пути в 01:25:00, по 2 пути в 01:15:00";"";"";"5";"[{global_id=2865, RepairOfEscalators=06.06.2022-08.06.2022}, {global_id=3634, RepairOfEscalators=04.04.2024-19.04.2024}, {global_id=3749, RepairOfEscalators=25.06.2024-20.12.2024}]";"действует";"[Geometry[type=Point, coordinates=[37.58271687, 55.77538368]]]";"{type=Point, coordinates=[37.58271687, 55.77538368]}";"1773569";
"";"";"Белорусская, вход 6 в вестибюль";"6";"да";"Центральный административный округ";"Тверской район";"37.58218133";"55.77726212";"наземный, встроенный в здание";"Белорусская";"Замоскворецкая линия";"выявленный объект культурного наследия";"открытие в 05:30:00, закрытие в 01:00:00, первый поезд по 1 пути в 05:51:00, по 2 пути в 05:37:00, последний поезд по 1 пути в 01:46:00, по 2 пути в 01:23:00";"открытие в 05:30:00, закрытие в 01:00:00, первый поезд по 1 пути в 05:51:00, по 2 пути в 05:37:00, последний поезд по 1 пути в 01:46:00, по 2 пути в 01:23:00";"";"";"4";"[{global_id=3085, RepairOfEscalators=29.03.2023-31.05.2023}]";"действует";"[Geometry[type=Point, coordinates=[37.58218133, 55.77726212]]]";"{type=Point, coordinates=[37.58218133, 55.77726212]}";"1773570";
"";"";"Белорусская, вход-выход 2 в восточный вестибюль";"2";"да";"Центральный административный округ";"Тверской район";"37.58570378";"55.77748948";"подземный";"Белорусская";"Кольцевая линия";"объект культурного наследия регионального значения";"открытие в 05:25:00, закрытие в 01:00:00, первый поезд по 1 пути в 05:33:00, по 2 пути в 05:54:00, последний поезд по 1 пути в 01:20:00, по 2 пути в 01:25:00";"открытие в 05:25:00, закрытие в 01:00:00, первый поезд по 1 пути в 05:33:00, по 2 пути в 05:53:00, последний поезд по 1 пути в 01:25:00, по 2 пути в 01:15:00";"";"";"3";"[{global_id=3409, RepairOfEscalators=11.10.2023-31.01.2024}]";"действует";"[Geometry[type=Point, coordinates=[37.58570378, 55.77748948]]]";"{type=Point, coordinates=[37.58570378, 55.77748948]}";"1773571";
"";"";"Беляево, вход-выход 1 в южный вестибюль";"1";"да";"Юго-Западный административный округ";"район Коньково";"37.52538305";"55.64186175";"подземный";"Беляево";"Калужско-Рижская линия";"не является объектом культурного наследия";"открытие в 05:30:00; закрытие в 01:00:00; первый поезд по 1 пути в 05:42:00, по 2 пути в 05:43:00; последний поезд по 1 пути в 01:12:00, по 2 пути в 01:49:00";"открытие в 05:30:00; закрытие в 01:00:00; первый поезд по 1 пути в 05:52:00, по 2 пути в 05:52:00; последний поезд по 1 пути в 01:12:00, по 2 пути в 01:49:00";"";"";"3";"[]";"действует";"[Geometry[type=Point, coordinates=[37.52538305, 55.64186175]]]";"{type=Point, coordinates=[37.52538305, 55.64186175]}";"1773572";
"";"";"Беляево, вход-выход 4 в южный вестибюль";"4";"да";"Юго-Западный административный округ";"район Коньково";"37.52585512";"55.64147340";"подземный";"Беляево";"Калужско-Рижская линия";"не является объектом культурного наследия";"открытие в 05:30:00; закрытие в 01:00:00; первый поезд по 1 пути в 05:42:00, по 2 пути в 05:43:00; последний поезд по 1 пути в 01:12:00, по 2 пути в 01:49:00";"открытие в 05:30:00; закрытие в 01:00:00; первый поезд по 1 пути в 05:52:00, по 2 пути в 05:52:00; последний поезд по 1 пути в 01:12:00, по 2 пути в 01:49:00";"";"";"3";"[]";"действует";"[Geometry[type=Point, coordinates=[37.52585512, 55.6414734]]]";"{type=Point, coordinates=[37.52585512, 55.6414734]}";"1773573";
"";"";"Беляево, вход-выход 5 в северный вестибюль";"5";"да";"Юго-Западный административный округ";"район Коньково";"37.52675980";"55.64383467";"подземный";"Беляево";"Калужско-Рижская линия";"не является объектом культурного наследия";"открытие в 05:30:00; закрытие в 01:00:00; первый поезд по 1 пути в 05:42:00, по 2 пути в 05:43:00; последний поезд по 1 пути в 01:12:00, по 2 пути в 01:49:00";"открытие в 05:30:00; закрытие в 01:00:00; первый поезд по 1 пути в 05:52:00, по 2 пути в 05:52:00; последний поезд по 1 пути в 01:12:00, по 2 пути в 01:49:00";"";"";"3";"[{global_id=3312, RepairOfEscalators=04.08.2023-11.08.2023}]";"действует";"[Geometry[type=Point, coordinates=[37.5267598, 55.64383467]]]";"{type=Point, coordinates=[37.5267598, 55.64383467]}";"1773574";
"";"";"Киевская, вход-выход 6 из вестибюля к пригородным поездам";"6";"да";"Западный административный округ";"район Дорогомилово";"37.56475262";"55.74291338";"наземный, встроенный в здание";"Киевская";"Арбатско-Покровская линия";"выявленный объект культурного наследия";"открытие в 05:30:00; закрытие в 01:00:00; первый поезд по 1 пути в 05:43:00, по 2 пути в 05:42:00; последний поезд по 1 пути в 01:32:00, по 2 пути в 01:38:00";"открытие в 05:30:00; закрытие в 01:00:00; первый поезд по 1 пути в 05:42:00, по 2 пути в 05:40:00; последний поезд по 1 пути в 01:32:00, по 2 пути в 01:38:00";"";"";"5";"[{global_id=2877, RepairOfEscalators=09.06.2022-15.06.2022}, {global_id=3252, RepairOfEscalators=27.06.2023-31.08.2023}, {global_id=3374, RepairOfEscalators=11.09.2023-29.09.2023}, {global_id=3553, RepairOfEscalators=15.01.2024-22.01.2024}, {global_id=3622, RepairOfEscalators=23.03.2024-20.05.2024}, {global_id=3859, RepairOfEscalators=09.09.2024-27.12.2024}]";"действует";"[Geometry[type=Point, coordinates=[37.56475262, 55.74291338]]]";"{type=Point, coordinates=[37.56475262, 55.74291338]}";"1773577";
"";"";"Киевская, вход-выход 3 в вестибюль";"3";"да";"Западный административный округ";"район Дорогомилово";"37.56718836";"55.74382148";"подземный";"Киевская";"Кольцевая линия";"объект культурного наследия регионального значения";"открытие в 05:30:00; закрытие в 01:00:00; первый поезд по 1 пути в 05:56:00, по 2 пути в 05:48:00; последний поезд по 1 пути в 01:37:00, по 2 пути в 01:21:00";"открытие в 05:30:00; закрытие в 01:00:00; первый поезд по 1 пути в 05:47:00, по 2 пути в 05:44:00; последний поезд по 1 пути в 01:29:00, по 2 пути в 01:20:00";"";"";"13";"[{global_id=3028, RepairOfEscalators=13.12.2022-28.04.2023}, {global_id=3737, RepairOfEscalators=30.05.2024-28.06.2024}, {global_id=4092, RepairOfEscalators=15.05.2025-15.07.2025}]";"действует";"[Geometry[type=Point, coordinates=[37.56718836, 55.74382148]]]";"{type=Point, coordinates=[37.56718836, 55.74382148]}";"1773579";
"";"";"Киевская, вход-выход 4 в вестибюль";"4";"да";"Западный административный округ";"район Дорогомилово";"37.56758533";"55.74371255";"подземный";"Киевская";"Кольцевая линия";"объект культурного наследия регионального значения";"открытие в 05:30:00; закрытие в 01:00:00; первый поезд по 1 пути в 05:56:00, по 2 пути в 05:48:00; последний поезд по 1 пути в 01:37:00, по 2 пути в 01:21:00";"открытие в 05:30:00; закрытие в 01:00:00; первый поезд по 1 пути в 05:47:00, по 2 пути в 05:44:00; последний поезд по 1 пути в 01:29:00, по 2 пути в 01:20:00";"";"";"13";"[{global_id=3029, RepairOfEscalators=13.12.2022-28.04.2023}, {global_id=3738, RepairOfEscalators=30.05.2024-28.06.2024}, {global_id=4093, RepairOfEscalators=15.05.2025-15.07.2025}]";"действует";"[Geometry[type=Point, coordinates=[37.56758533, 55.74371255]]]";"{type=Point, coordinates=[37.56758533, 55.74371255]}";"1773580";
"";"";"Китай-город, вход-выход 1 в северный вестибюль";"1";"да";"Центральный административный округ";"Тверской район";"37.63003839";"55.75622934";"подземный";"Китай-город";"Таганско-Краснопресненская линия";"не является объектом культурного наследия";"открытие в 05:30:00; закрытие в 01:00:00; первый поезд по 1 пути в 05:49:00, по 2 пути в 05:56:00; последний поезд по 1 пути в 01:32:00, по 2 пути в 01:33:00";"открытие в 05:30:00; закрытие в 01:00:00; первый поезд по 1 пути в 05:45:00, по 2 пути в 05:54:00; последний поезд по 1 пути в 01:32:00, по 2 пути в 01:33:00";"";"";"3";"[{global_id=3116, RepairOfEscalators=01.03.2023-24.04.2023}, {global_id=3754, RepairOfEscalators=23.05.2024-30.07.2024}]";"действует";"[Geometry[type=Point, coordinates=[37.63003839, 55.75622934]]]";"{type=Point, coordinates=[37.63003839, 55.75622934]}";"1773581";
"";"";"Китай-город, вход-выход 4 в северный вестибюль (А)";"4";"да";"Центральный административный округ";"Тверской район";"37.63122392";"55.75685855";"подземный";"Китай-город";"Таганско-Краснопресненская линия";"не является объектом культурного наследия";"открытие в 05:30:00; закрытие в 01:00:00; первый поезд по 1 пути в 05:49:00, по 2 пути в 05:56:00; последний поезд по 1 пути в 01:32:00, по 2 пути в 01:33:00";"открытие в 05:30:00; закрытие в 01:00:00; первый поезд по 1 пути в 05:45:00, по 2 пути в 05:54:00; последний поезд по 1 пути в 01:32:00, по 2 пути в 01:33:00";"";"";"3";"[{global_id=3118, RepairOfEscalators=27.02.2023-30.05.2023}, {global_id=3731, RepairOfEscalators=23.05.2024-30.07.2024}]";"действует";"[Geometry[type=Point, coordinates=[37.63122392, 55.75685855]]]";"{type=Point, coordinates=[37.63122392, 55.75685855]}";"1773582";
"";"";"Калужская, вход-выход 6 в южный вестибюль";"6";"да";"Юго-Западный административный округ";"район Коньково";"37.53840505";"55.65562114";"подземный";"Калужская";"Калужско-Рижская линия";"не является объектом культурного наследия";"открытие в 05:30:00; закрытие в 01:00:00; первый поезд по 1 пути в 05:45:00, по 2 пути в 05:40:00; последний поезд по 1 пути в 01:15:00, по 2 пути в 01:47:00";"открытие в 05:30:00; закрытие в 01:00:00; первый поезд по 1 пути в 05:51:00, по 2 пути в 05:49:00; последний поезд по 1 пути в 01:15:00, по 2 пути в 01:47:00";"";"";"6";"[{global_id=3871, RepairOfEscalators=09.09.2024-18.12.2024}]";"действует";"[Geometry[type=Point, coordinates=[37.53840505, 55.65562114]]]";"{type=Point, coordinates=[37.53840505, 55.65562114]}";"1773583";
"";"";"Калужская, вход-выход 3 в южный вестибюль";"3";"да";"Юго-Западный административный округ";"Обручевский район";"37.53941893";"55.65658806";"подземный";"Калужская";"Калужско-Рижская линия";"не является объектом культурного наследия";"открытие в 05:30:00; закрытие в 01:00:00; первый поезд по 1 пути в 05:45:00, по 2 пути в 05:40:00; последний поезд по 1 пути в 01:15:00, по 2 пути в 01:47:00";"открытие в 05:30:00; закрытие в 01:00:00; первый поезд по 1 пути в 05:51:00, по 2 пути в 05:49:00; последний поезд по 1 пути в 01:15:00, по 2 пути в 01:47:00";"";"";"6";"[{global_id=3868, RepairOfEscalators=09.09.2024-18.12.2024}]";"действует";"[Geometry[type=Point, coordinates=[37.53941893, 55.65658806]]]";"{type=Point, coordinates=[37.53941893, 55.65658806]}";"1773584";
"";"";"Водный стадион, вход-выход 2 в южный вестибюль";"2";"да";"Северный административный округ";"Войковский район";"37.48741308";"55.83913999";"наземный отдельностоящий";"Водный стадион";"Замоскворецкая линия";"не является объектом культурного наследия";"открытие в 05:30:00; закрытие в 01:00:00; первый поезд по 1 пути в 06:00:00, по 2 пути в 05:43:00; последний поезд по 1 пути в 01:59:00, по 2 пути в 01:10:00";"открытие в 05:30:00; закрытие в 01:00:00; первый поезд по 1 пути в 06:00:00, по 2 пути в 05:43:00; последний поезд по 1 пути в 01:59:00, по 2 пути в 01:10:00";"";"";"3";"[{global_id=3384, RepairOfEscalators=02.10.2023-07.10.2023}]";"действует";"[Geometry[type=Point, coordinates=[37.48741308, 55.83913999]]]";"{type=Point, coordinates=[37.48741308, 55.83913999]}";"1773592";
"";"";"Войковская, вход-выход 3 в северный вестибюль";"3";"да";"Северный административный округ";"Войковский район";"37.49661570";"55.81988256";"подземный";"Войковская";"Замоскворецкая линия";"не является объектом культурного наследия";"открытие в 05:30:00; закрытие в 01:00:00; первый поезд по 1 пути в 05:57:00, по 2 пути в 05:46:00; последний поезд по 1 пути в 01:56:00, по 2 пути в 01:13:00";"открытие в 05:30:00; закрытие в 01:00:00; первый поезд по 1 пути в 05:57:00, по 2 пути в 05:46:00; последний поезд по 1 пути в 01:56:00, по 2 пути в 01:13:00";"";"";"3";"[]";"действует";"[Geometry[type=Point, coordinates=[37.4966157, 55.81988256]]]";"{type=Point, coordinates=[37.4966157, 55.81988256]}";"1773593";
"";"";"Войковская, вход-выход 1 в северный вестибюль";"1";"да";"Северный административный округ";"Войковский район";"37.49790316";"55.82008434";"подземный";"Войковская";"Замоскворецкая линия";"не является объектом культурного наследия";"открытие в 05:30:00; закрытие в 01:00:00; первый поезд по 1 пути в 05:57:00, по 2 пути в 05:46:00; последний поезд по 1 пути в 01:56:00, по 2 пути в 01:13:00";"открытие в 05:30:00; закрытие в 01:00:00; первый поезд по 1 пути в 05:57:00, по 2 пути в 05:46:00; последний поезд по 1 пути в 01:56:00, по 2 пути в 01:13:00";"";"";"3";"[]";"действует";"[Geometry[type=Point, coordinates=[37.49790316, 55.82008434]]]";"{type=Point, coordinates=[37.49790316, 55.82008434]}";"1773594";
"";"";"Владыкино, вход-выход 1 в северный вестибюль";"1";"да";"Северо-Восточный административный округ";"район Отрадное";"37.59047727";"55.84839268";"наземный отдельностоящий";"Владыкино";"Серпуховско-Тимирязевская линия";"не является объектом культурного наследия";"открытие в 05:20:00; закрытие в 01:00:00; первый поезд по 1 пути в 06:10:00, по 2 пути в 05:29:00; последний поезд по 1 пути в 01:52:00, по 2 пути в 01:11:00";"открытие в 05:20:00; закрытие в 01:00:00; первый поезд по 1 пути в 06:10:00, по 2 пути в 05:29:00; последний поезд по 1 пути в 01:52:00, по 2 пути в 01:11:00";"";"";"4";"[{global_id=3519, RepairOfEscalators=24.10.2023-31.12.2023}, {global_id=3521, RepairOfEscalators=23.01.2023-14.03.2024}, {global_id=3629, RepairOfEscalators=08.04.2024-31.07.2024}]";"действует";"[Geometry[type=Point, coordinates=[37.59047727, 55.84839268]]]";"{type=Point, coordinates=[37.59047727, 55.84839268]}";"1773595";
"";"";"Водный стадион, вход-выход 1 в северный вестибюль";"1";"да";"Северный административный округ";"Головинский район";"37.48629632";"55.84057845";"наземный отдельностоящий";"Водный стадион";"Замоскворецкая линия";"не является объектом культурного наследия";"открытие в 05:30:00; закрытие в 01:00:00; первый поезд по 1 пути в 06:00:00, по 2 пути в 05:43:00; последний поезд по 1 пути в 01:59:00, по 2 пути в 01:10:00";"открытие в 05:30:00; закрытие в 01:00:00; первый поезд по 1 пути в 06:00:00, по 2 пути в 05:43:00; последний поезд по 1 пути в 01:59:00, по 2 пути в 01:10:00";"";"";"3";"[{global_id=3383, RepairOfEscalators=02.10.2023-07.10.2023}]";"действует";"[Geometry[type=Point, coordinates=[37.48629632, 55.84057845]]]";"{type=Point, coordinates=[37.48629632, 55.84057845]}";"1773596";
"";"";"Войковская, вход-выход 5 в южный вестибюль";"5";"да";"Северный административный округ";"Войковский район";"37.49798349";"55.81816793";"подземный";"Войковская";"Замоскворецкая линия";"не является объектом культурного наследия";"открытие в 05:30:00; закрытие в 01:00:00; первый поезд по 1 пути в 05:57:00, по 2 пути в 05:46:00; последний поезд по 1 пути в 01:56:00, по 2 пути в 01:13:00";"открытие в 05:30:00; закрытие в 01:00:00; первый поезд по 1 пути в 05:57:00, по 2 пути в 05:46:00; последний поезд по 1 пути в 01:56:00, по 2 пути в 01:13:00";"";"";"2";"[]";"действует";"[Geometry[type=Point, coordinates=[37.49798349, 55.81816793]]]";"{type=Point, coordinates=[37.49798349, 55.81816793]}";"1773597";
"";"";"Войковская, вход-выход 6 в южный вестибюль";"6";"да";"Северный административный округ";"Войковский район";"37.49902955";"55.81843428";"подземный";"Войковская";"Замоскворецкая линия";"не является объектом культурного наследия";"открытие в 05:30:00; закрытие в 01:00:00; первый поезд по 1 пути в 05:57:00, по 2 пути в 05:46:00; последний поезд по 1 пути в 01:56:00, по 2 пути в 01:13:00";"открытие в 05:30:00; закрытие в 01:00:00; первый поезд по 1 пути в 05:57:00, по 2 пути в 05:46:00; последний поезд по 1 пути в 01:56:00, по 2 пути в 01:13:00";"";"";"2";"[]";"действует";"[Geometry[type=Point, coordinates=[37.49902955, 55.81843428]]]";"{type=Point, coordinates=[37.49902955, 55.81843428]}";"1773598";
"";"";"Войковская, вход-выход 7 в южный вестибюль";"7";"да";"Северный административный округ";"Войковский район";"37.49954453";"55.81776435";"подземный";"Войковская";"Замоскворецкая линия";"не является объектом культурного наследия";"открытие в 05:30:00; закрытие в 01:00:00; первый поезд по 1 пути в 05:57:00, по 2 пути в 05:46:00; последний поезд по 1 пути в 01:56:00, по 2 пути в 01:13:00";"открытие в 05:30:00; закрытие в 01:00:00; первый поезд по 1 пути в 05:57:00, по 2 пути в 05:46:00; последний поезд по 1 пути в 01:56:00, по 2 пути в 01:13:00";"";"";"2";"[]";"действует";"[Geometry[type=Point, coordinates=[37.49954453, 55.81776435]]]";"{type=Point, coordinates=[37.49954453, 55.81776435]}";"1773599";
"";"";"Волгоградский проспект, вход-выход 4 в западный вестибюль";"4";"да";"Юго-Восточный административный округ";"Южнопортовый район";"37.68499577";"55.72567202";"подземный";"Волгоградский проспект";"Таганско-Краснопресненская линия";"не является объектом культурного наследия";"открытие в 05:30:00; закрытие в 01:00:00; первый поезд по 1 пути в 05:57:00, по 2 пути в 05:46:00; последний поезд по 1 пути в 01:39:00, по 2 пути в 01:25:00";"открытие в 05:30:00; закрытие в 01:00:00; первый поезд по 1 пути в 05:53:00, по 2 пути в 05:46:00; последний поезд по 1 пути в 01:39:00, по 2 пути в 01:25:00";"";"";"3";"[]";"действует";"[Geometry[type=Point, coordinates=[37.68499577, 55.72567202]]]";"{type=Point, coordinates=[37.68499577, 55.72567202]}";"1773600";
"";"";"Волжская, вход-выход 2 в южный вестибюль";"2";"да";"Юго-Восточный административный округ";"район Кузьминки";"37.75632435";"55.69065639";"подземный";"Волжская";"Люблинско-Дмитровская линия";"не является объектом культурного наследия";"открытие в 05:30:00; закрытие в 01:00:00; первый поезд по 1 пути в 05:50:00, по 2 пути в 05:42:00; последний поезд по 1 пути в 01:53:00, по 2 пути в 01:18:00";"открытие в 05:30:00; закрытие в 01:00:00; первый поезд по 1 пути в 05:51:00, по 2 пути в 05:43:00; последний поезд по 1 пути в 01:53:00, по 2 пути в 01:18:00";"";"";"4";"[]";"действует";"[Geometry[type=Point, coordinates=[37.75632435, 55.69065639]]]";"{type=Point, coordinates=[37.75632435, 55.69065639]}";"1773601";
"";"";"Волоколамская, вход-выход 1 в северный вестибюль";"1";"да";"Северо-Западный административный округ";"район Митино";"37.38144795";"55.83642084";"наземный отдельностоящий";"Волоколамская";"Арбатско-Покровская линия";"не является объектом культурного наследия";"открытие в 05:30:00; закрытие в 01:00:00; первый поезд по 1 пути в 05:59:00, по 2 пути в 05:43:00; последний поезд по 1 пути в 02:02:00, по 2 пути в 01:08:00";"открытие в 05:30:00; закрытие в 01:00:00; первый поезд по 1 пути в 05:56:00, по 2 пути в 05:43:00; последний поезд по 1 пути в 02:02:00, по 2 пути в 01:08:00";"";"";"2";"[{global_id=3329, RepairOfEscalators=23.08.2023-10.10.2023}, {global_id=3389, RepairOfEscalators=11.10.2023-08.12.2023}]";"действует";"[Geometry[type=Point, coordinates=[37.38144795, 55.83642084]]]";"{type=Point, coordinates=[37.38144795, 55.83642084]}";"1773602";
"";"";"Волоколамская, вход-выход 2 в южный вестибюль";"2";"да";"Северо-Западный административный округ";"район Митино";"37.38336305";"55.83464658";"наземный отдельностоящий";"Волоколамская";"Арбатско-Покровская линия";"не является объектом культурного наследия";"открытие в 05:30:00; закрытие в 01:00:00; первый поезд по 1 пути в 05:59:00, по 2 пути в 05:43:00; последний поезд по 1 пути в 02:02:00, по 2 пути в 01:08:00";"открытие в 05:30:00; закрытие в 01:00:00; первый поезд по 1 пути в 05:56:00, по 2 пути в 05:43:00; последний поезд по 1 пути в 02:02:00, по 2 пути в 01:08:00";"";"";"3";"[{global_id=3164, RepairOfEscalators=12.05.2023-29.06.2023}, {global_id=3243, RepairOfEscalators=04.07.2023-22.08.2023}]";"действует";"[Geometry[type=Point, coordinates=[37.38336305, 55.83464658]]]";"{type=Point, coordinates=[37.38336305, 55.83464658]}";"1773603";
"";"";"Воробьёвы горы, вход-выход 1 в южный вестибюль";"1";"да";"Западный административный округ";"район Раменки";"37.55763566";"55.70932337";"наземный отдельностоящий";"Воробьёвы горы";"Сокольническая линия";"не является объектом культурного наследия";"открытие в 05:30:00; закрытие в 01:00:00; первый поезд по 1 пути в 05:53:00, по 2 пути в 05:44:00; последний поезд по 1 пути в 01:35:00, по 2 пути в 01:36:00";"открытие в 05:30:00; закрытие в 01:00:00; первый поезд по 1 пути в 05:52:00, по 2 пути в 05:44:00; последний поезд по 1 пути в 01:35:00, по 2 пути в 01:36:00";"";"";"9";"[]";"действует";"[Geometry[type=Point, coordinates=[37.55763566, 55.70932337]]]";"{type=Point, coordinates=[37.55763566, 55.70932337]}";"1773604";
"";"";"Воробьёвы горы, вход-выход 4 в северный вестибюль";"4";"да";"Центральный административный округ";"район Хамовники";"37.56140345";"55.71164435";"наземный отдельностоящий";"Воробьёвы горы";"Сокольническая линия";"не является объектом культурного наследия";"открытие в 05:30:00; закрытие в 01:00:00; первый поезд по 1 пути в 05:53:00, по 2 пути в 05:44:00; последний поезд по 1 пути в 01:35:00, по 2 пути в 01:36:00";"открытие в 05:30:00; закрытие в 01:00:00; первый поезд по 1 пути в 05:52:00, по 2 пути в 05:44:00; последний поезд по 1 пути в 01:35:00, по 2 пути в 01:36:00";"";"";"1";"[{global_id=3141, RepairOfEscalators=03.03.2023-04.03.2023}, {global_id=3689, RepairOfEscalators=15.04.2024-08.05.2024}]";"действует";"[Geometry[type=Point, coordinates=[37.56140345, 55.71164435]]]";"{type=Point, coordinates=[37.56140345, 55.71164435]}";"1773605";
"";"";"Воробьёвы горы, вход-выход 3 в северный вестибюль";"3";"да";"Центральный административный округ";"район Хамовники";"37.56096893";"55.71183155";"наземный отдельностоящий";"Воробьёвы горы";"Сокольническая линия";"не является объектом культурного наследия";"открытие в 05:30:00; закрытие в 01:00:00; первый поезд по 1 пути в 05:53:00, по 2 пути в 05:44:00; последний поезд по 1 пути в 01:35:00, по 2 пути в 01:36:00";"открытие в 05:30:00; закрытие в 01:00:00; первый поезд по 1 пути в 05:52:00, по 2 пути в 05:44:00; последний поезд по 1 пути в 01:35:00, по 2 пути в 01:36:00";"";"";"1";"[{global_id=3142, RepairOfEscalators=03.03.2023-04.03.2023}, {global_id=3688, RepairOfEscalators=15.04.2024-08.05.2024}]";"действует";"[Geometry[type=Point, coordinates=[37.56096893, 55.71183155]]]";"{type=Point, coordinates=[37.56096893, 55.71183155]}";"1773606";
"";"";"Воробьёвы горы, вход-выход 2 в южный вестибюль";"2";"да";"Юго-Западный административный округ";"Гагаринский район";"37.55719578";"55.70879694";"наземный отдельностоящий";"Воробьёвы горы";"Сокольническая линия";"не является объектом культурного наследия";"открытие в 05:30:00; закрытие в 01:00:00; первый поезд по 1 пути в 05:53:00, по 2 пути в 05:44:00; последний поезд по 1 пути в 01:35:00, по 2 пути в 01:36:00";"открытие в 05:30:00; закрытие в 01:00:00; первый поезд по 1 пути в 05:52:00, по 2 пути в 05:44:00; последний поезд по 1 пути в 01:35:00, по 2 пути в 01:36:00";"";"";"9";"[]";"действует";"[Geometry[type=Point, coordinates=[37.55719578, 55.70879694]]]";"{type=Point, coordinates=[37.55719578, 55.70879694]}";"1773607";
"";"";"Выхино, вход-выход 1 в вестибюль";"1";"да";"Восточный административный округ";"район Вешняки";"37.81902166";"55.71574531";"наземный отдельностоящий";"Выхино";"Таганско-Краснопресненская линия";"не является объектом культурного наследия";"открытие в 05:25:00; закрытие в 01:00:00; первый поезд по 1 пути в 05:56:00, по 2 пути в 05:32:00; последний поезд по 1 пути в 01:53:00, по 2 пути в 01:12:00";"открытие в 05:25:00; закрытие в 01:00:00; первый поезд по 1 пути в 05:56:00, по 2 пути в 05:32:00; последний поезд по 1 пути в 01:53:00, по 2 пути в 01:12:00";"";"";"11";"[]";"действует";"[Geometry[type=Point, coordinates=[37.81902166, 55.71574531]]]";"{type=Point, coordinates=[37.81902166, 55.71574531]}";"1773610";
"";"";"Выхино, вход-выход 4 в вестибюль";"4";"да";"Восточный административный округ";"район Вешняки";"37.81747671";"55.71639032";"наземный отдельностоящий";"Выхино";"Таганско-Краснопресненская линия";"не является объектом культурного наследия";"открытие в 05:25:00; закрытие в 01:00:00; первый поезд по 1 пути в 05:56:00, по 2 пути в 05:32:00; последний поезд по 1 пути в 01:53:00, по 2 пути в 01:12:00";"открытие в 05:25:00; закрытие в 01:00:00; первый поезд по 1 пути в 05:56:00, по 2 пути в 05:32:00; последний поезд по 1 пути в 01:53:00, по 2 пути в 01:12:00";"";"";"4";"[]";"действует";"[Geometry[type=Point, coordinates=[37.81747671, 55.71639032]]]";"{type=Point, coordinates=[37.81747671, 55.71639032]}";"1773611";
"";"";"Динамо, вход-выход 1 в северный вестибюль";"1";"да";"Северный административный округ";"район Аэропорт";"37.55648577";"55.79052974";"подземный";"Динамо";"Замоскворецкая линия";"выявленный объект культурного наследия";"открытие в 05:25:00; закрытие в 01:00:00; первый поезд по 1 пути в 05:54:00, по 2 пути в 05:34:00; последний поезд по 1 пути в 01:49:00, по 2 пути в 01:21:00";"открытие в 05:25:00; закрытие в 01:00:00; первый поезд по 1 пути в 05:54:00, по 2 пути в 05:34:00; последний поезд по 1 пути в 01:49:00, по 2 пути в 01:21:00";"";"";"4";"[{global_id=3087, RepairOfEscalators=06.02.2023-22.02.2023}, {global_id=3229, RepairOfEscalators=28.06.2023-04.07.2023}, {global_id=3905, RepairOfEscalators=14.10.2024-12.11.2024}]";"действует";"[Geometry[type=Point, coordinates=[37.55648577, 55.79052974]]]";"{type=Point, coordinates=[37.55648577, 55.79052974]}";"1773613";
"";"";"Динамо, вход-выход 2 в южный вестибюль";"2";"да";"Северный административный округ";"район Аэропорт";"37.55998856";"55.78898359";"подземный";"Динамо";"Замоскворецкая линия";"выявленный объект культурного наследия";"открытие в 05:25:00; закрытие в 01:00:00; первый поезд по 1 пути в 05:54:00, по 2 пути в 05:34:00; последний поезд по 1 пути в 01:49:00, по 2 пути в 01:21:00";"открытие в 05:25:00; закрытие в 01:00:00; первый поезд по 1 пути в 05:54:00, по 2 пути в 05:34:00; последний поезд по 1 пути в 01:49:00, по 2 пути в 01:21:00";"";"";"4";"[{global_id=3067, RepairOfEscalators=24.10.2022-30.12.2022}, {global_id=3253, RepairOfEscalators=03.07.2023-30.08.2023}, {global_id=3332, RepairOfEscalators=04.09.2023-31.10.2023}]";"действует";"[Geometry[type=Point, coordinates=[37.55998856, 55.78898359]]]";"{type=Point, coordinates=[37.55998856, 55.78898359]}";"1773614";
"";"";"Дмитровская, вход-выход 2 в вестибюль";"2";"да";"Северный административный округ";"Савёловский район";"37.58023414";"55.80788557";"подземный";"Дмитровская";"Серпуховско-Тимирязевская линия";"не является объектом культурного наследия";"открытие в 05:30:00; закрытие в 01:00:00; первый поезд по 1 пути в 06:02:00, по 2 пути в 05:37:00; последний поезд по 1 пути в 01:44:00, по 2 пути в 01:18:00";"открытие в 05:30:00; закрытие в 01:00:00; первый поезд по 1 пути в 06:02:00, по 2 пути в 05:37:00; последний поезд по 1 пути в 01:44:00, по 2 пути в 01:18:00";"";"";"7";"[{global_id=3073, RepairOfEscalators=20.07.2022-28.04.2023}]";"действует";"[Geometry[type=Point, coordinates=[37.58023414, 55.80788557]]]";"{type=Point, coordinates=[37.58023414, 55.80788557]}";"1773615";
"";"";"Дмитровская, вход-выход 3 в вестибюль";"3";"да";"Северо-Восточный административный округ";"Бутырский район";"37.58137676";"55.80809704";"подземный";"Дмитровская";"Серпуховско-Тимирязевская линия";"не является объектом культурного наследия";"открытие в 05:30:00; закрытие в 01:00:00; первый поезд по 1 пути в 06:02:00, по 2 пути в 05:37:00; последний поезд по 1 пути в 01:44:00, по 2 пути в 01:18:00";"открытие в 05:30:00; закрытие в 01:00:00; первый поезд по 1 пути в 06:02:00, по 2 пути в 05:37:00; последний поезд по 1 пути в 01:44:00, по 2 пути в 01:18:00";"";"";"7";"[{global_id=3074, RepairOfEscalators=20.07.2022-28.04.2023}]";"действует";"[Geometry[type=Point, coordinates=[37.58137676, 55.80809704]]]";"{type=Point, coordinates=[37.58137676, 55.80809704]}";"1773616";
"";"";"Добрынинская, вход-выход 1 в вестибюль";"1";"да";"Центральный административный округ";"район Замоскворечье";"37.62282827";"55.72899503";"наземный отдельностоящий";"Добрынинская";"Кольцевая линия";"выявленный объект культурного наследия";"открытие в 05:30:00; закрытие в 01:00:00; первый поезд по 1 пути в 05:52:00, по 2 пути в 05:45:00; последний поезд по 1 пути в 01:36:00, по 2 пути в 01:22:00";"открытие в 05:30:00; закрытие в 01:00:00; первый поезд по 1 пути в 05:54:00, по 2 пути в 05:44:00; последний поезд по 1 пути в 01:41:00, по 2 пути в 01:21:00";"";"";"5";"[]";"действует";"[Geometry[type=Point, coordinates=[37.62282827, 55.72899503]]]";"{type=Point, coordinates=[37.62282827, 55.72899503]}";"1773617";
"";"";"Домодедовская, вход-выход 7 в северный вестибюль";"7";"да";"Южный административный округ";"район Орехово-Борисово Северное";"37.71640240";"55.61090192";"подземный";"Домодедовская";"Замоскворецкая линия";"не является объектом культурного наследия";"открытие в 05:25:00; закрытие в 01:00:00; первый поезд по 1 пути в 05:32:00, по 2 пути в 05:59:00; последний поезд по 1 пути в 01:10:00, по 2 пути в 01:59:00";"открытие в 05:25:00; закрытие в 01:00:00; первый поезд по 1 пути в 05:32:00, по 2 пути в 05:59:00; последний поезд по 1 пути в 01:10:00, по 2 пути в 01:59:00";"";"";"7";"[{global_id=3794, RepairOfEscalators=22.07.2024-30.08.2024}, {global_id=3888, RepairOfEscalators=16.09.2024-24.10.2024}, {global_id=3957, RepairOfEscalators=26.11.2024-28.12.2024}]";"действует";"[Geometry[type=Point, coordinates=[37.7164024, 55.61090192]]]";"{type=Point, coordinates=[37.7164024, 55.61090192]}";"1773618";
"";"";"Беляево, вход-выход 8 в северный вестибюль";"8";"да";"Юго-Западный административный округ";"район Коньково";"37.52722114";"55.64344027";"подземный";"Беляево";"Калужско-Рижская линия";"не является объектом культурного наследия";"открытие в 05:30:00; закрытие в 01:00:00; первый поезд по 1 пути в 05:42:00, по 2 пути в 05:43:00; последний поезд по 1 пути в 01:12:00, по 2 пути в 01:49:00";"открытие в 05:30:00; закрытие в 01:00:00; первый поезд по 1 пути в 05:52:00, по 2 пути в 05:52:00; последний поезд по 1 пути в 01:12:00, по 2 пути в 01:49:00";"";"";"3";"[{global_id=3315, RepairOfEscalators=04.08.2023-11.08.2023}]";"действует";"[Geometry[type=Point, coordinates=[37.52722114, 55.64344027]]]";"{type=Point, coordinates=[37.52722114, 55.64344027]}";"1773619";
"";"";"Бибирево, вход-выход 6 в южный вестибюль";"6";"да";"Северо-Восточный административный округ";"район Бибирево";"37.60471688";"55.88410859";"подземный";"Бибирево";"Серпуховско-Тимирязевская линия";"не является объектом культурного наследия";"открытие в 05:30:00; закрытие в 01:00:00; первый поезд по 1 пути в 06:02:00, по 2 пути в 05:52:00; последний поезд по 1 пути в 01:57:00, по 2 пути в 01:05:00";"открытие в 05:30:00; закрытие в 01:00:00; первый поезд по 1 пути в 05:55:00, по 2 пути в 05:43:00; последний поезд по 1 пути в 01:57:00, по 2 пути в 01:05:00";"";"";"4";"[{global_id=2994, RepairOfEscalators=05.09.2022-25.11.2022}, {global_id=3337, RepairOfEscalators=14.08.2023-07.09.2023}]";"действует";"[Geometry[type=Point, coordinates=[37.60471688, 55.88410859]]]";"{type=Point, coordinates=[37.60471688, 55.88410859]}";"1773620";
"";"";"Бибирево, вход-выход 1 в северный вестибюль";"1";"да";"Северо-Восточный административный округ";"район Бибирево";"37.60164876";"55.88422050";"подземный";"Бибирево";"Серпуховско-Тимирязевская линия";"не является объектом культурного наследия";"открытие в 05:30:00; закрытие в 01:00:00; первый поезд по 1 пути в 06:02:00, по 2 пути в 05:52:00; последний поезд по 1 пути в 01:57:00, по 2 пути в 01:05:00";"открытие в 05:30:00; закрытие в 01:00:00; первый поезд по 1 пути в 05:55:00, по 2 пути в 05:43:00; последний поезд по 1 пути в 01:57:00, по 2 пути в 01:05:00";"";"";"3";"[]";"действует";"[Geometry[type=Point, coordinates=[37.60164876, 55.8842205]]]";"{type=Point, coordinates=[37.60164876, 55.8842205]}";"1773621";
"";"";"Бибирево, вход-выход 4 в южный вестибюль";"4";"да";"Северо-Восточный административный округ";"район Бибирево";"37.60537939";"55.88362259";"подземный";"Бибирево";"Серпуховско-Тимирязевская линия";"не является объектом культурного наследия";"открытие в 05:30:00; закрытие в 01:00:00; первый поезд по 1 пути в 06:02:00, по 2 пути в 05:52:00; последний поезд по 1 пути в 01:57:00, по 2 пути в 01:05:00";"открытие в 05:30:00; закрытие в 01:00:00; первый поезд по 1 пути в 05:55:00, по 2 пути в 05:43:00; последний поезд по 1 пути в 01:57:00, по 2 пути в 01:05:00";"";"";"4";"[{global_id=2995, RepairOfEscalators=05.09.2022-25.11.2022}, {global_id=3335, RepairOfEscalators=14.08.2023-07.09.2023}]";"действует";"[Geometry[type=Point, coordinates=[37.60537939, 55.88362259]]]";"{type=Point, coordinates=[37.60537939, 55.88362259]}";"1773622";
"";"";"Александровский сад, вход-выход 6 в западный вестибюль";"6";"да";"Центральный административный округ";"район Арбат";"37.60905279";"55.75226513";"подземный";"Александровский сад";"Филёвская линия";"выявленный объект культурного наследия";"открытие в 05:30:00; закрытие в 01:00:00; первый поезд по 2 пути в сторону станции метро «Кунцевская» в 05:44:00, в сторону станции «Международная» по 1 пути в 05:56:00; последний поезд по 2 пути в сторону станции метро «Кунцевская» в 01:03:00, в сторону станции «Международная» по 1 пути в 01:07:00";"открытие в 05:30:00; закрытие в 01:00:00; первый поезд по 2 пути в сторону станции метро «Кунцевская» в 05:53:30, в сторону станции «Международная» по 1 пути в 05:56:00; последний поезд по 2 пути в сторону станции метро «Кунцевская» в 01:03:00, в сторону станции «Международная» по 1 пути в 01:08:00";"";"";"1";"[]";"действует";"[Geometry[type=Point, coordinates=[37.60905279, 55.75226513]]]";"{type=Point, coordinates=[37.60905279, 55.75226513]}";"1773623";
"";"";"Борисово, вход-выход 1 в южный вестибюль";"1";"да";"Южный административный округ";"район Братеево";"37.74346662";"55.63232443";"подземный";"Борисово";"Люблинско-Дмитровская линия";"не является объектом культурного наследия";"открытие в 05:30:00; закрытие в 01:00:00; первый поезд по 1 пути в 05:49:00, по 2 пути в 05:49:00; последний поезд по 1 пути в 02:04:00, по 2 пути в 01:07:00";"открытие в 05:30:00; закрытие в 01:00:00; первый поезд по 1 пути в 05:44:00, по 2 пути в 05:44:00; последний поезд по 1 пути в 02:04:00, по 2 пути в 01:07:00";"";"";"4";"[{global_id=3360, RepairOfEscalators=18.09.2023-12.10.2023}, {global_id=3520, RepairOfEscalators=29.11.2023-31.01.2024}, {global_id=3922, RepairOfEscalators=31.10.2024-27.12.2024}]";"действует";"[Geometry[type=Point, coordinates=[37.74346662, 55.63232443]]]";"{type=Point, coordinates=[37.74346662, 55.63232443]}";"1773624";
"";"";"Борисово, вход-выход 2 в северный вестибюль";"2";"да";"Южный административный округ";"район Братеево";"37.74455512";"55.63411641";"подземный";"Борисово";"Люблинско-Дмитровская линия";"не является объектом культурного наследия";"открытие в 05:30:00; закрытие в 01:00:00; первый поезд по 1 пути в 05:49:00, по 2 пути в 05:49:00; последний поезд по 1 пути в 02:04:00, по 2 пути в 01:07:00";"открытие в 05:30:00; закрытие в 01:00:00; первый поезд по 1 пути в 05:44:00, по 2 пути в 05:44:00; последний поезд по 1 пути в 02:04:00, по 2 пути в 01:07:00";"";"";"3";"[{global_id=3467, RepairOfEscalators=29.11.2023-31.12.2023}, {global_id=4027, RepairOfEscalators=03.03.2025-29.04.2025}]";"действует";"[Geometry[type=Point, coordinates=[37.74455512, 55.63411641]]]";"{type=Point, coordinates=[37.74455512, 55.63411641]}";"1773625";
"";"";"Ботанический сад, вход-выход 1 в южный вестибюль";"1";"да";"Северо-Восточный административный округ";"район Ростокино";"37.63755349";"55.84380015";"подземный";"Ботанический сад";"Калужско-Рижская линия";"не является объектом культурного наследия";"открытие в 05:25:00; закрытие в 01:00:00; первый поезд по 1 пути в 06:01:00, по 2 пути в 05:31:00; последний поезд по 1 пути в 01:52:00, по 2 пути в 01:10:00";"открытие в 05:25:00; закрытие в 01:00:00; первый поезд по 1 пути в 06:00:00, по 2 пути в 05:31:00; последний поезд по 1 пути в 01:52:00, по 2 пути в 01:10:00";"";"";"2";"[]";"действует";"[Geometry[type=Point, coordinates=[37.63755349, 55.84380015]]]";"{type=Point, coordinates=[37.63755349, 55.84380015]}";"1773626";
"";"";"Варшавская, вход-выход 2 в вестибюль 2";"2";"да";"Южный административный округ";"Нагорный район";"37.62064528";"55.65318567";"подземный";"Варшавская";"Большая кольцевая линия";"не является объектом культурного наследия";"открытие в 05:25:00; закрытие в 01:00:00; первый поезд по 1 пути в 05:32:00, по 2 пути в 05:48:00; последний поезд по 1 пути в 01:05:00, по 2 пути в 01:05:00";"открытие в 05:25:00; закрытие в 01:00:00; первый поезд по 1 пути в 05:32:00, по 2 пути в 05:48:00; последний поезд по 1 пути в 01:03:00, по 2 пути в 01:07:00";"";"";"7";"[{global_id=2753, RepairOfEscalators=26.10.2019-30.11.2022}, {global_id=3721, RepairOfEscalators=03.06.2024-29.11.2024}]";"действует";"[Geometry[type=Point, coordinates=[37.62064528, 55.65318567]]]";"{type=Point, coordinates=[37.62064528, 55.65318567]}";"1773627";
"";"";"ВДНХ, вход-выход 1 в северный вестибюль";"1";"да";"Северо-Восточный административный округ";"Останкинский район";"37.64162152";"55.82244971";"наземный отдельностоящий";"ВДНХ";"Калужско-Рижская линия";"выявленный объект культурного наследия";"открытие в 05:25:00; закрытие в 01:00:00; первый поезд по 1 пути в 05:57:00, по 2 пути в 05:35:00; последний поезд по 1 пути в 01:49:00, по 2 пути в 01:14:00";"открытие в 05:25:00; закрытие в 01:00:00; первый поезд по 1 пути в 05:56:00, по 2 пути в 05:35:00; последний поезд по 1 пути в 01:49:00, по 2 пути в 01:14:00";"";"";"5";"[]";"действует";"[Geometry[type=Point, coordinates=[37.64162152, 55.82244971]]]";"{type=Point, coordinates=[37.64162152, 55.82244971]}";"1773629";
"";"";"ВДНХ, вход-выход 5 в южный вестибюль";"5";"да";"Северо-Восточный административный округ";"Алексеевский район";"37.64069347";"55.81962711";"подземный";"ВДНХ";"Калужско-Рижская линия";"выявленный объект культурного наследия";"открытие в 05:25:00; закрытие в 01:00:00; первый поезд по 1 пути в 05:57:00, по 2 пути в 05:35:00; последний поезд по 1 пути в 01:49:00, по 2 пути в 01:14:00";"открытие в 05:25:00; закрытие в 01:00:00; первый поезд по 1 пути в 05:56:00, по 2 пути в 05:35:00; последний поезд по 1 пути в 01:49:00, по 2 пути в 01:14:00";"";"";"6";"[{global_id=3291, RepairOfEscalators=11.08.2023-29.12.2023}, {global_id=3551, RepairOfEscalators=11.08.2023-31.01.2024}, {global_id=3580, RepairOfEscalators=12.03.2024-27.04.2024}, {global_id=3714, RepairOfEscalators=14.05.2024-31.07.2024}, {global_id=3766, RepairOfEscalators=17.07.2024-29.11.2024}, {global_id=3970, RepairOfEscalators=14.01.2025-29.04.2025}, {global_id=4101, RepairOfEscalators=16.09.2025-17.10.2025}]";"действует";"[Geometry[type=Point, coordinates=[37.64069347, 55.81962711]]]";"{type=Point, coordinates=[37.64069347, 55.81962711]}";"1773630";
"";"";"ВДНХ, вход-выход 2 в южный вестибюль";"2";"да";"Северо-Восточный административный округ";"Останкинский район";"37.63961523";"55.81996839";"подземный";"ВДНХ";"Калужско-Рижская линия";"выявленный объект культурного наследия";"открытие в 05:25:00; закрытие в 01:00:00; первый поезд по 1 пути в 05:57:00, по 2 пути в 05:35:00; последний поезд по 1 пути в 01:49:00, по 2 пути в 01:14:00";"открытие в 05:25:00; закрытие в 01:00:00; первый поезд по 1 пути в 05:56:00, по 2 пути в 05:35:00; последний поезд по 1 пути в 01:49:00, по 2 пути в 01:14:00";"";"";"6";"[{global_id=3288, RepairOfEscalators=11.08.2023-29.12.2023}, {global_id=3548, RepairOfEscalators=11.08.2023-31.01.2024}, {global_id=3577, RepairOfEscalators=12.03.2024-27.04.2024}, {global_id=3711, RepairOfEscalators=14.05.2024-31.07.2024}, {global_id=3763, RepairOfEscalators=17.07.2024-29.11.2024}, {global_id=3967, RepairOfEscalators=14.01.2025-29.04.2025}, {global_id=4098, RepairOfEscalators=16.09.2025-17.10.2025}]";"действует";"[Geometry[type=Point, coordinates=[37.63961523, 55.81996839]]]";"{type=Point, coordinates=[37.63961523, 55.81996839]}";"1773631";
"";"";"Ботанический сад, вход-выход 2 в северный вестибюль";"2";"да";"Северо-Восточный административный округ";"район Свиблово";"37.63839034";"55.84594305";"подземный";"Ботанический сад";"Калужско-Рижская линия";"не является объектом культурного наследия";"открытие в 05:25:00; закрытие в 01:00:00; первый поезд по 1 пути в 06:01:00, по 2 пути в 05:31:00; последний поезд по 1 пути в 01:52:00, по 2 пути в 01:10:00";"открытие в 05:25:00; закрытие в 01:00:00; первый поезд по 1 пути в 06:00:00, по 2 пути в 05:31:00; последний поезд по 1 пути в 01:52:00, по 2 пути в 01:10:00";"";"";"4";"[]";"действует";"[Geometry[type=Point, coordinates=[37.63839034, 55.84594305]]]";"{type=Point, coordinates=[37.63839034, 55.84594305]}";"1773633";
"";"";"Ботанический сад, вход-выход 4 в северный вестибюль";"4";"да";"Северо-Восточный административный округ";"район Свиблово";"37.63881949";"55.84633597";"наземный отдельностоящий";"Ботанический сад";"Калужско-Рижская линия";"не является объектом культурного наследия";"открытие в 05:25:00; закрытие в 01:00:00; первый поезд по 1 пути в 06:01:00, по 2 пути в 05:31:00; последний поезд по 1 пути в 01:52:00, по 2 пути в 01:10:00";"открытие в 05:25:00; закрытие в 01:00:00; первый поезд по 1 пути в 06:00:00, по 2 пути в 05:31:00; последний поезд по 1 пути в 01:52:00, по 2 пути в 01:10:00";"";"";"4";"[]";"действует";"[Geometry[type=Point, coordinates=[37.63881949, 55.84633597]]]";"{type=Point, coordinates=[37.63881949, 55.84633597]}";"1773634";
"";"";"ВДНХ, вход-выход 3 в южный вестибюль";"3";"да";"Северо-Восточный административный округ";"Останкинский район";"37.63995318";"55.82028";"подземный";"ВДНХ";"Калужско-Рижская линия";"выявленный объект культурного наследия";"открытие в 05:25:00; закрытие в 01:00:00; первый поезд по 1 пути в 05:57:00, по 2 пути в 05:35:00; последний поезд по 1 пути в 01:49:00, по 2 пути в 01:14:00";"открытие в 05:25:00; закрытие в 01:00:00; первый поезд по 1 пути в 05:56:00, по 2 пути в 05:35:00; последний поезд по 1 пути в 01:49:00, по 2 пути в 01:14:00";"";"";"6";"[{global_id=3289, RepairOfEscalators=11.08.2023-29.12.2023}, {global_id=3549, RepairOfEscalators=11.08.2023-31.01.2024}, {global_id=3578, RepairOfEscalators=12.03.2024-27.04.2024}, {global_id=3712, RepairOfEscalators=14.05.2024-31.07.2024}, {global_id=3764, RepairOfEscalators=17.07.2024-29.11.2024}, {global_id=3968, RepairOfEscalators=14.01.2025-29.04.2025}, {global_id=4099, RepairOfEscalators=16.09.2025-17.10.2025}]";"действует";"[Geometry[type=Point, coordinates=[37.63995318, 55.82028]]]";"{type=Point, coordinates=[37.63995318, 55.82028]}";"1773635";
"";"";"Волгоградский проспект, вход-выход 2 в восточный вестибюль";"2";"да";"Юго-Восточный административный округ";"Южнопортовый район";"37.68775752";"55.72457084";"подземный";"Волгоградский проспект";"Таганско-Краснопресненская линия";"не является объектом культурного наследия";"открытие в 05:30:00; закрытие в 01:00:00; первый поезд по 1 пути в 05:57:00, по 2 пути в 05:46:00; последний поезд по 1 пути в 01:39:00, по 2 пути в 01:25:00";"открытие в 05:30:00; закрытие в 01:00:00; первый поезд по 1 пути в 05:53:00, по 2 пути в 05:46:00; последний поезд по 1 пути в 01:39:00, по 2 пути в 01:25:00";"";"";"3";"[]";"действует";"[Geometry[type=Point, coordinates=[37.68775752, 55.72457084]]]";"{type=Point, coordinates=[37.68775752, 55.72457084]}";"1773637";
"";"";"Волжская, вход-выход 4 в северный вестибюль";"4";"да";"Юго-Восточный административный округ";"район Текстильщики";"37.75089306";"55.69125874";"подземный";"Волжская";"Люблинско-Дмитровская линия";"не является объектом культурного наследия";"открытие в 05:30:00; закрытие в 01:00:00; первый поезд по 1 пути в 05:50:00, по 2 пути в 05:42:00; последний поезд по 1 пути в 01:53:00, по 2 пути в 01:18:00";"открытие в 05:30:00; закрытие в 01:00:00; первый поезд по 1 пути в 05:51:00, по 2 пути в 05:43:00; последний поезд по 1 пути в 01:53:00, по 2 пути в 01:18:00";"";"";"2";"[]";"действует";"[Geometry[type=Point, coordinates=[37.75089306, 55.69125874]]]";"{type=Point, coordinates=[37.75089306, 55.69125874]}";"1773638";
"";"";"Домодедовская, вход-выход 13 в северный вестибюль";"13";"да";"Южный административный округ";"район Орехово-Борисово Южное";"37.71812706";"55.61029768";"подземный";"Домодедовская";"Замоскворецкая линия";"не является объектом культурного наследия";"открытие в 05:25:00; закрытие в 01:00:00; первый поезд по 1 пути в 05:32:00, по 2 пути в 05:59:00; последний поезд по 1 пути в 01:10:00, по 2 пути в 01:59:00";"открытие в 05:25:00; закрытие в 01:00:00; первый поезд по 1 пути в 05:32:00, по 2 пути в 05:59:00; последний поезд по 1 пути в 01:10:00, по 2 пути в 01:59:00";"";"";"7";"[{global_id=3790, RepairOfEscalators=22.07.2024-30.08.2024}, {global_id=3884, RepairOfEscalators=16.09.2024-24.10.2024}, {global_id=3953, RepairOfEscalators=26.11.2024-28.12.2024}]";"действует";"[Geometry[type=Point, coordinates=[37.71812706, 55.61029768]]]";"{type=Point, coordinates=[37.71812706, 55.61029768]}";"1773639";
"";"";"ВДНХ, вход-выход 4 в южный вестибюль";"4";"да";"Северо-Восточный административный округ";"Алексеевский район";"37.641058";"55.819972";"подземный";"ВДНХ";"Калужско-Рижская линия";"выявленный объект культурного наследия";"открытие в 05:25:00; закрытие в 01:00:00; первый поезд по 1 пути в 05:57:00, по 2 пути в 05:35:00; последний поезд по 1 пути в 01:49:00, по 2 пути в 01:14:00";"открытие в 05:25:00; закрытие в 01:00:00; первый поезд по 1 пути в 05:56:00, по 2 пути в 05:35:00; последний поезд по 1 пути в 01:49:00, по 2 пути в 01:14:00";"";"";"6";"[{global_id=3290, RepairOfEscalators=11.08.2023-29.12.2023}, {global_id=3550, RepairOfEscalators=11.08.2023-31.01.2024}, {global_id=3579, RepairOfEscalators=12.03.2024-27.04.2024}, {global_id=3713, RepairOfEscalators=14.05.2024-31.07.2024}, {global_id=3765, RepairOfEscalators=17.07.2024-29.11.2024}, {global_id=3969, RepairOfEscalators=14.01.2025-29.04.2025}, {global_id=4100, RepairOfEscalators=16.09.2025-17.10.2025}]";"действует";"[Geometry[type=Point, coordinates=[37.641058, 55.819972]]]";"{type=Point, coordinates=[37.641058, 55.819972]}";"1773640";
"";"";"Волжская, вход-выход 3 в северный вестибюль";"3";"да";"Юго-Восточный административный округ";"район Текстильщики";"37.75164408";"55.69104360";"подземный";"Волжская";"Люблинско-Дмитровская линия";"не является объектом культурного наследия";"открытие в 05:30:00; закрытие в 01:00:00; первый поезд по 1 пути в 05:50:00, по 2 пути в 05:42:00; последний поезд по 1 пути в 01:53:00, по 2 пути в 01:18:00";"открытие в 05:30:00; закрытие в 01:00:00; первый поезд по 1 пути в 05:51:00, по 2 пути в 05:43:00; последний поезд по 1 пути в 01:53:00, по 2 пути в 01:18:00";"";"";"2";"[]";"действует";"[Geometry[type=Point, coordinates=[37.75164408, 55.6910436]]]";"{type=Point, coordinates=[37.75164408, 55.6910436]}";"1773641";
"";"";"Волжская, вход-выход 1 в южный вестибюль";"1";"да";"Юго-Восточный административный округ";"район Текстильщики";"37.75529438";"55.69072305";"подземный";"Волжская";"Люблинско-Дмитровская линия";"не является объектом культурного наследия";"открытие в 05:30:00; закрытие в 01:00:00; первый поезд по 1 пути в 05:50:00, по 2 пути в 05:42:00; последний поезд по 1 пути в 01:53:00, по 2 пути в 01:18:00";"открытие в 05:30:00; закрытие в 01:00:00; первый поезд по 1 пути в 05:51:00, по 2 пути в 05:43:00; последний поезд по 1 пути в 01:53:00, по 2 пути в 01:18:00";"";"";"4";"[]";"действует";"[Geometry[type=Point, coordinates=[37.75529438, 55.69072305]]]";"{type=Point, coordinates=[37.75529438, 55.69072305]}";"1773642";
"";"";"Домодедовская, вход-выход 9 в северный вестибюль";"9";"да";"Южный административный округ";"район Орехово-Борисово Южное";"37.71676450";"55.61022480";"подземный";"Домодедовская";"Замоскворецкая линия";"не является объектом культурного наследия";"открытие в 05:25:00; закрытие в 01:00:00; первый поезд по 1 пути в 05:32:00, по 2 пути в 05:59:00; последний поезд по 1 пути в 01:10:00, по 2 пути в 01:59:00";"открытие в 05:25:00; закрытие в 01:00:00; первый поезд по 1 пути в 05:32:00, по 2 пути в 05:59:00; последний поезд по 1 пути в 01:10:00, по 2 пути в 01:59:00";"";"";"7";"[{global_id=3796, RepairOfEscalators=22.07.2024-30.08.2024}, {global_id=3890, RepairOfEscalators=16.09.2024-24.10.2024}, {global_id=3959, RepairOfEscalators=26.11.2024-28.12.2024}]";"действует";"[Geometry[type=Point, coordinates=[37.7167645, 55.6102248]]]";"{type=Point, coordinates=[37.7167645, 55.6102248]}";"1773643";
"";"";"Домодедовская, вход-выход 11 в северный вестибюль";"11";"да";"Южный административный округ";"район Орехово-Борисово Южное";"37.71755307";"55.60992414";"подземный";"Домодедовская";"Замоскворецкая линия";"не является объектом культурного наследия";"открытие в 05:25:00; закрытие в 01:00:00; первый поезд по 1 пути в 05:32:00, по 2 пути в 05:59:00; последний поезд по 1 пути в 01:10:00, по 2 пути в 01:59:00";"открытие в 05:25:00; закрытие в 01:00:00; первый поезд по 1 пути в 05:32:00, по 2 пути в 05:59:00; последний поезд по 1 пути в 01:10:00, по 2 пути в 01:59:00";"";"";"7";"[{global_id=3788, RepairOfEscalators=22.07.2024-30.08.2024}, {global_id=3882, RepairOfEscalators=16.09.2024-24.10.2024}, {global_id=3951, RepairOfEscalators=26.11.2024-28.12.2024}]";"действует";"[Geometry[type=Point, coordinates=[37.71755307, 55.60992414]]]";"{type=Point, coordinates=[37.71755307, 55.60992414]}";"1773644";
"";"";"Домодедовская, вход-выход 2 в южный вестибюль";"2";"да";"Южный административный округ";"район Орехово-Борисово Северное";"37.72086138";"55.61158722";"подземный";"Домодедовская";"Замоскворецкая линия";"не является объектом культурного наследия";"открытие в 05:25:00; закрытие в 01:00:00; первый поезд по 1 пути в 05:32:00, по 2 пути в 05:59:00; последний поезд по 1 пути в 01:10:00, по 2 пути в 01:59:00";"открытие в 05:25:00; закрытие в 01:00:00; первый поезд по 1 пути в 05:32:00, по 2 пути в 05:59:00; последний поезд по 1 пути в 01:10:00, по 2 пути в 01:59:00";"";"";"8";"[]";"действует";"[Geometry[type=Point, coordinates=[37.72086138, 55.61158722]]]";"{type=Point, coordinates=[37.72086138, 55.61158722]}";"1773645";
"";"";"Дмитровская, вход-выход 1 в вестибюль";"1";"да";"Северный административный округ";"Савёловский район";"37.58067402";"55.80775868";"подземный";"Дмитровская";"Серпуховско-Тимирязевская линия";"не является объектом культурного наследия";"открытие в 05:30:00; закрытие в 01:00:00; первый поезд по 1 пути в 06:02:00, по 2 пути в 05:37:00; последний поезд по 1 пути в 01:44:00, по 2 пути в 01:18:00";"открытие в 05:30:00; закрытие в 01:00:00; первый поезд по 1 пути в 06:02:00, по 2 пути в 05:37:00; последний поезд по 1 пути в 01:44:00, по 2 пути в 01:18:00";"";"";"7";"[{global_id=2996, RepairOfEscalators=20.07.2022-28.04.2023}]";"действует";"[Geometry[type=Point, coordinates=[37.58067402, 55.80775868]]]";"{type=Point, coordinates=[37.58067402, 55.80775868]}";"1773646";
"";"";"Дмитровская, вход-выход 4 в вестибюль";"4";"да";"Северо-Восточный административный округ";"Бутырский район";"37.58190784";"55.80818465";"подземный";"Дмитровская";"Серпуховско-Тимирязевская линия";"не является объектом культурного наследия";"открытие в 05:30:00; закрытие в 01:00:00; первый поезд по 1 пути в 06:02:00, по 2 пути в 05:37:00; последний поезд по 1 пути в 01:44:00, по 2 пути в 01:18:00";"открытие в 05:30:00; закрытие в 01:00:00; первый поезд по 1 пути в 06:02:00, по 2 пути в 05:37:00; последний поезд по 1 пути в 01:44:00, по 2 пути в 01:18:00";"";"";"7";"[{global_id=3075, RepairOfEscalators=20.07.2022-28.04.2023}]";"действует";"[Geometry[type=Point, coordinates=[37.58190784, 55.80818465]]]";"{type=Point, coordinates=[37.58190784, 55.80818465]}";"1773647";
"";"";"Дубровка, вход-выход 3 в вестибюль";"3";"да";"Юго-Восточный административный округ";"Южнопортовый район";"37.67616329";"55.71782617";"подземный";"Дубровка";"Люблинско-Дмитровская линия";"не является объектом культурного наследия";"открытие в 05:30:00; закрытие в 01:00:00; первый поезд по 1 пути в 05:59:00, по 2 пути в 05:38:00; последний поезд по 1 пути в 01:45:00, по 2 пути в 01:27:00";"открытие в 05:30:00; закрытие в 01:00:00; первый поезд по 1 пути в 06:01:00, по 2 пути в 05:37:00; последний поезд по 1 пути в 01:45:00, по 2 пути в 01:27:00";"";"";"6";"[]";"действует";"[Geometry[type=Point, coordinates=[37.67616329, 55.71782617]]]";"{type=Point, coordinates=[37.67616329, 55.71782617]}";"1773648";
"";"";"Зябликово, вход-выход 9 в северный вестибюль";"9";"да";"Южный административный округ";"район Зябликово";"37.74550720";"55.61351567";"подземный";"Зябликово";"Люблинско-Дмитровская линия";"не является объектом культурного наследия";"открытие в 05:30:00; закрытие в 01:00:00; первый поезд по 2 пути в 05:51:00; последний поезд по 2 пути в 01:03:00";"открытие в 05:30:00; закрытие в 01:00:00; первый поезд по 2 пути в 05:40:00; последний поезд по 2 пути в 01:03:00";"";"";"3";"[{global_id=3469, RepairOfEscalators=01.12.2023-31.12.2023}, {global_id=3996, RepairOfEscalators=04.02.2025-27.02.2025}, {global_id=4063, RepairOfEscalators=04.03.2025-01.04.2025}]";"действует";"[Geometry[type=Point, coordinates=[37.7455072, 55.61351567]]]";"{type=Point, coordinates=[37.7455072, 55.61351567]}";"1773649";
"";"";"Зябликово, вход-выход 10 в северный вестибюль";"10";"да";"Южный административный округ";"район Зябликово";"37.74419828";"55.61344888";"подземный";"Зябликово";"Люблинско-Дмитровская линия";"не является объектом культурного наследия";"открытие в 05:30:00; закрытие в 01:00:00; первый поезд по 2 пути в 05:51:00; последний поезд по 2 пути в 01:03:00";"открытие в 05:30:00; закрытие в 01:00:00; первый поезд по 2 пути в 05:40:00; последний поезд по 2 пути в 01:03:00";"";"";"3";"[{global_id=3468, RepairOfEscalators=01.12.2023-31.12.2023}, {global_id=3995, RepairOfEscalators=04.02.2025-27.02.2025}, {global_id=4062, RepairOfEscalators=04.03.2025-30.04.2025}]";"действует";"[Geometry[type=Point, coordinates=[37.74419828, 55.61344888]]]";"{type=Point, coordinates=[37.74419828, 55.61344888]}";"1773650";
"";"";"Измайловская, вход-выход 6 в западный вестибюль";"6";"да";"Восточный административный округ";"район Измайлово";"37.77982399";"55.78782611";"подземный";"Измайловская";"Арбатско-Покровская линия";"не является объектом культурного наследия";"открытие в 05:30:00; закрытие в 01:00:00; первый поезд по 1 пути в 05:45:00, по 2 пути в 06:01:00; последний поезд по 1 пути в 01:08:00, по 2 пути в 02:01:00";"открытие в 05:30:00; закрытие в 01:00:00; первый поезд по 1 пути в 05:43:00, по 2 пути в 06:01:00; последний поезд по 1 пути в 01:08:00, по 2 пути в 02:01:00";"";"";"2";"[]";"действует";"[Geometry[type=Point, coordinates=[37.77982399, 55.78782611]]]";"{type=Point, coordinates=[37.77982399, 55.78782611]}";"1773651";
"";"";"Измайловская, вход-выход 1 в восточный вестибюль";"1";"да";"Восточный административный округ";"район Измайлово";"37.78335578";"55.78793527";"наземный отдельностоящий";"Измайловская";"Арбатско-Покровская линия";"не является объектом культурного наследия";"открытие в 05:30:00; закрытие в 01:00:00; первый поезд по 1 пути в 05:45:00, по 2 пути в 06:01:00; последний поезд по 1 пути в 01:08:00, по 2 пути в 02:01:00";"открытие в 05:30:00; закрытие в 01:00:00; первый поезд по 1 пути в 05:43:00, по 2 пути в 06:01:00; последний поезд по 1 пути в 01:08:00, по 2 пути в 02:01:00";"";"";"2";"[]";"действует";"[Geometry[type=Point, coordinates=[37.78335578, 55.78793527]]]";"{type=Point, coordinates=[37.78335578, 55.78793527]}";"1773652";
"";"";"Коньково, вход-выход 6 в северный вестибюль";"6";"да";"Юго-Западный административный округ";"район Тёплый Стан";"37.51899621";"55.63437184";"подземный";"Коньково";"Калужско-Рижская линия";"не является объектом культурного наследия";"открытие в 05:30:00; закрытие в 01:00:00; первый поезд по 1 пути в 05:52:00, по 2 пути в 05:45:00; последний поезд по 1 пути в 01:11:00, по 2 пути в 01:51:00";"открытие в 05:30:00; закрытие в 01:00:00; первый поезд по 1 пути в 05:50:00, по 2 пути в 05:43:00; последний поезд по 1 пути в 01:11:00, по 2 пути в 01:51:00";"";"";"3";"[]";"действует";"[Geometry[type=Point, coordinates=[37.51899621, 55.63437184]]]";"{type=Point, coordinates=[37.51899621, 55.63437184]}";"1773653";
"";"";"Коньково, вход-выход 1 в южный вестибюль";"1";"да";"Юго-Западный административный округ";"район Коньково";"37.51945262";"55.63222411";"подземный";"Коньково";"Калужско-Рижская линия";"не является объектом культурного наследия";"открытие в 05:30:00; закрытие в 01:00:00; первый поезд по 1 пути в 05:52:00, по 2 пути в 05:45:00; последний поезд по 1 пути в 01:11:00, по 2 пути в 01:51:00";"открытие в 05:30:00; закрытие в 01:00:00; первый поезд по 1 пути в 05:50:00, по 2 пути в 05:43:00; последний поезд по 1 пути в 01:11:00, по 2 пути в 01:51:00";"";"";"3";"[]";"действует";"[Geometry[type=Point, coordinates=[37.51945262, 55.63222411]]]";"{type=Point, coordinates=[37.51945262, 55.63222411]}";"1773654";
"";"";"Коньково, вход-выход 8 в северный вестибюль";"8";"да";"Юго-Западный административный округ";"район Коньково";"37.51991353";"55.63464248";"подземный";"Коньково";"Калужско-Рижская линия";"не является объектом культурного наследия";"открытие в 05:30:00; закрытие в 01:00:00; первый поезд по 1 пути в 05:52:00, по 2 пути в 05:45:00; последний поезд по 1 пути в 01:11:00, по 2 пути в 01:51:00";"открытие в 05:30:00; закрытие в 01:00:00; первый поезд по 1 пути в 05:50:00, по 2 пути в 05:43:00; последний поезд по 1 пути в 01:11:00, по 2 пути в 01:51:00";"";"";"3";"[]";"действует";"[Geometry[type=Point, coordinates=[37.51991353, 55.63464248]]]";"{type=Point, coordinates=[37.51991353, 55.63464248]}";"1773655";
"";"";"Коньково, вход-выход 9 в северный вестибюль";"9";"да";"Юго-Западный административный округ";"район Тёплый Стан";"37.51993614";"55.63395989";"подземный";"Коньково";"Калужско-Рижская линия";"не является объектом культурного наследия";"открытие в 05:30:00; закрытие в 01:00:00; первый поезд по 1 пути в 05:52:00, по 2 пути в 05:45:00; последний поезд по 1 пути в 01:11:00, по 2 пути в 01:51:00";"открытие в 05:30:00; закрытие в 01:00:00; первый поезд по 1 пути в 05:50:00, по 2 пути в 05:43:00; последний поезд по 1 пути в 01:11:00, по 2 пути в 01:51:00";"";"";"3";"[]";"действует";"[Geometry[type=Point, coordinates=[37.51993614, 55.63395989]]]";"{type=Point, coordinates=[37.51993614, 55.63395989]}";"1773656";
"";"";"Коньково, вход-выход 10 в северный вестибюль";"10";"да";"Юго-Западный административный округ";"район Коньково";"37.52052623";"55.63384514";"подземный";"Коньково";"Калужско-Рижская линия";"не является объектом культурного наследия";"открытие в 05:30:00; закрытие в 01:00:00; первый поезд по 1 пути в 05:52:00, по 2 пути в 05:45:00; последний поезд по 1 пути в 01:11:00, по 2 пути в 01:51:00";"открытие в 05:30:00; закрытие в 01:00:00; первый поезд по 1 пути в 05:50:00, по 2 пути в 05:43:00; последний поезд по 1 пути в 01:11:00, по 2 пути в 01:51:00";"";"";"3";"[]";"действует";"[Geometry[type=Point, coordinates=[37.52052623, 55.63384514]]]";"{type=Point, coordinates=[37.52052623, 55.63384514]}";"1773657";
"";"";"Красногвардейская, вход-выход 1 в южный вестибюль";"1";"да";"Южный административный округ";"район Зябликово";"37.74611400";"55.61418222";"подземный";"Красногвардейская";"Замоскворецкая линия";"не является объектом культурного наследия";"открытие в 05:25:00; закрытие в 01:00:00; первый поезд по 1 пути в 05:30:00, по 2 пути в 05:56:00; последний поезд по 1 пути в 01:08:00, по 2 пути в 02:01:00";"открытие в 05:25:00; закрытие в 01:00:00; первый поезд по 1 пути в 05:30:00, по 2 пути в 05:46:00; последний поезд по 1 пути в 01:08:00, по 2 пути в 02:01:00";"";"";"4";"[{global_id=3573, RepairOfEscalators=22.02.2024-29.02.2024}, {global_id=3783, RepairOfEscalators=22.07.2024-30.08.2024}]";"действует";"[Geometry[type=Point, coordinates=[37.746114, 55.61418222]]]";"{type=Point, coordinates=[37.746114, 55.61418222]}";"1773658";
"";"";"Красногвардейская, вход-выход 4 в южный вестибюль";"4";"да";"Южный административный округ";"район Зябликово";"37.74616518";"55.61362424";"подземный";"Красногвардейская";"Замоскворецкая линия";"не является объектом культурного наследия";"открытие в 05:25:00; закрытие в 01:00:00; первый поезд по 1 пути в 05:30:00, по 2 пути в 05:56:00; последний поезд по 1 пути в 01:08:00, по 2 пути в 02:01:00";"открытие в 05:25:00; закрытие в 01:00:00; первый поезд по 1 пути в 05:30:00, по 2 пути в 05:46:00; последний поезд по 1 пути в 01:08:00, по 2 пути в 02:01:00";"";"";"4";"[{global_id=3576, RepairOfEscalators=22.02.2024-29.02.2024}, {global_id=3786, RepairOfEscalators=22.07.2024-30.08.2024}]";"действует";"[Geometry[type=Point, coordinates=[37.74616518, 55.61362424]]]";"{type=Point, coordinates=[37.74616518, 55.61362424]}";"1773659";
"";"";"Красногвардейская, вход-выход 3 в южный вестибюль";"3";"да";"Южный административный округ";"район Зябликово";"37.74676063";"55.61365461";"подземный";"Красногвардейская";"Замоскворецкая линия";"не является объектом культурного наследия";"открытие в 05:25:00; закрытие в 01:00:00; первый поезд по 1 пути в 05:30:00, по 2 пути в 05:56:00; последний поезд по 1 пути в 01:08:00, по 2 пути в 02:01:00";"открытие в 05:25:00; закрытие в 01:00:00; первый поезд по 1 пути в 05:30:00, по 2 пути в 05:46:00; последний поезд по 1 пути в 01:08:00, по 2 пути в 02:01:00";"";"";"4";"[{global_id=3575, RepairOfEscalators=22.02.2024-29.02.2024}, {global_id=3785, RepairOfEscalators=22.07.2024-30.08.2024}]";"действует";"[Geometry[type=Point, coordinates=[37.74676063, 55.61365461]]]";"{type=Point, coordinates=[37.74676063, 55.61365461]}";"1773660";
"";"";"Красногвардейская, вход-выход 2 в южный вестибюль";"2";"да";"Южный административный округ";"район Зябликово";"37.74661579";"55.61422787";"подземный";"Красногвардейская";"Замоскворецкая линия";"не является объектом культурного наследия";"открытие в 05:25:00; закрытие в 01:00:00; первый поезд по 1 пути в 05:30:00, по 2 пути в 05:56:00; последний поезд по 1 пути в 01:08:00, по 2 пути в 02:01:00";"открытие в 05:25:00; закрытие в 01:00:00; первый поезд по 1 пути в 05:30:00, по 2 пути в 05:46:00; последний поезд по 1 пути в 01:08:00, по 2 пути в 02:01:00";"";"";"4";"[{global_id=3574, RepairOfEscalators=22.02.2024-29.02.2024}, {global_id=3784, RepairOfEscalators=22.07.2024-30.08.2024}]";"действует";"[Geometry[type=Point, coordinates=[37.74661579, 55.61422787]]]";"{type=Point, coordinates=[37.74661579, 55.61422787]}";"1773661";
"";"";"Красногвардейская, вход-выход 6 в северный вестибюль";"6";"да";"Южный административный округ";"район Зябликово";"37.74230280";"55.61344207";"подземный";"Красногвардейская";"Замоскворецкая линия";"не является объектом культурного наследия";"открытие в 05:25:00; закрытие в 01:00:00; первый поезд по 1 пути в 05:30:00, по 2 пути в 05:56:00; последний поезд по 1 пути в 01:08:00, по 2 пути в 02:01:00";"открытие в 05:25:00; закрытие в 01:00:00; первый поезд по 1 пути в 05:30:00, по 2 пути в 05:46:00; последний поезд по 1 пути в 01:08:00, по 2 пути в 02:01:00";"";"";"3";"[]";"действует";"[Geometry[type=Point, coordinates=[37.7423028, 55.61344207]]]";"{type=Point, coordinates=[37.7423028, 55.61344207]}";"1773662";
"";"";"Орехово, вход-выход 2 в северный вестибюль";"2";"да";"Южный административный округ";"район Орехово-Борисово Северное";"37.69345508";"55.61380368";"подземный";"Орехово";"Замоскворецкая линия";"не является объектом культурного наследия";"открытие в 05:30:00; закрытие в 01:00:00; первый поезд по 1 пути в 05:35:00, по 2 пути в 05:56:00; последний поезд по 1 пути в 01:13:00, по 2 пути в 01:56:00";"открытие в 05:30:00; закрытие в 01:00:00; первый поезд по 1 пути в 05:35:00, по 2 пути в 05:56:00; последний поезд по 1 пути в 01:13:00, по 2 пути в 01:56:00";"";"";"4";"[]";"действует";"[Geometry[type=Point, coordinates=[37.69345508, 55.61380368]]]";"{type=Point, coordinates=[37.69345508, 55.61380368]}";"1773663";
"";"";"Орехово, вход-выход 3 в северный вестибюль";"3";"да";"Южный административный округ";"район Орехово-Борисово Северное";"37.69409881";"55.61421356";"подземный";"Орехово";"Замоскворецкая линия";"не является объектом культурного наследия";"открытие в 05:30:00; закрытие в 01:00:00; первый поезд по 1 пути в 05:35:00, по 2 пути в 05:56:00; последний поезд по 1 пути в 01:13:00, по 2 пути в 01:56:00";"открытие в 05:30:00; закрытие в 01:00:00; первый поезд по 1 пути в 05:35:00, по 2 пути в 05:56:00; последний поезд по 1 пути в 01:13:00, по 2 пути в 01:56:00";"";"";"4";"[]";"действует";"[Geometry[type=Point, coordinates=[37.69409881, 55.61421356]]]";"{type=Point, coordinates=[37.69409881, 55.61421356]}";"1773664";
"";"";"Отрадное, вход-выход 5 в южный вестибюль";"5";"да";"Северо-Восточный административный округ";"район Отрадное";"37.60447568";"55.86262147";"подземный";"Отрадное";"Серпуховско-Тимирязевская линия";"не является объектом культурного наследия";"открытие в 05:30:00; закрытие в 01:00:00; первый поезд по 1 пути в 05:59:00, по 2 пути в 05:52:00; последний поезд по 1 пути в 01:54:00, по 2 пути в 01:08:00";"открытие в 05:30:00; закрытие в 01:00:00; первый поезд по 1 пути в 05:52:00, по 2 пути в 05:47:00; последний поезд по 1 пути в 01:54:00, по 2 пути в 01:08:00";"";"";"4";"[]";"действует";"[Geometry[type=Point, coordinates=[37.60447568, 55.86262147]]]";"{type=Point, coordinates=[37.60447568, 55.86262147]}";"1773665";
"";"";"Отрадное, вход-выход 2 в северный вестибюль";"2";"да";"Северо-Восточный административный округ";"район Отрадное";"37.60539163";"55.86439876";"подземный";"Отрадное";"Серпуховско-Тимирязевская линия";"не является объектом культурного наследия";"открытие в 05:30:00; закрытие в 01:00:00; первый поезд по 1 пути в 05:59:00, по 2 пути в 05:52:00; последний поезд по 1 пути в 01:54:00, по 2 пути в 01:08:00";"открытие в 05:30:00; закрытие в 01:00:00; первый поезд по 1 пути в 05:52:00, по 2 пути в 05:47:00; последний поезд по 1 пути в 01:54:00, по 2 пути в 01:08:00";"";"";"4";"[]";"действует";"[Geometry[type=Point, coordinates=[37.60539163, 55.86439876]]]";"{type=Point, coordinates=[37.60539163, 55.86439876]}";"1773666";
"";"";"Отрадное, вход-выход 3 в северный вестибюль";"3";"да";"Северо-Восточный административный округ";"район Отрадное";"37.60607827";"55.86423948";"подземный";"Отрадное";"Серпуховско-Тимирязевская линия";"не является объектом культурного наследия";"открытие в 05:30:00; закрытие в 01:00:00; первый поезд по 1 пути в 05:59:00, по 2 пути в 05:52:00; последний поезд по 1 пути в 01:54:00, по 2 пути в 01:08:00";"открытие в 05:30:00; закрытие в 01:00:00; первый поезд по 1 пути в 05:52:00, по 2 пути в 05:47:00; последний поезд по 1 пути в 01:54:00, по 2 пути в 01:08:00";"";"";"4";"[]";"действует";"[Geometry[type=Point, coordinates=[37.60607827, 55.86423948]]]";"{type=Point, coordinates=[37.60607827, 55.86423948]}";"1773667";
"";"";"Отрадное, вход-выход 8 в южный вестибюль";"8";"да";"Северо-Восточный административный округ";"район Отрадное";"37.60373786";"55.86286662";"подземный";"Отрадное";"Серпуховско-Тимирязевская линия";"не является объектом культурного наследия";"открытие в 05:30:00; закрытие в 01:00:00; первый поезд по 1 пути в 05:59:00, по 2 пути в 05:52:00; последний поезд по 1 пути в 01:54:00, по 2 пути в 01:08:00";"открытие в 05:30:00; закрытие в 01:00:00; первый поезд по 1 пути в 05:52:00, по 2 пути в 05:47:00; последний поезд по 1 пути в 01:54:00, по 2 пути в 01:08:00";"";"";"4";"[]";"действует";"[Geometry[type=Point, coordinates=[37.60373786, 55.86286662]]]";"{type=Point, coordinates=[37.60373786, 55.86286662]}";"1773668";
"";"";"Охотный ряд, вход-выход 2 в южный вестибюль";"2";"да";"Центральный административный округ";"Тверской район";"37.61432972";"55.75709735";"подземный";"Охотный ряд";"Сокольническая линия";"выявленный объект культурного наследия";"открытие в 05:30:00; закрытие в 01:00:00; первый поезд по 1 пути в 05:40:00, по 2 пути в 05:56:00; последний поезд по 1 пути в 01:23:00, по 2 пути в 01:48:00";"открытие в 05:30:00; закрытие в 01:00:00; первый поезд по 1 пути в 05:40:00, по 2 пути в 05:56:00; последний поезд по 1 пути в 01:23:00, по 2 пути в 01:48:00";"";"";"3";"[{global_id=3593, RepairOfEscalators=19.02.2024-27.02.2024}, {global_id=4008, RepairOfEscalators=05.02.2025-28.02.2025}]";"действует";"[Geometry[type=Point, coordinates=[37.61432972, 55.75709735]]]";"{type=Point, coordinates=[37.61432972, 55.75709735]}";"1773669";
"";"";"Охотный ряд, вход-выход 1 в южный вестибюль";"1";"да";"Центральный административный округ";"Тверской район";"37.61461403";"55.75692795";"подземный";"Охотный ряд";"Сокольническая линия";"выявленный объект культурного наследия";"открытие в 05:30:00; закрытие в 01:00:00; первый поезд по 1 пути в 05:40:00, по 2 пути в 05:56:00; последний поезд по 1 пути в 01:23:00, по 2 пути в 01:48:00";"открытие в 05:30:00; закрытие в 01:00:00; первый поезд по 1 пути в 05:40:00, по 2 пути в 05:56:00; последний поезд по 1 пути в 01:23:00, по 2 пути в 01:48:00";"";"";"3";"[{global_id=3592, RepairOfEscalators=19.02.2024-27.02.2024}, {global_id=4007, RepairOfEscalators=05.02.2025-28.02.2025}]";"действует";"[Geometry[type=Point, coordinates=[37.61461403, 55.75692795]]]";"{type=Point, coordinates=[37.61461403, 55.75692795]}";"1773670";
"";"";"Красногвардейская, вход-выход 8 в северный вестибюль";"8";"да";"Южный административный округ";"район Зябликово";"37.74289635";"55.61402026";"подземный";"Красногвардейская";"Замоскворецкая линия";"не является объектом культурного наследия";"открытие в 05:25:00; закрытие в 01:00:00; первый поезд по 1 пути в 05:30:00, по 2 пути в 05:56:00; последний поезд по 1 пути в 01:08:00, по 2 пути в 02:01:00";"открытие в 05:25:00; закрытие в 01:00:00; первый поезд по 1 пути в 05:30:00, по 2 пути в 05:46:00; последний поезд по 1 пути в 01:08:00, по 2 пути в 02:01:00";"";"";"3";"[]";"действует";"[Geometry[type=Point, coordinates=[37.74289635, 55.61402026]]]";"{type=Point, coordinates=[37.74289635, 55.61402026]}";"1773671";
"";"";"Красногвардейская, вход-выход 5 в северный вестибюль";"5";"да";"Южный административный округ";"район Зябликово";"37.74298408";"55.61346940";"подземный";"Красногвардейская";"Замоскворецкая линия";"не является объектом культурного наследия";"открытие в 05:25:00; закрытие в 01:00:00; первый поезд по 1 пути в 05:30:00, по 2 пути в 05:56:00; последний поезд по 1 пути в 01:08:00, по 2 пути в 02:01:00";"открытие в 05:25:00; закрытие в 01:00:00; первый поезд по 1 пути в 05:30:00, по 2 пути в 05:46:00; последний поезд по 1 пути в 01:08:00, по 2 пути в 02:01:00";"";"";"3";"[]";"действует";"[Geometry[type=Point, coordinates=[37.74298408, 55.6134694]]]";"{type=Point, coordinates=[37.74298408, 55.6134694]}";"1773672";
"";"";"Красногвардейская, вход-выход 7 в северный вестибюль";"7";"да";"Южный административный округ";"район Зябликово";"37.74224379";"55.61399466";"подземный";"Красногвардейская";"Замоскворецкая линия";"не является объектом культурного наследия";"открытие в 05:25:00; закрытие в 01:00:00; первый поезд по 1 пути в 05:30:00, по 2 пути в 05:56:00; последний поезд по 1 пути в 01:08:00, по 2 пути в 02:01:00";"открытие в 05:25:00; закрытие в 01:00:00; первый поезд по 1 пути в 05:30:00, по 2 пути в 05:46:00; последний поезд по 1 пути в 01:08:00, по 2 пути в 02:01:00";"";"";"3";"[]";"действует";"[Geometry[type=Point, coordinates=[37.74224379, 55.61399466]]]";"{type=Point, coordinates=[37.74224379, 55.61399466]}";"1773673";
"";"";"Краснопресненская, вход-выход 1 в вестибюль";"1";"да";"Центральный административный округ";"Пресненский район";"37.57702497";"55.76041894";"подземный";"Краснопресненская";"Кольцевая линия";"не является объектом культурного наследия";"открытие в 05:30:00; закрытие в 01:00:00; первый поезд по 1 пути в 05:56:00, по 2 пути в 05:58:00; последний поезд по 1 пути в 01:17:00, по 2 пути в 01:24:00";"открытие в 05:30:00; закрытие в 01:00:00; первый поезд по 1 пути в 05:39:00, по 2 пути в 05:41:00; последний поезд по 1 пути в 01:23:00, по 2 пути в 01:18:00";"";"";"2";"[{global_id=3030, RepairOfEscalators=10.01.2023-31.07.2023}, {global_id=3165, RepairOfEscalators=11.05.2023-14.07.2023}, {global_id=3762, RepairOfEscalators=02.07.2024-20.12.2024}]";"действует";"[Geometry[type=Point, coordinates=[37.57702497, 55.76041894]]]";"{type=Point, coordinates=[37.57702497, 55.76041894]}";"1773674";
"";"";"Красносельская, вход-выход 1 в вестибюль";"1";"да";"Центральный административный округ";"Красносельский район";"37.66608306";"55.77995778";"наземный отдельностоящий";"Красносельская";"Сокольническая линия";"выявленный объект культурного наследия";"открытие в 05:30:00; закрытие в 01:00:00; первый поезд по 1 пути в 05:40:00, по 2 пути в 05:59:00; последний поезд по 1 пути в 01:14:00, по 2 пути в 01:57:00";"открытие в 05:30:00; закрытие в 01:00:00; первый поезд по 1 пути в 05:40:00, по 2 пути в 05:54:00; последний поезд по 1 пути в 01:14:00, по 2 пути в 01:57:00";"";"";"3";"[]";"действует";"[Geometry[type=Point, coordinates=[37.66608306, 55.77995778]]]";"{type=Point, coordinates=[37.66608306, 55.77995778]}";"1773675";
"";"";"Красные ворота, вход-выход 1 в южный вестибюль";"1";"да";"Центральный административный округ";"Басманный район";"37.64804177";"55.76831943";"наземный отдельностоящий";"Красные ворота";"Сокольническая линия";"объект культурного наследия регионального значения";"открытие в 05:25:00; закрытие в 01:00:00; первый поезд по 1 пути в 05:35:00, по 2 пути в 06:01:00; последний поезд по 1 пути в 01:18:00, по 2 пути в 01:53:00";"открытие в 05:25:00; закрытие в 01:00:00; первый поезд по 1 пути в 05:35:00, по 2 пути в 06:01:00; последний поезд по 1 пути в 01:18:00, по 2 пути в 01:53:00";"";"";"3";"[{global_id=2975, RepairOfEscalators=31.10.2022-19.12.2022}, {global_id=3230, RepairOfEscalators=14.06.2023-27.06.2023}, {global_id=3891, RepairOfEscalators=24.09.2024-21.11.2024}, {global_id=4061, RepairOfEscalators=11.03.2025-25.04.2025}]";"действует";"[Geometry[type=Point, coordinates=[37.64804177, 55.76831943]]]";"{type=Point, coordinates=[37.64804177, 55.76831943]}";"1773676";
"";"";"Красные ворота, вход-выход 2 в северный вестибюль";"2";"да";"Центральный административный округ";"Красносельский район";"37.65036181";"55.76975261";"наземный, встроенный в здание";"Красные ворота";"Сокольническая линия";"объект культурного наследия регионального значения";"открытие в 05:25:00; закрытие в 01:00:00; первый поезд по 1 пути в 05:35:00, по 2 пути в 06:01:00; последний поезд по 1 пути в 01:18:00, по 2 пути в 01:53:00";"открытие в 05:25:00; закрытие в 01:00:00; первый поезд по 1 пути в 05:35:00, по 2 пути в 06:01:00; последний поезд по 1 пути в 01:18:00, по 2 пути в 01:53:00";"";"";"2";"[]";"действует";"[Geometry[type=Point, coordinates=[37.65036181, 55.76975261]]]";"{type=Point, coordinates=[37.65036181, 55.76975261]}";"1773677";
"";"";"Крестьянская застава, вход-выход 10 в вестибюль";"10";"да";"Центральный административный округ";"Таганский район";"37.66548428";"55.73234833";"подземный";"Крестьянская застава";"Люблинско-Дмитровская линия";"не является объектом культурного наследия";"открытие в 05:30:00; закрытие в 01:00:00; первый поезд по 1 пути в 05:56:00, по 2 пути в 05:40:00; последний поезд по 1 пути в 01:42:00, по 2 пути в 01:29:00";"открытие в 05:30:00; закрытие в 01:00:00; первый поезд по 1 пути в 05:58:00, по 2 пути в 05:40:00; последний поезд по 1 пути в 01:42:00, по 2 пути в 01:29:00";"";"";"3";"[{global_id=3031, RepairOfEscalators=23.12.2022-27.12.2022}, {global_id=3370, RepairOfEscalators=27.09.2023-29.12.2023}, {global_id=3483, RepairOfEscalators=10.01.2024-21.03.2024}, {global_id=3555, RepairOfEscalators=22.01.2024-29.02.2024}, {global_id=3761, RepairOfEscalators=16.01.2024-31.03.2025}, {global_id=4058, RepairOfEscalators=19.05.2025-30.09.2025}]";"действует";"[Geometry[type=Point, coordinates=[37.66548428, 55.73234833]]]";"{type=Point, coordinates=[37.66548428, 55.73234833]}";"1773678";
"";"";"Кропоткинская, вход-выход 2 в северный вестибюль";"2";"да";"Центральный административный округ";"район Хамовники";"37.60538583";"55.74586367";"подземный";"Кропоткинская";"Сокольническая линия";"объект культурного наследия регионального значения";"открытие в 05:30:00; закрытие в 01:00:00; первый поезд по 1 пути в 05:43:00, по 2 пути в 05:53:00; последний поезд по 1 пути в 01:26:00, по 2 пути в 01:45:00";"открытие в 05:30:00; закрытие в 01:00:00; первый поезд по 1 пути в 05:43:00, по 2 пути в 05:53:00; последний поезд по 1 пути в 01:26:00, по 2 пути в 01:45:00";"";"";"3";"[]";"действует";"[Geometry[type=Point, coordinates=[37.60538583, 55.74586367]]]";"{type=Point, coordinates=[37.60538583, 55.74586367]}";"1773679";
"";"";"Кропоткинская, вход 1 в южный вестибюль";"1";"да";"Центральный административный округ";"район Хамовники";"37.60153417";"55.74497102";"наземный отдельностоящий";"Кропоткинская";"Сокольническая линия";"объект культурного наследия регионального значения";"открытие в 05:30:00; закрытие в 01:00:00; первый поезд по 1 пути в 05:43:00, по 2 пути в 05:53:00; последний поезд по 1 пути в 01:26:00, по 2 пути в 01:45:00";"открытие в 05:30:00; закрытие в 01:00:00; первый поезд по 1 пути в 05:43:00, по 2 пути в 05:53:00; последний поезд по 1 пути в 01:26:00, по 2 пути в 01:45:00";"";"";"3";"[]";"действует";"[Geometry[type=Point, coordinates=[37.60153417, 55.74497102]]]";"{type=Point, coordinates=[37.60153417, 55.74497102]}";"1773680";
"";"";"Крылатское, вход-выход 2 в западный вестибюль";"2";"да";"Западный административный округ";"район Крылатское";"37.40730071";"55.75785291";"подземный";"Крылатское";"Арбатско-Покровская линия";"не является объектом культурного наследия";"открытие в 05:30:00; закрытие в 01:00:00; первый поезд по 1 пути в 05:45:00, по 2 пути в 05:51:00; последний поезд по 1 пути в 01:49:00, по 2 пути в 01:21:00";"открытие в 05:30:00; закрытие в 01:00:00; первый поезд по 1 пути в 05:42:00, по 2 пути в 05:57:00; последний поезд по 1 пути в 01:49:00, по 2 пути в 01:21:00";"";"";"3";"[{global_id=3585, RepairOfEscalators=05.03.2024-06.03.2024}]";"действует";"[Geometry[type=Point, coordinates=[37.40730071, 55.75785291]]]";"{type=Point, coordinates=[37.40730071, 55.75785291]}";"1773681";
"";"";"Крылатское, вход-выход 7 в восточный вестибюль";"7";"да";"Западный административный округ";"район Крылатское";"37.40767985";"55.75529160";"подземный";"Крылатское";"Арбатско-Покровская линия";"не является объектом культурного наследия";"открытие в 05:30:00; закрытие в 01:00:00; первый поезд по 1 пути в 05:45:00, по 2 пути в 05:51:00; последний поезд по 1 пути в 01:49:00, по 2 пути в 01:21:00";"открытие в 05:30:00; закрытие в 01:00:00; первый поезд по 1 пути в 05:42:00, по 2 пути в 05:57:00; последний поезд по 1 пути в 01:49:00, по 2 пути в 01:21:00";"";"";"7";"[{global_id=3401, RepairOfEscalators=23.10.2023-28.10.2023}, {global_id=3590, RepairOfEscalators=29.02.2024-01.03.2024}]";"действует";"[Geometry[type=Point, coordinates=[37.40767985, 55.7552916]]]";"{type=Point, coordinates=[37.40767985, 55.7552916]}";"1773682";
"";"";"Крылатское, вход-выход 5 в восточный вестибюль";"5";"да";"Западный административный округ";"район Крылатское";"37.40887075";"55.75565764";"подземный";"Крылатское";"Арбатско-Покровская линия";"не является объектом культурного наследия";"открытие в 05:30:00; закрытие в 01:00:00; первый поезд по 1 пути в 05:45:00, по 2 пути в 05:51:00; последний поезд по 1 пути в 01:49:00, по 2 пути в 01:21:00";"открытие в 05:30:00; закрытие в 01:00:00; первый поезд по 1 пути в 05:42:00, по 2 пути в 05:57:00; последний поезд по 1 пути в 01:49:00, по 2 пути в 01:21:00";"";"";"7";"[{global_id=2889, RepairOfEscalators=22.06.2022-24.06.2022}, {global_id=3399, RepairOfEscalators=23.10.2023-28.10.2023}, {global_id=3588, RepairOfEscalators=29.02.2024-01.03.2024}]";"действует";"[Geometry[type=Point, coordinates=[37.40887075, 55.75565764]]]";"{type=Point, coordinates=[37.40887075, 55.75565764]}";"1773683";
"";"";"Крылатское, вход-выход 4 в западный вестибюль";"4";"да";"Западный административный округ";"район Крылатское";"37.40859353";"55.75769315";"подземный";"Крылатское";"Арбатско-Покровская линия";"не является объектом культурного наследия";"открытие в 05:30:00; закрытие в 01:00:00; первый поезд по 1 пути в 05:45:00, по 2 пути в 05:51:00; последний поезд по 1 пути в 01:49:00, по 2 пути в 01:21:00";"открытие в 05:30:00; закрытие в 01:00:00; первый поезд по 1 пути в 05:42:00, по 2 пути в 05:57:00; последний поезд по 1 пути в 01:49:00, по 2 пути в 01:21:00";"";"";"3";"[{global_id=3587, RepairOfEscalators=05.03.2024-06.03.2024}]";"действует";"[Geometry[type=Point, coordinates=[37.40859353, 55.75769315]]]";"{type=Point, coordinates=[37.40859353, 55.75769315]}";"1773684";
"";"";"Крылатское, вход-выход 1 в западный вестибюль";"1";"да";"Западный административный округ";"район Крылатское";"37.40736508";"55.75740219";"подземный";"Крылатское";"Арбатско-Покровская линия";"не является объектом культурного наследия";"открытие в 05:30:00; закрытие в 01:00:00; первый поезд по 1 пути в 05:45:00, по 2 пути в 05:51:00; последний поезд по 1 пути в 01:49:00, по 2 пути в 01:21:00";"открытие в 05:30:00; закрытие в 01:00:00; первый поезд по 1 пути в 05:42:00, по 2 пути в 05:57:00; последний поезд по 1 пути в 01:49:00, по 2 пути в 01:21:00";"";"";"3";"[{global_id=3584, RepairOfEscalators=05.03.2024-06.03.2024}]";"действует";"[Geometry[type=Point, coordinates=[37.40736508, 55.75740219]]]";"{type=Point, coordinates=[37.40736508, 55.75740219]}";"1773685";
"";"";"Крылатское, вход-выход 3 в западный вестибюль";"3";"да";"Западный административный округ";"район Крылатское";"37.40855598";"55.75811910";"подземный";"Крылатское";"Арбатско-Покровская линия";"не является объектом культурного наследия";"открытие в 05:30:00; закрытие в 01:00:00; первый поезд по 1 пути в 05:45:00, по 2 пути в 05:51:00; последний поезд по 1 пути в 01:49:00, по 2 пути в 01:21:00";"открытие в 05:30:00; закрытие в 01:00:00; первый поезд по 1 пути в 05:42:00, по 2 пути в 05:57:00; последний поезд по 1 пути в 01:49:00, по 2 пути в 01:21:00";"";"";"3";"[{global_id=3586, RepairOfEscalators=05.03.2024-06.03.2024}]";"действует";"[Geometry[type=Point, coordinates=[37.40855598, 55.7581191]]]";"{type=Point, coordinates=[37.40855598, 55.7581191]}";"1773686";
"";"";"Крылатское, вход-выход 8 в восточный вестибюль";"8";"да";"Западный административный округ";"район Крылатское";"37.40763694";"55.75553361";"подземный";"Крылатское";"Арбатско-Покровская линия";"не является объектом культурного наследия";"открытие в 05:30:00; закрытие в 01:00:00; первый поезд по 1 пути в 05:45:00, по 2 пути в 05:51:00; последний поезд по 1 пути в 01:49:00, по 2 пути в 01:21:00";"открытие в 05:30:00; закрытие в 01:00:00; первый поезд по 1 пути в 05:42:00, по 2 пути в 05:57:00; последний поезд по 1 пути в 01:49:00, по 2 пути в 01:21:00";"";"";"7";"[{global_id=3402, RepairOfEscalators=23.10.2023-28.10.2023}, {global_id=3591, RepairOfEscalators=29.02.2024-01.03.2024}]";"действует";"[Geometry[type=Point, coordinates=[37.40763694, 55.75553361]]]";"{type=Point, coordinates=[37.40763694, 55.75553361]}";"1773687";
"";"";"Крылатское, вход-выход 6 в восточный вестибюль";"6";"да";"Западный административный округ";"район Крылатское";"37.40859180";"55.75533698";"подземный";"Крылатское";"Арбатско-Покровская линия";"не является объектом культурного наследия";"открытие в 05:30:00; закрытие в 01:00:00; первый поезд по 1 пути в 05:45:00, по 2 пути в 05:51:00; последний поезд по 1 пути в 01:49:00, по 2 пути в 01:21:00";"открытие в 05:30:00; закрытие в 01:00:00; первый поезд по 1 пути в 05:42:00, по 2 пути в 05:57:00; последний поезд по 1 пути в 01:49:00, по 2 пути в 01:21:00";"";"";"7";"[{global_id=3400, RepairOfEscalators=23.10.2023-28.10.2023}, {global_id=3589, RepairOfEscalators=29.02.2024-01.03.2024}]";"действует";"[Geometry[type=Point, coordinates=[37.4085918, 55.75533698]]]";"{type=Point, coordinates=[37.4085918, 55.75533698]}";"1773688";
"";"";"Новые Черёмушки, вход-выход 6 в северный вестибюль";"6";"да";"Юго-Западный административный округ";"район Черёмушки";"37.55534080";"55.67127215";"подземный";"Новые Черёмушки";"Калужско-Рижская линия";"не является объектом культурного наследия";"открытие в 05:30:00; закрытие в 01:00:00; первый поезд по 1 пути в 05:35:00, по 2 пути в 05:47:00; последний поезд по 1 пути в 01:18:00, по 2 пути в 01:44:00";"открытие в 05:30:00; закрытие в 01:00:00; первый поезд по 1 пути в 05:35:00, по 2 пути в 05:47:00; последний поезд по 1 пути в 01:18:00, по 2 пути в 01:44:00";"";"";"3";"[]";"действует";"[Geometry[type=Point, coordinates=[37.5553408, 55.67127215]]]";"{type=Point, coordinates=[37.5553408, 55.67127215]}";"1773689";
"";"";"Октябрьская, вход 1 в вестибюль";"1";"да";"Центральный административный округ";"район Якиманка";"37.61149707";"55.72924586";"наземный, встроенный в здание";"Октябрьская";"Кольцевая линия";"выявленный объект культурного наследия";"открытие в 05:30:00; закрытие в 01:00:00; первый поезд по 1 пути в 05:56:00, по 2 пути в 05:43:00; последний поезд по 1 пути в 01:38:00, по 2 пути в 01:20:00";"открытие в 05:30:00; закрытие в 01:00:00; первый поезд по 1 пути в 05:56:00, по 2 пути в 05:42:00; последний поезд по 1 пути в 01:38:00, по 2 пути в 01:19:00";"";"";"3";"[{global_id=2929, RepairOfEscalators=29.08.2022-21.10.2022}, {global_id=3518, RepairOfEscalators=23.10.2023-29.12.2023}]";"действует";"[Geometry[type=Point, coordinates=[37.61149707, 55.72924586]]]";"{type=Point, coordinates=[37.61149707, 55.72924586]}";"1773690";
"";"";"Октябрьская, вход 3 в вестибюль";"3";"да";"Центральный административный округ";"район Якиманка";"37.61260714";"55.73133028";"наземный отдельностоящий";"Октябрьская";"Калужско-Рижская линия";"не является объектом культурного наследия";"открытие в 05:30:00; закрытие в 01:00:00; первый поезд по 1 пути в 05:50:00, по 2 пути в 05:54:00; последний поезд по 1 пути в 01:30:00, по 2 пути в 01:32:00";"открытие в 05:30:00; закрытие в 01:00:00; первый поезд по 1 пути в 05:50:00, по 2 пути в 05:54:00; последний поезд по 1 пути в 01:30:00, по 2 пути в 01:32:00";"";"";"4";"[{global_id=3032, RepairOfEscalators=09.12.2022-24.12.2022}, {global_id=3181, RepairOfEscalators=15.05.2023-12.07.2023}, {global_id=3371, RepairOfEscalators=09.10.2023-20.10.2023}]";"действует";"[Geometry[type=Point, coordinates=[37.61260714, 55.73133028]]]";"{type=Point, coordinates=[37.61260714, 55.73133028]}";"1773691";
"";"";"Октябрьское поле, вход-выход 1 в вестибюль 2";"1";"да";"Северо-Западный административный округ";"район Щукино";"37.49232145";"55.79393600";"подземный";"Октябрьское поле";"Таганско-Краснопресненская линия";"не является объектом культурного наследия";"открытие в 05:30:00; закрытие в 01:00:00; первый поезд по 1 пути в 05:54:00, по 2 пути в 05:55:00; последний поезд по 1 пути в 01:16:00, по 2 пути в 01:49:00";"открытие в 05:30:00; закрытие в 01:00:00; первый поезд по 1 пути в 05:53:00, по 2 пути в 05:54:00; последний поезд по 1 пути в 01:16:00, по 2 пути в 01:49:00";"";"";"4";"[]";"действует";"[Geometry[type=Point, coordinates=[37.49232145, 55.793936]]]";"{type=Point, coordinates=[37.49232145, 55.793936]}";"1773692";
"";"";"Октябрьское поле, вход-выход 2 в вестибюль 2";"2";"да";"Северо-Западный административный округ";"район Щукино";"37.49189766";"55.79415057";"подземный";"Октябрьское поле";"Таганско-Краснопресненская линия";"не является объектом культурного наследия";"открытие в 05:30:00; закрытие в 01:00:00; первый поезд по 1 пути в 05:54:00, по 2 пути в 05:55:00; последний поезд по 1 пути в 01:16:00, по 2 пути в 01:49:00";"открытие в 05:30:00; закрытие в 01:00:00; первый поезд по 1 пути в 05:53:00, по 2 пути в 05:54:00; последний поезд по 1 пути в 01:16:00, по 2 пути в 01:49:00";"";"";"4";"[]";"действует";"[Geometry[type=Point, coordinates=[37.49189766, 55.79415057]]]";"{type=Point, coordinates=[37.49189766, 55.79415057]}";"1773693";
"";"";"Октябрьское поле, вход-выход 4 в вестибюль 2";"4";"да";"Северо-Западный административный округ";"район Щукино";"37.49260845";"55.79413848";"подземный";"Октябрьское поле";"Таганско-Краснопресненская линия";"не является объектом культурного наследия";"открытие в 05:30:00; закрытие в 01:00:00; первый поезд по 1 пути в 05:54:00, по 2 пути в 05:55:00; последний поезд по 1 пути в 01:16:00, по 2 пути в 01:49:00";"открытие в 05:30:00; закрытие в 01:00:00; первый поезд по 1 пути в 05:53:00, по 2 пути в 05:54:00; последний поезд по 1 пути в 01:16:00, по 2 пути в 01:49:00";"";"";"4";"[]";"действует";"[Geometry[type=Point, coordinates=[37.49260845, 55.79413848]]]";"{type=Point, coordinates=[37.49260845, 55.79413848]}";"1773694";
"";"";"Октябрьское поле, вход-выход 3 в вестибюль 2";"3";"да";"Северо-Западный административный округ";"район Щукино";"37.49220611";"55.79435305";"подземный";"Октябрьское поле";"Таганско-Краснопресненская линия";"не является объектом культурного наследия";"открытие в 05:30:00; закрытие в 01:00:00; первый поезд по 1 пути в 05:54:00, по 2 пути в 05:55:00; последний поезд по 1 пути в 01:16:00, по 2 пути в 01:49:00";"открытие в 05:30:00; закрытие в 01:00:00; первый поезд по 1 пути в 05:53:00, по 2 пути в 05:54:00; последний поезд по 1 пути в 01:16:00, по 2 пути в 01:49:00";"";"";"4";"[]";"действует";"[Geometry[type=Point, coordinates=[37.49220611, 55.79435305]]]";"{type=Point, coordinates=[37.49220611, 55.79435305]}";"1773695";
"";"";"Новые Черёмушки, вход-выход 7 в северный вестибюль";"7";"да";"Юго-Западный административный округ";"район Черёмушки";"37.55588261";"55.67108721";"подземный";"Новые Черёмушки";"Калужско-Рижская линия";"не является объектом культурного наследия";"открытие в 05:30:00; закрытие в 01:00:00; первый поезд по 1 пути в 05:35:00, по 2 пути в 05:47:00; последний поезд по 1 пути в 01:18:00, по 2 пути в 01:44:00";"открытие в 05:30:00; закрытие в 01:00:00; первый поезд по 1 пути в 05:35:00, по 2 пути в 05:47:00; последний поезд по 1 пути в 01:18:00, по 2 пути в 01:44:00";"";"";"3";"[]";"действует";"[Geometry[type=Point, coordinates=[37.55588261, 55.67108721]]]";"{type=Point, coordinates=[37.55588261, 55.67108721]}";"1773696";
"";"";"Октябрьское поле, вход-выход 8 в вестибюль 1";"8";"да";"Северо-Западный административный округ";"район Щукино";"37.49428330";"55.79292747";"подземный";"Октябрьское поле";"Таганско-Краснопресненская линия";"не является объектом культурного наследия";"открытие в 05:30:00; закрытие в 01:00:00; первый поезд по 1 пути в 05:54:00, по 2 пути в 05:55:00; последний поезд по 1 пути в 01:16:00, по 2 пути в 01:49:00";"открытие в 05:30:00; закрытие в 01:00:00; первый поезд по 1 пути в 05:53:00, по 2 пути в 05:54:00; последний поезд по 1 пути в 01:16:00, по 2 пути в 01:49:00";"";"";"3";"[]";"действует";"[Geometry[type=Point, coordinates=[37.4942833, 55.79292747]]]";"{type=Point, coordinates=[37.4942833, 55.79292747]}";"1773697";
"";"";"Китай-город, вход-выход 8 в южный вестибюль";"8";"да";"Центральный административный округ";"Таганский район";"37.63541862";"55.75371212";"подземный";"Китай-город";"Таганско-Краснопресненская линия";"не является объектом культурного наследия";"открытие в 05:30:00; закрытие в 01:00:00; первый поезд по 1 пути в 05:49:00, по 2 пути в 05:56:00; последний поезд по 1 пути в 01:32:00, по 2 пути в 01:33:00";"открытие в 05:30:00; закрытие в 01:00:00; первый поезд по 1 пути в 05:45:00, по 2 пути в 05:54:00; последний поезд по 1 пути в 01:32:00, по 2 пути в 01:33:00";"";"";"7";"[{global_id=3728, RepairOfEscalators=01.08.2024-06.09.2024}]";"действует";"[Geometry[type=Point, coordinates=[37.63541862, 55.75371212]]]";"{type=Point, coordinates=[37.63541862, 55.75371212]}";"1773698";
"";"";"Кожуховская, вход-выход 2 из вестибюля";"2";"да";"Юго-Восточный административный округ";"Южнопортовый район";"37.68545667";"55.70614936";"наземный отдельностоящий";"Кожуховская";"Люблинско-Дмитровская линия";"не является объектом культурного наследия";"открытие в 05:30:00; закрытие в 01:00:00; первый поезд по 1 пути в 06:01:00, по 2 пути в 05:35:00; последний поезд по 1 пути в 01:47:00, по 2 пути в 01:24:00";"открытие в 05:30:00; закрытие в 01:00:00; первый поезд по 1 пути в 06:03:00, по 2 пути в 05:35:00; последний поезд по 1 пути в 01:47:00, по 2 пути в 01:24:00";"";"";"5";"[{global_id=2933, RepairOfEscalators=30.09.2022-31.10.2022}, {global_id=3602, RepairOfEscalators=12.03.2024-29.03.2024}, {global_id=3633, RepairOfEscalators=22.03.2024-15.05.2024}, {global_id=3832, RepairOfEscalators=09.09.2024-19.12.2024}]";"действует";"[Geometry[type=Point, coordinates=[37.68545667, 55.70614936]]]";"{type=Point, coordinates=[37.68545667, 55.70614936]}";"1773699";
"";"";"Кожуховская, вход-выход 1 в вестибюль";"1";"да";"Юго-Восточный административный округ";"Южнопортовый район";"37.68554250";"55.70634018";"наземный отдельностоящий";"Кожуховская";"Люблинско-Дмитровская линия";"не является объектом культурного наследия";"открытие в 05:30:00; закрытие в 01:00:00; первый поезд по 1 пути в 06:01:00, по 2 пути в 05:35:00; последний поезд по 1 пути в 01:47:00, по 2 пути в 01:24:00";"открытие в 05:30:00; закрытие в 01:00:00; первый поезд по 1 пути в 06:03:00, по 2 пути в 05:35:00; последний поезд по 1 пути в 01:47:00, по 2 пути в 01:24:00";"";"";"5";"[{global_id=3632, RepairOfEscalators=06.05.2024-31.05.2024}]";"действует";"[Geometry[type=Point, coordinates=[37.6855425, 55.70634018]]]";"{type=Point, coordinates=[37.6855425, 55.70634018]}";"1773700";
"";"";"Коломенская, вход-выход 3 в южный вестибюль";"3";"да";"Южный административный округ";"район Нагатино-Садовники";"37.66276375";"55.67674543";"подземный";"Коломенская";"Замоскворецкая линия";"не является объектом культурного наследия";"открытие в 05:30:00; закрытие в 01:00:00; первый поезд по 1 пути в 05:48:00, по 2 пути в 05:48:00; последний поезд по 1 пути в 01:25:00, по 2 пути в 01:44:00";"открытие в 05:30:00; закрытие в 01:00:00; первый поезд по 1 пути в 05:48:00, по 2 пути в 05:48:00; последний поезд по 1 пути в 01:25:00, по 2 пути в 01:44:00";"";"";"4";"[]";"действует";"[Geometry[type=Point, coordinates=[37.66276375, 55.67674543]]]";"{type=Point, coordinates=[37.66276375, 55.67674543]}";"1773701";
"";"";"Коломенская, вход-выход 4 в южный вестибюль";"4";"да";"Южный административный округ";"район Нагатино-Садовники";"37.66298906";"55.67770633";"подземный";"Коломенская";"Замоскворецкая линия";"не является объектом культурного наследия";"открытие в 05:30:00; закрытие в 01:00:00; первый поезд по 1 пути в 05:48:00, по 2 пути в 05:48:00; последний поезд по 1 пути в 01:25:00, по 2 пути в 01:44:00";"открытие в 05:30:00; закрытие в 01:00:00; первый поезд по 1 пути в 05:48:00, по 2 пути в 05:48:00; последний поезд по 1 пути в 01:25:00, по 2 пути в 01:44:00";"";"";"4";"[]";"действует";"[Geometry[type=Point, coordinates=[37.66298906, 55.67770633]]]";"{type=Point, coordinates=[37.66298906, 55.67770633]}";"1773702";
"";"";"Коломенская, вход-выход 5 в северный вестибюль";"5";"да";"Южный административный округ";"район Нагатино-Садовники";"37.66333360";"55.67926718";"подземный";"Коломенская";"Замоскворецкая линия";"не является объектом культурного наследия";"открытие в 05:30:00; закрытие в 01:00:00; первый поезд по 1 пути в 05:48:00, по 2 пути в 05:48:00; последний поезд по 1 пути в 01:25:00, по 2 пути в 01:44:00";"открытие в 05:30:00; закрытие в 01:00:00; первый поезд по 1 пути в 05:48:00, по 2 пути в 05:48:00; последний поезд по 1 пути в 01:25:00, по 2 пути в 01:44:00";"";"";"4";"[]";"действует";"[Geometry[type=Point, coordinates=[37.6633336, 55.67926718]]]";"{type=Point, coordinates=[37.6633336, 55.67926718]}";"1773703";
"";"";"Коломенская, вход-выход 2 в южный вестибюль";"2";"да";"Южный административный округ";"район Нагатинский Затон";"37.66433553";"55.67673027";"подземный";"Коломенская";"Замоскворецкая линия";"не является объектом культурного наследия";"открытие в 05:30:00; закрытие в 01:00:00; первый поезд по 1 пути в 05:48:00, по 2 пути в 05:48:00; последний поезд по 1 пути в 01:25:00, по 2 пути в 01:44:00";"открытие в 05:30:00; закрытие в 01:00:00; первый поезд по 1 пути в 05:48:00, по 2 пути в 05:48:00; последний поезд по 1 пути в 01:25:00, по 2 пути в 01:44:00";"";"";"4";"[]";"действует";"[Geometry[type=Point, coordinates=[37.66433553, 55.67673027]]]";"{type=Point, coordinates=[37.66433553, 55.67673027]}";"1773704";
"";"";"Коломенская, вход-выход 1 в южный вестибюль";"1";"да";"Южный административный округ";"район Нагатинский Затон";"37.66454312";"55.67763450";"подземный";"Коломенская";"Замоскворецкая линия";"не является объектом культурного наследия";"открытие в 05:30:00; закрытие в 01:00:00; первый поезд по 1 пути в 05:48:00, по 2 пути в 05:48:00; последний поезд по 1 пути в 01:25:00, по 2 пути в 01:44:00";"открытие в 05:30:00; закрытие в 01:00:00; первый поезд по 1 пути в 05:48:00, по 2 пути в 05:48:00; последний поезд по 1 пути в 01:25:00, по 2 пути в 01:44:00";"";"";"4";"[]";"действует";"[Geometry[type=Point, coordinates=[37.66454312, 55.6776345]]]";"{type=Point, coordinates=[37.66454312, 55.6776345]}";"1773705";
"";"";"Коломенская, вход-выход 7 в северный вестибюль";"7";"да";"Южный административный округ";"район Нагатинский Затон";"37.66496974";"55.67953145";"подземный";"Коломенская";"Замоскворецкая линия";"не является объектом культурного наследия";"открытие в 05:30:00; закрытие в 01:00:00; первый поезд по 1 пути в 05:48:00, по 2 пути в 05:48:00; последний поезд по 1 пути в 01:25:00, по 2 пути в 01:44:00";"открытие в 05:30:00; закрытие в 01:00:00; первый поезд по 1 пути в 05:48:00, по 2 пути в 05:48:00; последний поезд по 1 пути в 01:25:00, по 2 пути в 01:44:00";"";"";"4";"[]";"действует";"[Geometry[type=Point, coordinates=[37.66496974, 55.67953145]]]";"{type=Point, coordinates=[37.66496974, 55.67953145]}";"1773706";
"";"";"Коломенская, вход-выход 8 в северный вестибюль";"8";"да";"Южный административный округ";"район Нагатинский Затон";"37.66487318";"55.67917984";"подземный";"Коломенская";"Замоскворецкая линия";"не является объектом культурного наследия";"открытие в 05:30:00; закрытие в 01:00:00; первый поезд по 1 пути в 05:48:00, по 2 пути в 05:48:00; последний поезд по 1 пути в 01:25:00, по 2 пути в 01:44:00";"открытие в 05:30:00; закрытие в 01:00:00; первый поезд по 1 пути в 05:48:00, по 2 пути в 05:48:00; последний поезд по 1 пути в 01:25:00, по 2 пути в 01:44:00";"";"";"4";"[]";"действует";"[Geometry[type=Point, coordinates=[37.66487318, 55.67917984]]]";"{type=Point, coordinates=[37.66487318, 55.67917984]}";"1773707";
"";"";"Коломенская, вход-выход 6 в северный вестибюль";"6";"да";"Южный административный округ";"район Нагатино-Садовники";"37.66341406";"55.67963753";"подземный";"Коломенская";"Замоскворецкая линия";"не является объектом культурного наследия";"открытие в 05:30:00; закрытие в 01:00:00; первый поезд по 1 пути в 05:48:00, по 2 пути в 05:48:00; последний поезд по 1 пути в 01:25:00, по 2 пути в 01:44:00";"открытие в 05:30:00; закрытие в 01:00:00; первый поезд по 1 пути в 05:48:00, по 2 пути в 05:48:00; последний поезд по 1 пути в 01:25:00, по 2 пути в 01:44:00";"";"";"4";"[]";"действует";"[Geometry[type=Point, coordinates=[37.66341406, 55.67963753]]]";"{type=Point, coordinates=[37.66341406, 55.67963753]}";"1773708";
"";"";"Комсомольская, вход 1 в вестибюль";"1";"да";"Центральный административный округ";"Красносельский район";"37.65549339";"55.77718082";"подземный";"Комсомольская";"Кольцевая линия";"объект культурного наследия регионального значения";"открытие в 05:30:00; закрытие в 01:00:00; первый поезд по 1 пути в 05:42:00, по 2 пути в 05:46:00; последний поезд по 1 пути в 01:27:00, по 2 пути в 01:31:00";"открытие в 05:30:00; закрытие в 01:00:00; первый поезд по 1 пути в 05:42:00, по 2 пути в 05:45:00; последний поезд по 1 пути в 01:32:00, по 2 пути в 01:30:00";"";"";"25";"[{global_id=3317, RepairOfEscalators=24.07.2023-31.07.2023}]";"действует";"[Geometry[type=Point, coordinates=[37.65549339, 55.77718082]]]";"{type=Point, coordinates=[37.65549339, 55.77718082]}";"1773709";
"";"";"Комсомольская, вход-выход 10 в вестибюль";"10";"да";"Центральный административный округ";"Красносельский район";"37.65592650";"55.77583441";"подземный";"Комсомольская";"Кольцевая линия";"объект культурного наследия регионального значения";"открытие в 05:30:00; закрытие в 01:00:00; первый поезд по 1 пути в 05:42:00, по 2 пути в 05:46:00; последний поезд по 1 пути в 01:27:00, по 2 пути в 01:31:00";"открытие в 05:30:00; закрытие в 01:00:00; первый поезд по 1 пути в 05:42:00, по 2 пути в 05:45:00; последний поезд по 1 пути в 01:32:00, по 2 пути в 01:30:00";"";"";"25";"[]";"действует";"[Geometry[type=Point, coordinates=[37.6559265, 55.77583441]]]";"{type=Point, coordinates=[37.6559265, 55.77583441]}";"1773710";
"";"";"Комсомольская, вход-выход 12 в вестибюль";"12";"да";"Центральный административный округ";"Красносельский район";"37.65620786";"55.77447460";"подземный";"Комсомольская";"Кольцевая линия";"объект культурного наследия регионального значения";"открытие в 05:30:00; закрытие в 01:00:00; первый поезд по 1 пути в 05:42:00, по 2 пути в 05:46:00; последний поезд по 1 пути в 01:27:00, по 2 пути в 01:31:00";"открытие в 05:30:00; закрытие в 01:00:00; первый поезд по 1 пути в 05:42:00, по 2 пути в 05:45:00; последний поезд по 1 пути в 01:32:00, по 2 пути в 01:30:00";"";"";"25";"[]";"действует";"[Geometry[type=Point, coordinates=[37.65620786, 55.7744746]]]";"{type=Point, coordinates=[37.65620786, 55.7744746]}";"1773711";
"";"";"Комсомольская, выход 2 из вестибюля";"2";"да";"Центральный административный округ";"Красносельский район";"37.65631146";"55.77624657";"наземный отдельностоящий";"Комсомольская";"Кольцевая линия";"объект культурного наследия регионального значения";"открытие в 05:30:00; закрытие в 01:00:00; первый поезд по 1 пути в 05:42:00, по 2 пути в 05:46:00; последний поезд по 1 пути в 01:27:00, по 2 пути в 01:31:00";"открытие в 05:30:00; закрытие в 01:00:00; первый поезд по 1 пути в 05:42:00, по 2 пути в 05:45:00; последний поезд по 1 пути в 01:32:00, по 2 пути в 01:30:00";"";"";"25";"[{global_id=3316, RepairOfEscalators=24.07.2023-31.07.2023}]";"действует";"[Geometry[type=Point, coordinates=[37.65631146, 55.77624657]]]";"{type=Point, coordinates=[37.65631146, 55.77624657]}";"1773712";
"";"";"Комсомольская, вход 7 в вестибюль";"7";"да";"Центральный административный округ";"Красносельский район";"37.65530832";"55.77572047";"подземный";"Комсомольская";"Кольцевая линия";"объект культурного наследия регионального значения";"открытие в 05:30:00; закрытие в 01:00:00; первый поезд по 1 пути в 05:42:00, по 2 пути в 05:46:00; последний поезд по 1 пути в 01:27:00, по 2 пути в 01:31:00";"открытие в 05:30:00; закрытие в 01:00:00; первый поезд по 1 пути в 05:42:00, по 2 пути в 05:45:00; последний поезд по 1 пути в 01:32:00, по 2 пути в 01:30:00";"";"";"25";"[]";"действует";"[Geometry[type=Point, coordinates=[37.65530832, 55.77572047]]]";"{type=Point, coordinates=[37.65530832, 55.77572047]}";"1773713";
"";"";"Комсомольская, вход 5 в вестибюль";"5";"да";"Центральный административный округ";"Красносельский район";"37.65789129";"55.77733804";"подземный";"Комсомольская";"Кольцевая линия";"объект культурного наследия регионального значения";"открытие в 05:30:00; закрытие в 01:00:00; первый поезд по 1 пути в 05:42:00, по 2 пути в 05:46:00; последний поезд по 1 пути в 01:27:00, по 2 пути в 01:31:00";"открытие в 05:30:00; закрытие в 01:00:00; первый поезд по 1 пути в 05:42:00, по 2 пути в 05:45:00; последний поезд по 1 пути в 01:32:00, по 2 пути в 01:30:00";"";"";"25";"[]";"действует";"[Geometry[type=Point, coordinates=[37.65789129, 55.77733804]]]";"{type=Point, coordinates=[37.65789129, 55.77733804]}";"1773714";
"";"";"Коньково, вход-выход 4 в южный вестибюль";"4";"да";"Юго-Западный административный округ";"район Тёплый Стан";"37.51809274";"55.63250634";"подземный";"Коньково";"Калужско-Рижская линия";"не является объектом культурного наследия";"открытие в 05:30:00; закрытие в 01:00:00; первый поезд по 1 пути в 05:52:00, по 2 пути в 05:45:00; последний поезд по 1 пути в 01:11:00, по 2 пути в 01:51:00";"открытие в 05:30:00; закрытие в 01:00:00; первый поезд по 1 пути в 05:50:00, по 2 пути в 05:43:00; последний поезд по 1 пути в 01:11:00, по 2 пути в 01:51:00";"";"";"3";"[]";"действует";"[Geometry[type=Point, coordinates=[37.51809274, 55.63250634]]]";"{type=Point, coordinates=[37.51809274, 55.63250634]}";"1773715";
"";"";"Новослободская, вход-выход 1 в вестибюль";"1";"да";"Центральный административный округ";"Тверской район";"37.60111130";"55.77949120";"наземный отдельностоящий";"Новослободская";"Кольцевая линия";"выявленный объект культурного наследия";"открытие в 05:30:00; закрытие в 01:00:00; первый поезд по 1 пути в 05:35:00, по 2 пути в 05:51:00; последний поезд по 1 пути в 01:22:00, по 2 пути в 01:36:00";"открытие в 05:30:00; закрытие в 01:00:00; первый поезд по 1 пути в 05:35:00, по 2 пути в 05:50:00; последний поезд по 1 пути в 01:27:00, по 2 пути в 01:35:00";"";"";"3";"[{global_id=3033, RepairOfEscalators=02.12.2022-30.12.2022}]";"действует";"[Geometry[type=Point, coordinates=[37.6011113, 55.7794912]]]";"{type=Point, coordinates=[37.6011113, 55.7794912]}";"1773716";
"";"";"Новоясеневская, вход-выход 2 в северный вестибюль";"2";"да";"Юго-Западный административный округ";"район Ясенево";"37.55293865";"55.601448";"подземный";"Новоясеневская";"Калужско-Рижская линия";"не является объектом культурного наследия";"открытие в 05:30:00; закрытие в 01:00:00; первый поезд по 1 пути в 05:45:00; последний поезд по 1 пути в 01:03:00";"открытие в 05:30:00; закрытие в 01:00:00; первый поезд по 1 пути в 05:42:00; последний поезд по 1 пути в 01:03:00";"";"";"2";"[]";"действует";"[Geometry[type=Point, coordinates=[37.55293865, 55.601448]]]";"{type=Point, coordinates=[37.55293865, 55.601448]}";"1773717";
"";"";"Новоясеневская, вход-выход 3 в северный вестибюль";"3";"да";"Юго-Западный административный округ";"район Ясенево";"37.5528887";"55.6019926";"подземный";"Новоясеневская";"Калужско-Рижская линия";"не является объектом культурного наследия";"открытие в 05:30:00; закрытие в 01:00:00; первый поезд по 1 пути в 05:45:00; последний поезд по 1 пути в 01:03:00";"открытие в 05:30:00; закрытие в 01:00:00; первый поезд по 1 пути в 05:42:00; последний поезд по 1 пути в 01:03:00";"";"";"2";"[]";"действует";"[Geometry[type=Point, coordinates=[37.5528887, 55.6019926]]]";"{type=Point, coordinates=[37.5528887, 55.6019926]}";"1773718";
"";"";"Новые Черёмушки, вход-выход 4 в южный вестибюль";"4";"да";"Юго-Западный административный округ";"Обручевский район";"37.55361304";"55.66967209";"подземный";"Новые Черёмушки";"Калужско-Рижская линия";"не является объектом культурного наследия";"открытие в 05:30:00; закрытие в 01:00:00; первый поезд по 1 пути в 05:35:00, по 2 пути в 05:47:00; последний поезд по 1 пути в 01:18:00, по 2 пути в 01:44:00";"открытие в 05:30:00; закрытие в 01:00:00; первый поезд по 1 пути в 05:35:00, по 2 пути в 05:47:00; последний поезд по 1 пути в 01:18:00, по 2 пути в 01:44:00";"";"";"2";"[]";"действует";"[Geometry[type=Point, coordinates=[37.55361304, 55.66967209]]]";"{type=Point, coordinates=[37.55361304, 55.66967209]}";"1773719";
"";"";"Новые Черёмушки, вход-выход 1 в южный вестибюль";"1";"да";"Юго-Западный административный округ";"район Черёмушки";"37.55416021";"55.66946896";"подземный";"Новые Черёмушки";"Калужско-Рижская линия";"не является объектом культурного наследия";"открытие в 05:30:00; закрытие в 01:00:00; первый поезд по 1 пути в 05:35:00, по 2 пути в 05:47:00; последний поезд по 1 пути в 01:18:00, по 2 пути в 01:44:00";"открытие в 05:30:00; закрытие в 01:00:00; первый поезд по 1 пути в 05:35:00, по 2 пути в 05:47:00; последний поезд по 1 пути в 01:18:00, по 2 пути в 01:44:00";"";"";"2";"[]";"действует";"[Geometry[type=Point, coordinates=[37.55416021, 55.66946896]]]";"{type=Point, coordinates=[37.55416021, 55.66946896]}";"1773720";
"";"";"Октябрьское поле, вход-выход 7 в вестибюль 1";"7";"да";"Северо-Западный административный округ";"район Щукино";"37.49473392";"55.79268267";"подземный";"Октябрьское поле";"Таганско-Краснопресненская линия";"не является объектом культурного наследия";"открытие в 05:30:00; закрытие в 01:00:00; первый поезд по 1 пути в 05:54:00, по 2 пути в 05:55:00; последний поезд по 1 пути в 01:16:00, по 2 пути в 01:49:00";"открытие в 05:30:00; закрытие в 01:00:00; первый поезд по 1 пути в 05:53:00, по 2 пути в 05:54:00; последний поезд по 1 пути в 01:16:00, по 2 пути в 01:49:00";"";"";"3";"[]";"действует";"[Geometry[type=Point, coordinates=[37.49473392, 55.79268267]]]";"{type=Point, coordinates=[37.49473392, 55.79268267]}";"1773721";
"";"";"Октябрьское поле, вход-выход 5 в вестибюль 1";"5";"да";"Северо-Западный административный округ";"район Щукино";"37.49459444";"55.79311485";"подземный";"Октябрьское поле";"Таганско-Краснопресненская линия";"не является объектом культурного наследия";"открытие в 05:30:00; закрытие в 01:00:00; первый поезд по 1 пути в 05:54:00, по 2 пути в 05:55:00; последний поезд по 1 пути в 01:16:00, по 2 пути в 01:49:00";"открытие в 05:30:00; закрытие в 01:00:00; первый поезд по 1 пути в 05:53:00, по 2 пути в 05:54:00; последний поезд по 1 пути в 01:16:00, по 2 пути в 01:49:00";"";"";"3";"[]";"действует";"[Geometry[type=Point, coordinates=[37.49459444, 55.79311485]]]";"{type=Point, coordinates=[37.49459444, 55.79311485]}";"1773722";
"";"";"Октябрьское поле, вход-выход 6 в вестибюль 1";"6";"да";"Северо-Западный административный округ";"район Щукино";"37.49506651";"55.79287307";"подземный";"Октябрьское поле";"Таганско-Краснопресненская линия";"не является объектом культурного наследия";"открытие в 05:30:00; закрытие в 01:00:00; первый поезд по 1 пути в 05:54:00, по 2 пути в 05:55:00; последний поезд по 1 пути в 01:16:00, по 2 пути в 01:49:00";"открытие в 05:30:00; закрытие в 01:00:00; первый поезд по 1 пути в 05:53:00, по 2 пути в 05:54:00; последний поезд по 1 пути в 01:16:00, по 2 пути в 01:49:00";"";"";"3";"[]";"действует";"[Geometry[type=Point, coordinates=[37.49506651, 55.79287307]]]";"{type=Point, coordinates=[37.49506651, 55.79287307]}";"1773723";
"";"";"Орехово, вход-выход 1 в южный вестибюль";"1";"да";"Южный административный округ";"район Орехово-Борисово Северное";"37.69584231";"55.61227361";"подземный";"Орехово";"Замоскворецкая линия";"не является объектом культурного наследия";"открытие в 05:30:00; закрытие в 01:00:00; первый поезд по 1 пути в 05:35:00, по 2 пути в 05:56:00; последний поезд по 1 пути в 01:13:00, по 2 пути в 01:56:00";"открытие в 05:30:00; закрытие в 01:00:00; первый поезд по 1 пути в 05:35:00, по 2 пути в 05:56:00; последний поезд по 1 пути в 01:13:00, по 2 пути в 01:56:00";"";"";"4";"[{global_id=2932, RepairOfEscalators=03.10.2022-05.10.2022}, {global_id=3628, RepairOfEscalators=12.04.2024-26.04.2024}]";"действует";"[Geometry[type=Point, coordinates=[37.69584231, 55.61227361]]]";"{type=Point, coordinates=[37.69584231, 55.61227361]}";"1773724";
"";"";"Ленинский проспект, вход-выход 2 в северный вестибюль";"2";"да";"Южный административный округ";"Донской район";"37.58761351";"55.70853655";"наземный отдельностоящий";"Ленинский проспект";"Калужско-Рижская линия";"не является объектом культурного наследия";"открытие в 05:30:00; закрытие в 01:00:00; первый поезд по 1 пути в 05:42:00, по 2 пути в 06:00:00; последний поезд по 1 пути в 01:24:00, по 2 пути в 01:37:00";"открытие в 05:30:00; закрытие в 01:00:00; первый поезд по 1 пути в 05:42:00, по 2 пути в 06:00:00; последний поезд по 1 пути в 01:24:00, по 2 пути в 01:37:00";"";"";"3";"[]";"действует";"[Geometry[type=Point, coordinates=[37.58761351, 55.70853655]]]";"{type=Point, coordinates=[37.58761351, 55.70853655]}";"1773725";
"";"";"Лубянка, вход-выход 9 в северный вестибюль";"9";"да";"Центральный административный округ";"Тверской район";"37.62603809";"55.75901352";"подземный";"Лубянка";"Сокольническая линия";"выявленный объект культурного наследия";"открытие в 05:30:00; закрытие в 01:00:00; первый поезд по 1 пути в 05:38:00, по 2 пути в 05:58:00; последний поезд по 1 пути в 01:21:00, по 2 пути в 01:50:00";"открытие в 05:30:00; закрытие в 01:00:00; первый поезд по 1 пути в 05:38:00, по 2 пути в 05:58:00; последний поезд по 1 пути в 01:21:00, по 2 пути в 01:50:00";"";"";"3";"[{global_id=2905, RepairOfEscalators=06.07.2022-08.07.2022}, {global_id=3173, RepairOfEscalators=11.05.2023-30.06.2023}, {global_id=3810, RepairOfEscalators=06.08.2024-20.08.2024}, {global_id=3831, RepairOfEscalators=21.08.2024-30.08.2024}, {global_id=4072, RepairOfEscalators=04.02.2025-30.04.2025}]";"действует";"[Geometry[type=Point, coordinates=[37.62603809, 55.75901352]]]";"{type=Point, coordinates=[37.62603809, 55.75901352]}";"1773726";
"";"";"Лубянка, вход-выход 8 в северный вестибюль";"8";"да";"Центральный административный округ";"Тверской район";"37.62633850";"55.75882296";"подземный";"Лубянка";"Сокольническая линия";"выявленный объект культурного наследия";"открытие в 05:30:00; закрытие в 01:00:00; первый поезд по 1 пути в 05:38:00, по 2 пути в 05:58:00; последний поезд по 1 пути в 01:21:00, по 2 пути в 01:50:00";"открытие в 05:30:00; закрытие в 01:00:00; первый поезд по 1 пути в 05:38:00, по 2 пути в 05:58:00; последний поезд по 1 пути в 01:21:00, по 2 пути в 01:50:00";"";"";"3";"[{global_id=2904, RepairOfEscalators=06.07.2022-08.07.2022}, {global_id=3172, RepairOfEscalators=11.05.2023-30.06.2023}, {global_id=3809, RepairOfEscalators=06.08.2024-20.08.2024}, {global_id=3830, RepairOfEscalators=21.08.2024-30.08.2024}, {global_id=4071, RepairOfEscalators=04.02.2025-30.04.2025}]";"действует";"[Geometry[type=Point, coordinates=[37.6263385, 55.75882296]]]";"{type=Point, coordinates=[37.6263385, 55.75882296]}";"1773727";
"";"";"Лубянка, вход-выход 7 в северный вестибюль";"7";"да";"Центральный административный округ";"Тверской район";"37.62718071";"55.75893185";"подземный";"Лубянка";"Сокольническая линия";"выявленный объект культурного наследия";"открытие в 05:30:00; закрытие в 01:00:00; первый поезд по 1 пути в 05:38:00, по 2 пути в 05:58:00; последний поезд по 1 пути в 01:21:00, по 2 пути в 01:50:00";"открытие в 05:30:00; закрытие в 01:00:00; первый поезд по 1 пути в 05:38:00, по 2 пути в 05:58:00; последний поезд по 1 пути в 01:21:00, по 2 пути в 01:50:00";"";"";"3";"[{global_id=2903, RepairOfEscalators=06.07.2022-08.07.2022}, {global_id=3171, RepairOfEscalators=11.05.2023-30.06.2023}, {global_id=3808, RepairOfEscalators=06.08.2024-20.08.2024}, {global_id=3829, RepairOfEscalators=21.08.2024-30.08.2024}, {global_id=4070, RepairOfEscalators=04.02.2025-30.04.2025}]";"действует";"[Geometry[type=Point, coordinates=[37.62718071, 55.75893185]]]";"{type=Point, coordinates=[37.62718071, 55.75893185]}";"1773728";
"";"";"Лубянка, вход-выход 6 в северный вестибюль";"6";"да";"Центральный административный округ";"Тверской район";"37.62809266";"55.75922829";"подземный";"Лубянка";"Сокольническая линия";"выявленный объект культурного наследия";"открытие в 05:30:00; закрытие в 01:00:00; первый поезд по 1 пути в 05:38:00, по 2 пути в 05:58:00; последний поезд по 1 пути в 01:21:00, по 2 пути в 01:50:00";"открытие в 05:30:00; закрытие в 01:00:00; первый поезд по 1 пути в 05:38:00, по 2 пути в 05:58:00; последний поезд по 1 пути в 01:21:00, по 2 пути в 01:50:00";"";"";"3";"[{global_id=2902, RepairOfEscalators=06.07.2022-08.07.2022}, {global_id=3170, RepairOfEscalators=11.05.2023-30.06.2023}, {global_id=3807, RepairOfEscalators=06.08.2024-20.08.2024}, {global_id=3828, RepairOfEscalators=21.08.2024-30.08.2024}, {global_id=4069, RepairOfEscalators=04.02.2025-30.04.2025}]";"действует";"[Geometry[type=Point, coordinates=[37.62809266, 55.75922829]]]";"{type=Point, coordinates=[37.62809266, 55.75922829]}";"1773729";
"";"";"Лубянка, вход-выход 2 в северный вестибюль";"2";"да";"Центральный административный округ";"Тверской район";"37.62801756";"55.76001172";"подземный";"Лубянка";"Сокольническая линия";"выявленный объект культурного наследия";"открытие в 05:30:00; закрытие в 01:00:00; первый поезд по 1 пути в 05:38:00, по 2 пути в 05:58:00; последний поезд по 1 пути в 01:21:00, по 2 пути в 01:50:00";"открытие в 05:30:00; закрытие в 01:00:00; первый поезд по 1 пути в 05:38:00, по 2 пути в 05:58:00; последний поезд по 1 пути в 01:21:00, по 2 пути в 01:50:00";"";"";"3";"[{global_id=2898, RepairOfEscalators=06.07.2022-08.07.2022}, {global_id=3166, RepairOfEscalators=11.05.2023-30.06.2023}, {global_id=3803, RepairOfEscalators=06.08.2024-20.08.2024}, {global_id=3824, RepairOfEscalators=21.08.2024-30.08.2024}, {global_id=4065, RepairOfEscalators=04.02.2025-30.04.2025}]";"действует";"[Geometry[type=Point, coordinates=[37.62801756, 55.76001172]]]";"{type=Point, coordinates=[37.62801756, 55.76001172]}";"1773730";
"";"";"Лубянка, вход-выход 4 в северный вестибюль";"4";"да";"Центральный административный округ";"Басманный район";"37.62850036";"55.75960337";"подземный";"Лубянка";"Сокольническая линия";"выявленный объект культурного наследия";"открытие в 05:30:00; закрытие в 01:00:00; первый поезд по 1 пути в 05:38:00, по 2 пути в 05:58:00; последний поезд по 1 пути в 01:21:00, по 2 пути в 01:50:00";"открытие в 05:30:00; закрытие в 01:00:00; первый поезд по 1 пути в 05:38:00, по 2 пути в 05:58:00; последний поезд по 1 пути в 01:21:00, по 2 пути в 01:50:00";"";"";"3";"[{global_id=2900, RepairOfEscalators=06.07.2022-08.07.2022}, {global_id=3168, RepairOfEscalators=11.05.2023-30.06.2023}, {global_id=3805, RepairOfEscalators=06.08.2024-20.08.2024}, {global_id=3826, RepairOfEscalators=21.08.2024-30.08.2024}, {global_id=4067, RepairOfEscalators=04.02.2025-30.04.2025}]";"действует";"[Geometry[type=Point, coordinates=[37.62850036, 55.75960337]]]";"{type=Point, coordinates=[37.62850036, 55.75960337]}";"1773731";
"";"";"Лубянка, вход-выход 3 в северный вестибюль";"3";"да";"Центральный административный округ";"Мещанский район";"37.62846281";"55.75999962";"подземный";"Лубянка";"Сокольническая линия";"выявленный объект культурного наследия";"открытие в 05:30:00; закрытие в 01:00:00; первый поезд по 1 пути в 05:38:00, по 2 пути в 05:58:00; последний поезд по 1 пути в 01:21:00, по 2 пути в 01:50:00";"открытие в 05:30:00; закрытие в 01:00:00; первый поезд по 1 пути в 05:38:00, по 2 пути в 05:58:00; последний поезд по 1 пути в 01:21:00, по 2 пути в 01:50:00";"";"";"3";"[{global_id=2899, RepairOfEscalators=06.07.2022-08.07.2022}, {global_id=3167, RepairOfEscalators=11.05.2023-30.06.2023}, {global_id=3804, RepairOfEscalators=06.08.2024-20.08.2024}, {global_id=3825, RepairOfEscalators=21.08.2024-30.08.2024}, {global_id=4066, RepairOfEscalators=04.02.2025-30.04.2025}]";"действует";"[Geometry[type=Point, coordinates=[37.62846281, 55.75999962]]]";"{type=Point, coordinates=[37.62846281, 55.75999962]}";"1773732";
"";"";"Лубянка, вход 10 в южный вестибюль";"10";"да";"Центральный административный округ";"Тверской район";"37.62588788";"55.75901050";"наземный, встроенный в здание";"Лубянка";"Сокольническая линия";"выявленный объект культурного наследия";"открытие в 05:30:00; закрытие в 01:00:00; первый поезд по 1 пути в 05:38:00, по 2 пути в 05:58:00; последний поезд по 1 пути в 01:21:00, по 2 пути в 01:50:00";"открытие в 05:30:00; закрытие в 01:00:00; первый поезд по 1 пути в 05:38:00, по 2 пути в 05:58:00; последний поезд по 1 пути в 01:21:00, по 2 пути в 01:50:00";"";"";"7";"[{global_id=2999, RepairOfEscalators=11.11.2022-22.11.2022}]";"действует";"[Geometry[type=Point, coordinates=[37.62588788, 55.7590105]]]";"{type=Point, coordinates=[37.62588788, 55.7590105]}";"1773733";
"";"";"Люблино, вход-выход 1 в вестибюль 2";"1";"да";"Юго-Восточный административный округ";"район Люблино";"37.76099733";"55.67443252";"подземный";"Люблино";"Люблинско-Дмитровская линия";"не является объектом культурного наследия";"открытие в 05:30:00; закрытие в 01:00:00; первый поезд по 1 пути в 05:48:00, по 2 пути в 05:40:00; последний поезд по 1 пути в 01:56:00, по 2 пути в 01:15:00";"открытие в 05:30:00; закрытие в 01:00:00; первый поезд по 1 пути в 05:47:00, по 2 пути в 05:40:00; последний поезд по 1 пути в 01:56:00, по 2 пути в 01:15:00";"";"";"5";"[]";"действует";"[Geometry[type=Point, coordinates=[37.76099733, 55.67443252]]]";"{type=Point, coordinates=[37.76099733, 55.67443252]}";"1773734";
"";"";"Люблино, вход-выход 2 в вестибюль 1";"2";"да";"Юго-Восточный административный округ";"район Люблино";"37.76168724";"55.67672643";"подземный";"Люблино";"Люблинско-Дмитровская линия";"не является объектом культурного наследия";"открытие в 05:30:00; закрытие в 01:00:00; первый поезд по 1 пути в 05:48:00, по 2 пути в 05:40:00; последний поезд по 1 пути в 01:56:00, по 2 пути в 01:15:00";"открытие в 05:30:00; закрытие в 01:00:00; первый поезд по 1 пути в 05:47:00, по 2 пути в 05:40:00; последний поезд по 1 пути в 01:56:00, по 2 пути в 01:15:00";"";"";"5";"[]";"действует";"[Geometry[type=Point, coordinates=[37.76168724, 55.67672643]]]";"{type=Point, coordinates=[37.76168724, 55.67672643]}";"1773735";
"";"";"Лубянка, вход-выход 5 в северный вестибюль";"5";"да";"Центральный административный округ";"Басманный район";"37.62834479";"55.75940373";"подземный";"Лубянка";"Сокольническая линия";"выявленный объект культурного наследия";"открытие в 05:30:00; закрытие в 01:00:00; первый поезд по 1 пути в 05:38:00, по 2 пути в 05:58:00; последний поезд по 1 пути в 01:21:00, по 2 пути в 01:50:00";"открытие в 05:30:00; закрытие в 01:00:00; первый поезд по 1 пути в 05:38:00, по 2 пути в 05:58:00; последний поезд по 1 пути в 01:21:00, по 2 пути в 01:50:00";"";"";"3";"[{global_id=2901, RepairOfEscalators=06.07.2022-08.07.2022}, {global_id=3169, RepairOfEscalators=11.05.2023-30.06.2023}, {global_id=3806, RepairOfEscalators=06.08.2024-20.08.2024}, {global_id=3827, RepairOfEscalators=21.08.2024-30.08.2024}, {global_id=4068, RepairOfEscalators=04.02.2025-30.04.2025}]";"действует";"[Geometry[type=Point, coordinates=[37.62834479, 55.75940373]]]";"{type=Point, coordinates=[37.62834479, 55.75940373]}";"1773736";
"";"";"Люблино, вход-выход 3 в вестибюль 1";"3";"да";"Юго-Восточный административный округ";"район Люблино";"37.76178379";"55.67705078";"подземный";"Люблино";"Люблинско-Дмитровская линия";"не является объектом культурного наследия";"открытие в 05:30:00; закрытие в 01:00:00; первый поезд по 1 пути в 05:48:00, по 2 пути в 05:40:00; последний поезд по 1 пути в 01:56:00, по 2 пути в 01:15:00";"открытие в 05:30:00; закрытие в 01:00:00; первый поезд по 1 пути в 05:47:00, по 2 пути в 05:40:00; последний поезд по 1 пути в 01:56:00, по 2 пути в 01:15:00";"";"";"5";"[]";"действует";"[Geometry[type=Point, coordinates=[37.76178379, 55.67705078]]]";"{type=Point, coordinates=[37.76178379, 55.67705078]}";"1773737";
"";"";"Люблино, вход-выход 4 в вестибюль 1";"4";"да";"Юго-Восточный административный округ";"район Люблино";"37.76213248";"55.67717563";"подземный";"Люблино";"Люблинско-Дмитровская линия";"не является объектом культурного наследия";"открытие в 05:30:00; закрытие в 01:00:00; первый поезд по 1 пути в 05:48:00, по 2 пути в 05:40:00; последний поезд по 1 пути в 01:56:00, по 2 пути в 01:15:00";"открытие в 05:30:00; закрытие в 01:00:00; первый поезд по 1 пути в 05:47:00, по 2 пути в 05:40:00; последний поезд по 1 пути в 01:56:00, по 2 пути в 01:15:00";"";"";"5";"[]";"действует";"[Geometry[type=Point, coordinates=[37.76213248, 55.67717563]]]";"{type=Point, coordinates=[37.76213248, 55.67717563]}";"1773738";
"";"";"Люблино, вход-выход 5 в вестибюль 1";"5";"да";"Юго-Восточный административный округ";"район Люблино";"37.76280303";"55.67712353";"подземный";"Люблино";"Люблинско-Дмитровская линия";"не является объектом культурного наследия";"открытие в 05:30:00; закрытие в 01:00:00; первый поезд по 1 пути в 05:48:00, по 2 пути в 05:40:00; последний поезд по 1 пути в 01:56:00, по 2 пути в 01:15:00";"открытие в 05:30:00; закрытие в 01:00:00; первый поезд по 1 пути в 05:47:00, по 2 пути в 05:40:00; последний поезд по 1 пути в 01:56:00, по 2 пути в 01:15:00";"";"";"5";"[]";"действует";"[Geometry[type=Point, coordinates=[37.76280303, 55.67712353]]]";"{type=Point, coordinates=[37.76280303, 55.67712353]}";"1773739";
"";"";"Люблино, вход-выход 6 в вестибюль 1";"6";"да";"Юго-Восточный административный округ";"район Люблино";"37.76306589";"55.67689732";"подземный";"Люблино";"Люблинско-Дмитровская линия";"не является объектом культурного наследия";"открытие в 05:30:00; закрытие в 01:00:00; первый поезд по 1 пути в 05:48:00, по 2 пути в 05:40:00; последний поезд по 1 пути в 01:56:00, по 2 пути в 01:15:00";"открытие в 05:30:00; закрытие в 01:00:00; первый поезд по 1 пути в 05:47:00, по 2 пути в 05:40:00; последний поезд по 1 пути в 01:56:00, по 2 пути в 01:15:00";"";"";"5";"[]";"действует";"[Geometry[type=Point, coordinates=[37.76306589, 55.67689732]]]";"{type=Point, coordinates=[37.76306589, 55.67689732]}";"1773740";
"";"";"Марксистская, вход-выход 5 в вестибюль";"5";"да";"Центральный административный округ";"Таганский район";"37.65646271";"55.74061436";"подземный";"Марксистская";"Калининская линия";"не является объектом культурного наследия";"открытие в 05:30:00; закрытие в 01:00:00; первый поезд по 1 пути в 05:47:00, по 2 пути в 05:42:00; последний поезд по 1 пути в 01:21:00, по 2 пути в 01:05:00";"открытие в 05:30:00; закрытие в 01:00:00; первый поезд по 1 пути в 05:47:00, по 2 пути в 05:42:00; последний поезд по 1 пути в 01:21:00, по 2 пути в 01:05:00";"";"";"4";"[{global_id=3068, RepairOfEscalators=24.12.2022-26.12.2022}, {global_id=3285, RepairOfEscalators=01.08.2023-29.12.2023}, {global_id=3681, RepairOfEscalators=19.04.2024-20.04.2024}]";"действует";"[Geometry[type=Point, coordinates=[37.65646271, 55.74061436]]]";"{type=Point, coordinates=[37.65646271, 55.74061436]}";"1773741";
"";"";"Марксистская, вход-выход 6 в вестибюль";"6";"да";"Центральный административный округ";"Таганский район";"37.65676311";"55.74108041";"подземный";"Марксистская";"Калининская линия";"не является объектом культурного наследия";"открытие в 05:30:00; закрытие в 01:00:00; первый поезд по 1 пути в 05:47:00, по 2 пути в 05:42:00; последний поезд по 1 пути в 01:21:00, по 2 пути в 01:05:00";"открытие в 05:30:00; закрытие в 01:00:00; первый поезд по 1 пути в 05:47:00, по 2 пути в 05:42:00; последний поезд по 1 пути в 01:21:00, по 2 пути в 01:05:00";"";"";"4";"[{global_id=3069, RepairOfEscalators=24.12.2022-26.12.2022}, {global_id=3286, RepairOfEscalators=01.08.2023-29.12.2023}, {global_id=3682, RepairOfEscalators=19.04.2024-20.04.2024}]";"действует";"[Geometry[type=Point, coordinates=[37.65676311, 55.74108041]]]";"{type=Point, coordinates=[37.65676311, 55.74108041]}";"1773742";
"";"";"Марьина роща, вход-выход 5 в вестибюль 1";"5";"да";"Северо-Восточный административный округ";"район Марьина Роща";"37.61687165";"55.79352749";"подземный";"Марьина Роща";"Люблинско-Дмитровская линия";"не является объектом культурного наследия";"открытие в 05:30:00; закрытие в 01:00:00; первый поезд по 1 пути в 05:40:00; по 2 пути в 05:48:00; последний поезд по 1 пути в 01:26:00, по 2 пути в 01:45:00";"открытие в 05:30:00; закрытие в 01:00:00; первый поезд по 1 пути в 05:42:00; по 2 пути в 05:47:00; последний поезд по 1 пути в 01:26:00, по 2 пути в 01:45:00";"";"";"3";"[{global_id=3977, RepairOfEscalators=14.01.2024-29.04.2025}]";"действует";"[Geometry[type=Point, coordinates=[37.61687165, 55.79352749]]]";"{type=Point, coordinates=[37.61687165, 55.79352749]}";"1773743";
"";"";"Марьина роща, вход-выход 4 в вестибюль 1";"4";"да";"Северо-Восточный административный округ";"район Марьина Роща";"37.61586314";"55.79354260";"подземный";"Марьина Роща";"Люблинско-Дмитровская линия";"не является объектом культурного наследия";"открытие в 05:30:00; закрытие в 01:00:00; первый поезд по 1 пути в 05:40:00; по 2 пути в 05:48:00; последний поезд по 1 пути в 01:26:00, по 2 пути в 01:45:00";"открытие в 05:30:00; закрытие в 01:00:00; первый поезд по 1 пути в 05:42:00; по 2 пути в 05:47:00; последний поезд по 1 пути в 01:26:00, по 2 пути в 01:45:00";"";"";"3";"[{global_id=3976, RepairOfEscalators=14.01.2024-29.04.2025}]";"действует";"[Geometry[type=Point, coordinates=[37.61586314, 55.7935426]]]";"{type=Point, coordinates=[37.61586314, 55.7935426]}";"1773744";
"";"";"Марьина роща, вход-выход 1 в вестибюль 2";"1";"да";"Северо-Восточный административный округ";"район Марьина Роща";"37.61703761";"55.79708507";"подземный";"Марьина Роща";"Люблинско-Дмитровская линия";"не является объектом культурного наследия";"открытие в 05:30:00; закрытие в 01:00:00; первый поезд по 1 пути в 05:40:00; по 2 пути в 05:48:00; последний поезд по 1 пути в 01:26:00, по 2 пути в 01:45:00";"открытие в 05:30:00; закрытие в 01:00:00; первый поезд по 1 пути в 05:42:00; по 2 пути в 05:47:00; последний поезд по 1 пути в 01:26:00, по 2 пути в 01:45:00";"";"";"6";"[]";"действует";"[Geometry[type=Point, coordinates=[37.61703761, 55.79708507]]]";"{type=Point, coordinates=[37.61703761, 55.79708507]}";"1773745";
"";"";"Марьино, вход-выход 7 в северный вестибюль";"7";"да";"Юго-Восточный административный округ";"район Марьино";"37.74373417";"55.65130403";"подземный";"Марьино";"Люблинско-Дмитровская линия";"не является объектом культурного наследия";"открытие в 05:30:00; закрытие в 01:00:00; первый поезд по 1 пути в 05:46:00, по 2 пути в 05:46:00; последний поезд по 1 пути в 02:01:00, по 2 пути в 01:10:00";"открытие в 05:30:00; закрытие в 01:00:00; первый поезд по 1 пути в 05:46:00, по 2 пути в 05:41:00; последний поезд по 1 пути в 02:01:00, по 2 пути в 01:10:00";"";"";"3";"[]";"действует";"[Geometry[type=Point, coordinates=[37.74373417, 55.65130403]]]";"{type=Point, coordinates=[37.74373417, 55.65130403]}";"1773746";
"";"";"Марьино, вход-выход 8 в северный вестибюль";"8";"да";"Юго-Восточный административный округ";"район Марьино";"37.74385219";"55.65094914";"подземный";"Марьино";"Люблинско-Дмитровская линия";"не является объектом культурного наследия";"открытие в 05:30:00; закрытие в 01:00:00; первый поезд по 1 пути в 05:46:00, по 2 пути в 05:46:00; последний поезд по 1 пути в 02:01:00, по 2 пути в 01:10:00";"открытие в 05:30:00; закрытие в 01:00:00; первый поезд по 1 пути в 05:46:00, по 2 пути в 05:41:00; последний поезд по 1 пути в 02:01:00, по 2 пути в 01:10:00";"";"";"3";"[]";"действует";"[Geometry[type=Point, coordinates=[37.74385219, 55.65094914]]]";"{type=Point, coordinates=[37.74385219, 55.65094914]}";"1773747";
"";"";"Марьино, вход-выход 1 в южный вестибюль";"1";"да";"Юго-Восточный административный округ";"район Марьино";"37.74385755";"55.64917238";"подземный";"Марьино";"Люблинско-Дмитровская линия";"не является объектом культурного наследия";"открытие в 05:30:00; закрытие в 01:00:00; первый поезд по 1 пути в 05:46:00, по 2 пути в 05:46:00; последний поезд по 1 пути в 02:01:00, по 2 пути в 01:10:00";"открытие в 05:30:00; закрытие в 01:00:00; первый поезд по 1 пути в 05:46:00, по 2 пути в 05:41:00; последний поезд по 1 пути в 02:01:00, по 2 пути в 01:10:00";"";"";"3";"[]";"действует";"[Geometry[type=Point, coordinates=[37.74385755, 55.64917238]]]";"{type=Point, coordinates=[37.74385755, 55.64917238]}";"1773748";
"";"";"Марьино, вход-выход 3 в южный вестибюль";"3";"да";"Юго-Восточный административный округ";"район Марьино";"37.74447446";"55.64929068";"подземный";"Марьино";"Люблинско-Дмитровская линия";"не является объектом культурного наследия";"открытие в 05:30:00; закрытие в 01:00:00; первый поезд по 1 пути в 05:46:00, по 2 пути в 05:46:00; последний поезд по 1 пути в 02:01:00, по 2 пути в 01:10:00";"открытие в 05:30:00; закрытие в 01:00:00; первый поезд по 1 пути в 05:46:00, по 2 пути в 05:41:00; последний поезд по 1 пути в 02:01:00, по 2 пути в 01:10:00";"";"";"3";"[]";"действует";"[Geometry[type=Point, coordinates=[37.74447446, 55.64929068]]]";"{type=Point, coordinates=[37.74447446, 55.64929068]}";"1773750";
"";"";"Марьино, вход-выход 4 в южный вестибюль";"4";"да";"Юго-Восточный административный округ";"район Марьино";"37.74461393";"55.64893880";"подземный";"Марьино";"Люблинско-Дмитровская линия";"не является объектом культурного наследия";"открытие в 05:30:00; закрытие в 01:00:00; первый поезд по 1 пути в 05:46:00, по 2 пути в 05:46:00; последний поезд по 1 пути в 02:01:00, по 2 пути в 01:10:00";"открытие в 05:30:00; закрытие в 01:00:00; первый поезд по 1 пути в 05:46:00, по 2 пути в 05:41:00; последний поезд по 1 пути в 02:01:00, по 2 пути в 01:10:00";"";"";"3";"[]";"действует";"[Geometry[type=Point, coordinates=[37.74461393, 55.6489388]]]";"{type=Point, coordinates=[37.74461393, 55.6489388]}";"1773751";
"";"";"Кузнецкий мост, вход-выход 1 в вестибюль";"1";"да";"Центральный административный округ";"Мещанский район";"37.62421828";"55.76154829";"наземный отдельностоящий";"Кузнецкий мост";"Таганско-Краснопресненская линия";"не является объектом культурного наследия";"открытие в 05:30:00; закрытие в 01:00:00; первый поезд по 1 пути в 05:48:00, по 2 пути в 05:58:00; последний поезд по 1 пути в 01:30:00, по 2 пути в 01:35:00";"открытие в 05:30:00; закрытие в 01:00:00; первый поезд по 1 пути в 05:43:00, по 2 пути в 05:55:00; последний поезд по 1 пути в 01:30:00, по 2 пути в 01:35:00";"";"";"3";"[{global_id=3406, RepairOfEscalators=13.10.2023-16.10.2023}, {global_id=3607, RepairOfEscalators=25.03.2024-26.03.2024}]";"действует";"[Geometry[type=Point, coordinates=[37.62421828, 55.76154829]]]";"{type=Point, coordinates=[37.62421828, 55.76154829]}";"1773752";
"";"";"Кузьминки, вход-выход 6 в западный вестибюль";"6";"да";"Юго-Восточный административный округ";"район Кузьминки";"37.76396596";"55.70531586";"подземный";"Кузьминки";"Таганско-Краснопресненская линия";"не является объектом культурного наследия";"открытие в 05:30:00; закрытие в 01:00:00; первый поезд по 1 пути в 06:05:00, по 2 пути в 05:38:00; последний поезд по 1 пути в 01:47:00, по 2 пути в 01:18:00";"открытие в 05:30:00; закрытие в 01:00:00; первый поезд по 1 пути в 06:00:00, по 2 пути в 05:38:00; последний поезд по 1 пути в 01:47:00, по 2 пути в 01:18:00";"";"";"7";"[]";"действует";"[Geometry[type=Point, coordinates=[37.76396596, 55.70531586]]]";"{type=Point, coordinates=[37.76396596, 55.70531586]}";"1773753";
"";"";"Кузьминки, вход-выход 7 в западный вестибюль";"7";"да";"Юго-Восточный административный округ";"район Кузьминки";"37.76395408";"55.70602768";"подземный";"Кузьминки";"Таганско-Краснопресненская линия";"не является объектом культурного наследия";"открытие в 05:30:00; закрытие в 01:00:00; первый поезд по 1 пути в 06:05:00, по 2 пути в 05:38:00; последний поезд по 1 пути в 01:47:00, по 2 пути в 01:18:00";"открытие в 05:30:00; закрытие в 01:00:00; первый поезд по 1 пути в 06:00:00, по 2 пути в 05:38:00; последний поезд по 1 пути в 01:47:00, по 2 пути в 01:18:00";"";"";"7";"[]";"действует";"[Geometry[type=Point, coordinates=[37.76395408, 55.70602768]]]";"{type=Point, coordinates=[37.76395408, 55.70602768]}";"1773754";
"";"";"Кузьминки, вход-выход 3 в восточный вестибюль";"3";"да";"Юго-Восточный административный округ";"район Кузьминки";"37.76743559";"55.70481910";"подземный";"Кузьминки";"Таганско-Краснопресненская линия";"не является объектом культурного наследия";"открытие в 05:30:00; закрытие в 01:00:00; первый поезд по 1 пути в 06:05:00, по 2 пути в 05:38:00; последний поезд по 1 пути в 01:47:00, по 2 пути в 01:18:00";"открытие в 05:30:00; закрытие в 01:00:00; первый поезд по 1 пути в 06:00:00, по 2 пути в 05:38:00; последний поезд по 1 пути в 01:47:00, по 2 пути в 01:18:00";"";"";"7";"[{global_id=3139, RepairOfEscalators=27.02.2023-28.04.2023}, {global_id=3504, RepairOfEscalators=15.12.2023-18.12.2023}, {global_id=3612, RepairOfEscalators=27.03.2024-29.03.2024}, {global_id=3937, RepairOfEscalators=28.10.2024-13.12.2024}]";"действует";"[Geometry[type=Point, coordinates=[37.76743559, 55.7048191]]]";"{type=Point, coordinates=[37.76743559, 55.7048191]}";"1773755";
"";"";"Кунцевская, вход-выход 2 в западный вестибюль (Ф)";"2";"да";"Западный административный округ";"район Кунцево";"37.44547089";"55.73068215";"наземный отдельностоящий";"Кунцевская";"Филёвская линия";"не является объектом культурного наследия";"открытие в 05:30:00; закрытие в 01:00:00; первый поезд по 1 пути в 05:52:00; последний поезд по 1 пути в 01:03:00";"открытие в 05:30:00; закрытие в 01:00:00; первый поезд по 1 пути в 05:52:00; последний поезд по 1 пути в 01:03:00";"";"";"1";"[]";"действует";"[Geometry[type=Point, coordinates=[37.44547089, 55.73068215]]]";"{type=Point, coordinates=[37.44547089, 55.73068215]}";"1773757";
"";"";"Кунцевская, вход-выход 1 в восточный вестибюль (Ф)";"1";"да";"Западный административный округ";"район Фили-Давыдково";"37.44646868";"55.73083653";"наземный отдельностоящий";"Кунцевская";"Филёвская линия";"не является объектом культурного наследия";"открытие в 05:30:00; закрытие в 01:00:00; первый поезд по 1 пути в 05:52:00; последний поезд по 1 пути в 01:03:00";"открытие в 05:30:00; закрытие в 01:00:00; первый поезд по 1 пути в 05:52:00; последний поезд по 1 пути в 01:03:00";"";"";"1";"[]";"действует";"[Geometry[type=Point, coordinates=[37.44646868, 55.73083653]]]";"{type=Point, coordinates=[37.44646868, 55.73083653]}";"1773758";
"";"";"Кунцевская, вход-выход 1 в западный вестибюль";"1";"да";"Западный административный округ";"район Фили-Давыдково";"37.44654195";"55.73068331";"наземный отдельностоящий";"Кунцевская";"Арбатско-Покровская линия";"не является объектом культурного наследия";"открытие в 05:30:00; закрытие в 01:00:00; первый поезд по 1 пути в 05:54:00, по 2 пути в 05:43:00; последний поезд по 1 пути в 01:43:00, по 2 пути в 01:27:00";"открытие в 05:30:00; закрытие в 01:00:00; первый поезд по 1 пути в 05:51:00, по 2 пути в 05:43:00; последний поезд по 1 пути в 01:43:00, по 2 пути в 01:27:00";"";"";"2";"[]";"действует";"[Geometry[type=Point, coordinates=[37.44654195, 55.73068331]]]";"{type=Point, coordinates=[37.44654195, 55.73068331]}";"1773759";
"";"";"Кунцевская, вход-выход 2 в восточный вестибюль";"2";"да";"Западный административный округ";"район Кунцево";"37.44564610";"55.73056223";"наземный отдельностоящий";"Кунцевская";"Арбатско-Покровская линия";"не является объектом культурного наследия";"открытие в 05:30:00; закрытие в 01:00:00; первый поезд по 1 пути в 05:54:00, по 2 пути в 05:43:00; последний поезд по 1 пути в 01:43:00, по 2 пути в 01:27:00";"открытие в 05:30:00; закрытие в 01:00:00; первый поезд по 1 пути в 05:51:00, по 2 пути в 05:43:00; последний поезд по 1 пути в 01:43:00, по 2 пути в 01:27:00";"";"";"3";"[]";"действует";"[Geometry[type=Point, coordinates=[37.4456461, 55.73056223]]]";"{type=Point, coordinates=[37.4456461, 55.73056223]}";"1773760";
"";"";"Курская, вход-выход 1 в вестибюль";"1";"да";"Центральный административный округ";"Басманный район";"37.65896647";"55.75860878";"наземный, встроенный в здание";"Курская";"Арбатско-Покровская линия";"выявленный объект культурного наследия";"открытие в 05:30:00; закрытие в 01:00:00; первый поезд по 1 пути в 05:42:00, по 2 пути в 05:50:00; последний поезд по 1 пути в 01:22:00, по 2 пути в 01:47:00";"открытие в 05:30:00; закрытие в 01:00:00; первый поезд по 1 пути в 05:42:00, по 2 пути в 05:50:00; последний поезд по 1 пути в 01:22:00, по 2 пути в 01:47:00";"";"";"2";"[{global_id=3080, RepairOfEscalators=06.02.2023-28.04.2023}, {global_id=3554, RepairOfEscalators=17.01.2024-31.01.2024}, {global_id=3719, RepairOfEscalators=21.05.2024-07.10.2024}]";"действует";"[Geometry[type=Point, coordinates=[37.65896647, 55.75860878]]]";"{type=Point, coordinates=[37.65896647, 55.75860878]}";"1773761";
"";"";"Курская, вход-выход 3 в вестибюль";"3";"да";"Центральный административный округ";"Басманный район";"37.66026006";"55.75848777";"наземный отдельностоящий";"Курская";"Кольцевая линия";"выявленный объект культурного наследия";"открытие в 05:30:00; закрытие в 01:00:00; первый поезд по 1 пути в 05:45:00, по 2 пути в 05:41:00; последний поезд по 1 пути в 01:29:00, по 2 пути в 01:28:00";"открытие в 05:30:00; закрытие в 01:00:00; первый поезд по 1 пути в 05:47:00, по 2 пути в 05:51:00; последний поезд по 1 пути в 01:35:00, по 2 пути в 01:27:00";"";"";"4";"[]";"действует";"[Geometry[type=Point, coordinates=[37.66026006, 55.75848777]]]";"{type=Point, coordinates=[37.66026006, 55.75848777]}";"1773762";
"";"";"Курская, вход-выход 2 в вестибюль с Курского вокзала";"2";"да";"Центральный административный округ";"Басманный район";"37.66023860";"55.75788581";"наземный отдельностоящий";"Курская";"Кольцевая линия";"выявленный объект культурного наследия";"открытие в 05:30:00; закрытие в 01:00:00; первый поезд по 1 пути в 05:45:00, по 2 пути в 05:41:00; последний поезд по 1 пути в 01:29:00, по 2 пути в 01:28:00";"открытие в 05:30:00; закрытие в 01:00:00; первый поезд по 1 пути в 05:47:00, по 2 пути в 05:51:00; последний поезд по 1 пути в 01:35:00, по 2 пути в 01:27:00";"";"";"4";"[]";"действует";"[Geometry[type=Point, coordinates=[37.6602386, 55.75788581]]]";"{type=Point, coordinates=[37.6602386, 55.75788581]}";"1773763";
"";"";"Курская, вход-выход в вестибюль";"";"да";"Центральный административный округ";"Басманный район";"37.66090219";"55.75859150";"наземный отдельностоящий";"Курская";"Кольцевая линия";"выявленный объект культурного наследия";"открытие в 05:30:00; закрытие в 01:00:00; первый поезд по 1 пути в 05:45:00, по 2 пути в 05:41:00; последний поезд по 1 пути в 01:29:00, по 2 пути в 01:28:00";"открытие в 05:30:00; закрытие в 01:00:00; первый поезд по 1 пути в 05:47:00, по 2 пути в 05:51:00; последний поезд по 1 пути в 01:35:00, по 2 пути в 01:27:00";"";"";"9";"[]";"действует";"[Geometry[type=Point, coordinates=[37.66090219, 55.7585915]]]";"{type=Point, coordinates=[37.66090219, 55.7585915]}";"1773764";
"";"";"Кутузовская, вход-выход 4 в южный вестибюль (Ф)";"4";"да";"Западный административный округ";"район Дорогомилово";"37.53430245";"55.74062975";"наземный отдельностоящий";"Кутузовская";"Филёвская линия";"не является объектом культурного наследия";"открытие в 05:30:00; закрытие в 01:00:00; первый поезд по 1 пути в 05:47:00, по 2 пути в 05:41:00; последний поезд по 1 пути в 01:14:00, по 2 пути в 01:15:00";"открытие в 05:30:00; закрытие в 01:00:00; первый поезд по 1 пути в 05:47:00, по 2 пути в 05:41:00; последний поезд по 1 пути в 01:14:00, по 2 пути в 01:15:00";"";"";"2";"[]";"действует";"[Geometry[type=Point, coordinates=[37.53430245, 55.74062975]]]";"{type=Point, coordinates=[37.53430245, 55.74062975]}";"1773765";
"";"";"Кутузовская, вход-выход 1 в северный вестибюль";"1";"да";"Западный административный округ";"район Дорогомилово";"37.53499577";"55.73946516";"наземный отдельностоящий";"Кутузовская";"Филёвская линия";"не является объектом культурного наследия";"открытие в 05:30:00; закрытие в 01:00:00; первый поезд по 1 пути в 05:47:00, по 2 пути в 05:41:00; последний поезд по 1 пути в 01:14:00, по 2 пути в 01:15:00";"открытие в 05:30:00; закрытие в 01:00:00; первый поезд по 1 пути в 05:47:00, по 2 пути в 05:41:00; последний поезд по 1 пути в 01:14:00, по 2 пути в 01:15:00";"";"";"2";"[]";"действует";"[Geometry[type=Point, coordinates=[37.53499577, 55.73946516]]]";"{type=Point, coordinates=[37.53499577, 55.73946516]}";"1773766";
"";"";"Ленинский проспект, вход-выход 1 в южный вестибюль";"1";"да";"Юго-Западный административный округ";"Гагаринский район";"37.58505468";"55.70691006";"наземный отдельностоящий";"Ленинский проспект";"Калужско-Рижская линия";"не является объектом культурного наследия";"открытие в 05:30:00; закрытие в 01:00:00; первый поезд по 1 пути в 05:42:00, по 2 пути в 06:00:00; последний поезд по 1 пути в 01:24:00, по 2 пути в 01:37:00";"открытие в 05:30:00; закрытие в 01:00:00; первый поезд по 1 пути в 05:42:00, по 2 пути в 06:00:00; последний поезд по 1 пути в 01:24:00, по 2 пути в 01:37:00";"";"";"3";"[{global_id=3099, RepairOfEscalators=06.02.2023-22.02.2023}, {global_id=3311, RepairOfEscalators=14.07.2023-25.07.2023}]";"действует";"[Geometry[type=Point, coordinates=[37.58505468, 55.70691006]]]";"{type=Point, coordinates=[37.58505468, 55.70691006]}";"1773767";
"";"";"Марьино, вход-выход 5 в северный вестибюль";"5";"да";"Юго-Восточный административный округ";"район Марьино";"37.74305289";"55.65122820";"подземный";"Марьино";"Люблинско-Дмитровская линия";"не является объектом культурного наследия";"открытие в 05:30:00; закрытие в 01:00:00; первый поезд по 1 пути в 05:46:00, по 2 пути в 05:46:00; последний поезд по 1 пути в 02:01:00, по 2 пути в 01:10:00";"открытие в 05:30:00; закрытие в 01:00:00; первый поезд по 1 пути в 05:46:00, по 2 пути в 05:41:00; последний поезд по 1 пути в 02:01:00, по 2 пути в 01:10:00";"";"";"3";"[]";"действует";"[Geometry[type=Point, coordinates=[37.74305289, 55.6512282]]]";"{type=Point, coordinates=[37.74305289, 55.6512282]}";"1773768";
"";"";"Марьино, вход-выход 6 в северный вестибюль";"6";"да";"Юго-Восточный административный округ";"район Марьино";"37.74321382";"55.65085207";"подземный";"Марьино";"Люблинско-Дмитровская линия";"не является объектом культурного наследия";"открытие в 05:30:00; закрытие в 01:00:00; первый поезд по 1 пути в 05:46:00, по 2 пути в 05:46:00; последний поезд по 1 пути в 02:01:00, по 2 пути в 01:10:00";"открытие в 05:30:00; закрытие в 01:00:00; первый поезд по 1 пути в 05:46:00, по 2 пути в 05:41:00; последний поезд по 1 пути в 02:01:00, по 2 пути в 01:10:00";"";"";"3";"[]";"действует";"[Geometry[type=Point, coordinates=[37.74321382, 55.65085207]]]";"{type=Point, coordinates=[37.74321382, 55.65085207]}";"1773769";
"";"";"Маяковская, вход-выход 1 в северный вестибюль";"1";"да";"Центральный административный округ";"Тверской район";"37.59457077";"55.77114729";"подземный";"Маяковская";"Замоскворецкая линия";"объект культурного наследия регионального значения";"открытие в 05:30:00; закрытие в 01:00:00; первый поезд по 1 пути в 06:00:00, по 2 пути в 05:39:00; последний поезд по 1 пути в 01:44:00, по 2 пути в 01:25:00";"открытие в 05:30:00; закрытие в 01:00:00; первый поезд по 1 пути в 06:00:00, по 2 пути в 05:39:00; последний поезд по 1 пути в 01:44:00, по 2 пути в 01:25:00";"";"";"2";"[{global_id=3155, RepairOfEscalators=31.03.2023-03.04.2023}]";"действует";"[Geometry[type=Point, coordinates=[37.59457077, 55.77114729]]]";"{type=Point, coordinates=[37.59457077, 55.77114729]}";"1773770";
"";"";"Маяковская, вход-выход 4 в южный вестибюль";"4";"да";"Центральный административный округ";"Тверской район";"37.59654688";"55.76926799";"подземный";"Маяковская";"Замоскворецкая линия";"объект культурного наследия регионального значения";"открытие в 05:30:00; закрытие в 01:00:00; первый поезд по 1 пути в 06:00:00, по 2 пути в 05:39:00; последний поезд по 1 пути в 01:44:00, по 2 пути в 01:25:00";"открытие в 05:30:00; закрытие в 01:00:00; первый поезд по 1 пути в 06:00:00, по 2 пути в 05:39:00; последний поезд по 1 пути в 01:44:00, по 2 пути в 01:25:00";"";"";"3";"[]";"действует";"[Geometry[type=Point, coordinates=[37.59654688, 55.76926799]]]";"{type=Point, coordinates=[37.59654688, 55.76926799]}";"1773771";
"";"";"Нагорная, вход-выход 2 в вестибюль";"2";"да";"Южный административный округ";"Нагорный район";"37.61148308";"55.67307666";"подземный";"Нагорная";"Серпуховско-Тимирязевская линия";"не является объектом культурного наследия";"открытие в 05:30:00; закрытие в 01:00:00; первый поезд по 1 пути в 05:37:00, по 2 пути в 06:03:00; последний поезд по 1 пути в 01:20:00, по 2 пути в 01:43:00";"открытие в 05:30:00; закрытие в 01:00:00; первый поезд по 1 пути в 05:37:00, по 2 пути в 06:03:00; последний поезд по 1 пути в 01:20:00, по 2 пути в 01:43:00";"";"";"3";"[]";"действует";"[Geometry[type=Point, coordinates=[37.61148308, 55.67307666]]]";"{type=Point, coordinates=[37.61148308, 55.67307666]}";"1773772";
"";"";"Нахимовский проспект, вход-выход 3 в северный вестибюль";"3";"да";"Юго-Западный административный округ";"район Зюзино";"37.60610713";"55.66346068";"подземный";"Нахимовский проспект";"Серпуховско-Тимирязевская линия";"не является объектом культурного наследия";"открытие в 05:30:00; закрытие в 01:00:00; первый поезд по 1 пути в 05:35:00, по 2 пути в 06:04:00; последний поезд по 1 пути в 01:19:00, по 2 пути в 01:45:00";"открытие в 05:30:00; закрытие в 01:00:00; первый поезд по 1 пути в 05:35:00, по 2 пути в 06:04:00; последний поезд по 1 пути в 01:19:00, по 2 пути в 01:45:00";"";"";"3";"[{global_id=3460, RepairOfEscalators=04.12.2023-23.12.2023}, {global_id=3625, RepairOfEscalators=03.04.2024-18.04.2024}]";"действует";"[Geometry[type=Point, coordinates=[37.60610713, 55.66346068]]]";"{type=Point, coordinates=[37.60610713, 55.66346068]}";"1773773";
"";"";"Нахимовский проспект, вход-выход 5 в северный вестибюль";"5";"да";"Юго-Западный административный округ";"район Зюзино";"37.60705664";"55.66361229";"подземный";"Нахимовский проспект";"Серпуховско-Тимирязевская линия";"не является объектом культурного наследия";"открытие в 05:30:00; закрытие в 01:00:00; первый поезд по 1 пути в 05:35:00, по 2 пути в 06:04:00; последний поезд по 1 пути в 01:19:00, по 2 пути в 01:45:00";"открытие в 05:30:00; закрытие в 01:00:00; первый поезд по 1 пути в 05:35:00, по 2 пути в 06:04:00; последний поезд по 1 пути в 01:19:00, по 2 пути в 01:45:00";"";"";"3";"[{global_id=3462, RepairOfEscalators=04.12.2023-23.12.2023}, {global_id=3627, RepairOfEscalators=03.04.2024-18.04.2024}]";"действует";"[Geometry[type=Point, coordinates=[37.60705664, 55.66361229]]]";"{type=Point, coordinates=[37.60705664, 55.66361229]}";"1773774";
"";"";"Нахимовский проспект, вход-выход 2 в южный вестибюль";"2";"да";"Юго-Западный административный округ";"район Зюзино";"37.60400745";"55.66161695";"подземный";"Нахимовский проспект";"Серпуховско-Тимирязевская линия";"не является объектом культурного наследия";"открытие в 05:30:00; закрытие в 01:00:00; первый поезд по 1 пути в 05:35:00, по 2 пути в 06:04:00; последний поезд по 1 пути в 01:19:00, по 2 пути в 01:45:00";"открытие в 05:30:00; закрытие в 01:00:00; первый поезд по 1 пути в 05:35:00, по 2 пути в 06:04:00; последний поезд по 1 пути в 01:19:00, по 2 пути в 01:45:00";"";"";"2";"[{global_id=3459, RepairOfEscalators=04.12.2023-23.12.2023}, {global_id=3909, RepairOfEscalators=08.10.2024-18.12.2024}]";"действует";"[Geometry[type=Point, coordinates=[37.60400745, 55.66161695]]]";"{type=Point, coordinates=[37.60400745, 55.66161695]}";"1773775";
"";"";"Нахимовский проспект, вход-выход 1 в южный вестибюль";"1";"да";"Юго-Западный административный округ";"район Зюзино";"37.60483894";"55.66182922";"подземный";"Нахимовский проспект";"Серпуховско-Тимирязевская линия";"не является объектом культурного наследия";"открытие в 05:30:00; закрытие в 01:00:00; первый поезд по 1 пути в 05:35:00, по 2 пути в 06:04:00; последний поезд по 1 пути в 01:19:00, по 2 пути в 01:45:00";"открытие в 05:30:00; закрытие в 01:00:00; первый поезд по 1 пути в 05:35:00, по 2 пути в 06:04:00; последний поезд по 1 пути в 01:19:00, по 2 пути в 01:45:00";"";"";"2";"[{global_id=2777, RepairOfEscalators=28.06.2021-16.07.2022}, {global_id=3458, RepairOfEscalators=04.12.2023-23.12.2023}, {global_id=3908, RepairOfEscalators=08.10.2024-18.12.2024}]";"действует";"[Geometry[type=Point, coordinates=[37.60483894, 55.66182922]]]";"{type=Point, coordinates=[37.60483894, 55.66182922]}";"1773776";
"";"";"Нахимовский проспект, вход-выход 4 в северный вестибюль";"4";"да";"Юго-Западный административный округ";"район Зюзино";"37.60604813";"55.66381849";"подземный";"Нахимовский проспект";"Серпуховско-Тимирязевская линия";"не является объектом культурного наследия";"открытие в 05:30:00; закрытие в 01:00:00; первый поезд по 1 пути в 05:35:00, по 2 пути в 06:04:00; последний поезд по 1 пути в 01:19:00, по 2 пути в 01:45:00";"открытие в 05:30:00; закрытие в 01:00:00; первый поезд по 1 пути в 05:35:00, по 2 пути в 06:04:00; последний поезд по 1 пути в 01:19:00, по 2 пути в 01:45:00";"";"";"3";"[{global_id=3461, RepairOfEscalators=04.12.2023-23.12.2023}, {global_id=3626, RepairOfEscalators=03.04.2024-18.04.2024}]";"действует";"[Geometry[type=Point, coordinates=[37.60604813, 55.66381849]]]";"{type=Point, coordinates=[37.60604813, 55.66381849]}";"1773777";
"";"";"Новогиреево, вход-выход 7 в западный вестибюль";"7";"да";"Восточный административный округ";"район Новогиреево";"37.81448198";"55.75225014";"подземный";"Новогиреево";"Калининская линия";"не является объектом культурного наследия";"открытие в 05:25:00; закрытие в 01:00:00; первый поезд по 1 пути в 05:30:00, по 2 пути в 05:59:00; последний поезд по 1 пути в 01:07:00, по 2 пути в 01:20:00";"открытие в 05:25:00; закрытие в 01:00:00; первый поезд по 1 пути в 05:30:00, по 2 пути в 05:59:00; последний поезд по 1 пути в 01:07:00, по 2 пути в 01:20:00";"";"";"3";"[]";"действует";"[Geometry[type=Point, coordinates=[37.81448198, 55.75225014]]]";"{type=Point, coordinates=[37.81448198, 55.75225014]}";"1773778";
"";"";"Новогиреево, вход-выход 5 в западный вестибюль";"5";"да";"Восточный административный округ";"район Новогиреево";"37.81501843";"55.75172977";"подземный";"Новогиреево";"Калининская линия";"не является объектом культурного наследия";"открытие в 05:25:00; закрытие в 01:00:00; первый поезд по 1 пути в 05:30:00, по 2 пути в 05:59:00; последний поезд по 1 пути в 01:07:00, по 2 пути в 01:20:00";"открытие в 05:25:00; закрытие в 01:00:00; первый поезд по 1 пути в 05:30:00, по 2 пути в 05:59:00; последний поезд по 1 пути в 01:07:00, по 2 пути в 01:20:00";"";"";"3";"[]";"действует";"[Geometry[type=Point, coordinates=[37.81501843, 55.75172977]]]";"{type=Point, coordinates=[37.81501843, 55.75172977]}";"1773779";
"";"";"Новогиреево, вход-выход 3 в восточный вестибюль";"3";"да";"Восточный административный округ";"район Новогиреево";"37.81866087";"55.75119729";"подземный";"Новогиреево";"Калининская линия";"не является объектом культурного наследия";"открытие в 05:25:00; закрытие в 01:00:00; первый поезд по 1 пути в 05:30:00, по 2 пути в 05:59:00; последний поезд по 1 пути в 01:07:00, по 2 пути в 01:20:00";"открытие в 05:25:00; закрытие в 01:00:00; первый поезд по 1 пути в 05:30:00, по 2 пути в 05:59:00; последний поезд по 1 пути в 01:07:00, по 2 пути в 01:20:00";"";"";"6";"[]";"действует";"[Geometry[type=Point, coordinates=[37.81866087, 55.75119729]]]";"{type=Point, coordinates=[37.81866087, 55.75119729]}";"1773780";
"";"";"Новогиреево, вход-выход 1 в восточный вестибюль";"1";"да";"Восточный административный округ";"район Новогиреево";"37.81823708";"55.75169044";"подземный";"Новогиреево";"Калининская линия";"не является объектом культурного наследия";"открытие в 05:25:00; закрытие в 01:00:00; первый поезд по 1 пути в 05:30:00, по 2 пути в 05:59:00; последний поезд по 1 пути в 01:07:00, по 2 пути в 01:20:00";"открытие в 05:25:00; закрытие в 01:00:00; первый поезд по 1 пути в 05:30:00, по 2 пути в 05:59:00; последний поезд по 1 пути в 01:07:00, по 2 пути в 01:20:00";"";"";"6";"[]";"действует";"[Geometry[type=Point, coordinates=[37.81823708, 55.75169044]]]";"{type=Point, coordinates=[37.81823708, 55.75169044]}";"1773781";
"";"";"Новокосино, вход-выход 1 в восточный вестибюль";"1";"нет";"";"";"37.86587565";"55.74616291";"наземный отдельностоящий";"Новокосино";"Калининская линия";"не является объектом культурного наследия";"открытие в 05:30:00; закрытие в 01:00:00; первый поезд по 1 пути в 05:40:00; последний поезд по 1 пути в 01:03:00";"открытие в 05:30:00; закрытие в 01:00:00; первый поезд по 1 пути в 05:42:00; последний поезд по 1 пути в 01:03:00";"";"";"8";"[]";"действует";"[Geometry[type=Point, coordinates=[37.86587565, 55.74616291]]]";"{type=Point, coordinates=[37.86587565, 55.74616291]}";"1773782";
"";"";"Новокосино, вход-выход 2 в восточный вестибюль";"2";"да";"Восточный административный округ";"район Новокосино";"37.86578304";"55.74441884";"подземный";"Новокосино";"Калининская линия";"не является объектом культурного наследия";"открытие в 05:30:00; закрытие в 01:00:00; первый поезд по 1 пути в 05:40:00; последний поезд по 1 пути в 01:03:00";"открытие в 05:30:00; закрытие в 01:00:00; первый поезд по 1 пути в 05:42:00; последний поезд по 1 пути в 01:03:00";"";"";"8";"[]";"действует";"[Geometry[type=Point, coordinates=[37.86578304, 55.74441884]]]";"{type=Point, coordinates=[37.86578304, 55.74441884]}";"1773783";
"";"";"Новокосино, вход-выход 4 в западный вестибюль";"4";"да";"Восточный административный округ";"район Новокосино";"37.86277360";"55.74392616";"подземный";"Новокосино";"Калининская линия";"не является объектом культурного наследия";"открытие в 05:30:00; закрытие в 01:00:00; первый поезд по 1 пути в 05:40:00; последний поезд по 1 пути в 01:03:00";"открытие в 05:30:00; закрытие в 01:00:00; первый поезд по 1 пути в 05:42:00; последний поезд по 1 пути в 01:03:00";"";"";"7";"[]";"действует";"[Geometry[type=Point, coordinates=[37.8627736, 55.74392616]]]";"{type=Point, coordinates=[37.8627736, 55.74392616]}";"1773784";
"";"";"Новокосино, вход-выход 3 в западный вестибюль";"3";"да";"Восточный административный округ";"район Новокосино";"37.86255366";"55.74417373";"подземный";"Новокосино";"Калининская линия";"не является объектом культурного наследия";"открытие в 05:30:00; закрытие в 01:00:00; первый поезд по 1 пути в 05:40:00; последний поезд по 1 пути в 01:03:00";"открытие в 05:30:00; закрытие в 01:00:00; первый поезд по 1 пути в 05:42:00; последний поезд по 1 пути в 01:03:00";"";"";"7";"[]";"действует";"[Geometry[type=Point, coordinates=[37.86255366, 55.74417373]]]";"{type=Point, coordinates=[37.86255366, 55.74417373]}";"1773785";
"";"";"Новокосино, вход-выход 5 в западный вестибюль";"5";"нет";"";"";"37.86180038";"55.74547275";"наземный отдельностоящий";"Новокосино";"Калининская линия";"не является объектом культурного наследия";"открытие в 05:30:00; закрытие в 01:00:00; первый поезд по 1 пути в 05:40:00; последний поезд по 1 пути в 01:03:00";"открытие в 05:30:00; закрытие в 01:00:00; первый поезд по 1 пути в 05:42:00; последний поезд по 1 пути в 01:03:00";"";"";"7";"[]";"действует";"[Geometry[type=Point, coordinates=[37.86180038, 55.74547275]]]";"{type=Point, coordinates=[37.86180038, 55.74547275]}";"1773786";
"";"";"Пятницкое шоссе, вход-выход 3 в южный вестибюль";"3";"да";"Северо-Западный административный округ";"район Митино";"37.35419374";"55.85459291";"подземный";"Пятницкое шоссе";"Арбатско-Покровская линия";"не является объектом культурного наследия";"открытие в 05:30:00; закрытие в 01:00:00; первый поезд по 2 пути в 05:56:00; последний поезд по 2 пути в 01:03:00";"открытие в 05:30:00; закрытие в 01:00:00; первый поезд по 2 пути в 05:43:00; последний поезд по 2 пути в 01:03:00";"";"";"3";"[]";"действует";"[Geometry[type=Point, coordinates=[37.35419374, 55.85459291]]]";"{type=Point, coordinates=[37.35419374, 55.85459291]}";"1773789";
"";"";"Пятницкое шоссе, вход-выход 2 в южный вестибюль";"2";"да";"Северо-Западный административный округ";"район Митино";"37.35403817";"55.85522901";"подземный";"Пятницкое шоссе";"Арбатско-Покровская линия";"не является объектом культурного наследия";"открытие в 05:30:00; закрытие в 01:00:00; первый поезд по 2 пути в 05:56:00; последний поезд по 2 пути в 01:03:00";"открытие в 05:30:00; закрытие в 01:00:00; первый поезд по 2 пути в 05:43:00; последний поезд по 2 пути в 01:03:00";"";"";"3";"[]";"действует";"[Geometry[type=Point, coordinates=[37.35403817, 55.85522901]]]";"{type=Point, coordinates=[37.35403817, 55.85522901]}";"1773790";
"";"";"Пятницкое шоссе, вход-выход 5 в южный вестибюль";"5";"да";"Северо-Западный административный округ";"район Митино";"37.35304039";"55.85538347";"подземный";"Пятницкое шоссе";"Арбатско-Покровская линия";"не является объектом культурного наследия";"открытие в 05:30:00; закрытие в 01:00:00; первый поезд по 2 пути в 05:56:00; последний поезд по 2 пути в 01:03:00";"открытие в 05:30:00; закрытие в 01:00:00; первый поезд по 2 пути в 05:43:00; последний поезд по 2 пути в 01:03:00";"";"";"3";"[]";"действует";"[Geometry[type=Point, coordinates=[37.35304039, 55.85538347]]]";"{type=Point, coordinates=[37.35304039, 55.85538347]}";"1773791";
"";"";"Тёплый стан, вход-выход 8 в северный вестибюль";"8";"да";"Юго-Западный административный округ";"район Тёплый Стан";"37.50513839";"55.61982010";"подземный";"Тёплый стан";"Калужско-Рижская линия";"не является объектом культурного наследия";"открытие в 05:30:00; закрытие в 01:00:00; первый поезд по 1 пути в 05:49:00, по 2 пути в 05:48:00; последний поезд по 1 пути в 01:08:00, по 2 пути в 01:54:00";"открытие в 05:30:00; закрытие в 01:00:00; первый поезд по 1 пути в 05:48:00, по 2 пути в 05:46:00; последний поезд по 1 пути в 01:08:00, по 2 пути в 01:54:00";"";"";"7";"[]";"действует";"[Geometry[type=Point, coordinates=[37.50513839, 55.6198201]]]";"{type=Point, coordinates=[37.50513839, 55.6198201]}";"1773795";
"";"";"Тёплый стан, вход-выход 7 в северный вестибюль";"7";"да";"Юго-Западный административный округ";"район Ясенево";"37.50635611";"55.61981403";"подземный";"Тёплый стан";"Калужско-Рижская линия";"не является объектом культурного наследия";"открытие в 05:30:00; закрытие в 01:00:00; первый поезд по 1 пути в 05:49:00, по 2 пути в 05:48:00; последний поезд по 1 пути в 01:08:00, по 2 пути в 01:54:00";"открытие в 05:30:00; закрытие в 01:00:00; первый поезд по 1 пути в 05:48:00, по 2 пути в 05:46:00; последний поезд по 1 пути в 01:08:00, по 2 пути в 01:54:00";"";"";"7";"[]";"действует";"[Geometry[type=Point, coordinates=[37.50635611, 55.61981403]]]";"{type=Point, coordinates=[37.50635611, 55.61981403]}";"1773796";
"";"";"Медведково, вход-выход 2 в южный вестибюль";"2";"да";"Северо-Восточный административный округ";"район Северное Медведково";"37.66127198";"55.88600671";"наземный отдельностоящий";"Медведково";"Калужско-Рижская линия";"не является объектом культурного наследия";"открытие в 05:30:00; закрытие в 01:00:00; первый поезд по 2 пути в 05:50:00; последний поезд по 2 пути в 01:03:00";"открытие в 05:30:00; закрытие в 01:00:00; первый поезд по 2 пути в 05:40:00; последний поезд по 2 пути в 01:03:00";"";"";"8";"[]";"действует";"[Geometry[type=Point, coordinates=[37.66127198, 55.88600671]]]";"{type=Point, coordinates=[37.66127198, 55.88600671]}";"1773797";
"";"";"Митино, вход-выход 8 в южный вестибюль";"8";"да";"Северо-Западный административный округ";"район Митино";"37.36373434";"55.84559612";"подземный";"Митино";"Арбатско-Покровская линия";"не является объектом культурного наследия";"открытие в 05:30:00; закрытие в 01:00:00; первый поезд по 1 пути в 05:46:00, по 2 пути в 05:40:00; последний поезд по 1 пути в 02:04:00, по 2 пути в 01:05:00";"открытие в 05:30:00; закрытие в 01:00:00; первый поезд по 1 пути в 05:54:00, по 2 пути в 05:40:00; последний поезд по 1 пути в 02:04:00, по 2 пути в 01:05:00";"";"";"3";"[]";"действует";"[Geometry[type=Point, coordinates=[37.36373434, 55.84559612]]]";"{type=Point, coordinates=[37.36373434, 55.84559612]}";"1773798";
"";"";"Митино, вход-выход 6 в северный вестибюль";"6";"да";"Северо-Западный административный округ";"район Митино";"37.36128297";"55.84678576";"подземный";"Митино";"Арбатско-Покровская линия";"не является объектом культурного наследия";"открытие в 05:30:00; закрытие в 01:00:00; первый поезд по 1 пути в 05:46:00, по 2 пути в 05:40:00; последний поезд по 1 пути в 02:04:00, по 2 пути в 01:05:00";"открытие в 05:30:00; закрытие в 01:00:00; первый поезд по 1 пути в 05:54:00, по 2 пути в 05:40:00; последний поезд по 1 пути в 02:04:00, по 2 пути в 01:05:00";"";"";"3";"[]";"действует";"[Geometry[type=Point, coordinates=[37.36128297, 55.84678576]]]";"{type=Point, coordinates=[37.36128297, 55.84678576]}";"1773799";
"";"";"Митино, вход-выход 1 в северный вестибюль";"1";"да";"Северо-Западный административный округ";"район Митино";"37.36054416";"55.84597717";"подземный";"Митино";"Арбатско-Покровская линия";"не является объектом культурного наследия";"открытие в 05:30:00; закрытие в 01:00:00; первый поезд по 1 пути в 05:46:00, по 2 пути в 05:40:00; последний поезд по 1 пути в 02:04:00, по 2 пути в 01:05:00";"открытие в 05:30:00; закрытие в 01:00:00; первый поезд по 1 пути в 05:54:00, по 2 пути в 05:40:00; последний поезд по 1 пути в 02:04:00, по 2 пути в 01:05:00";"";"";"3";"[]";"действует";"[Geometry[type=Point, coordinates=[37.36054416, 55.84597717]]]";"{type=Point, coordinates=[37.36054416, 55.84597717]}";"1773800";
"";"";"Молодёжная, вход-выход 1 в западный вестибюль";"1";"да";"Западный административный округ";"район Кунцево";"37.41582232";"55.74127413";"подземный";"Молодёжная";"Арбатско-Покровская линия";"не является объектом культурного наследия";"открытие в 05:30:00; закрытие в 01:00:00; первый поезд по 1 пути в 05:43:00, по 2 пути в 05:46:00; последний поезд по 1 пути в 01:46:00, по 2 пути в 01:24:00";"открытие в 05:30:00; закрытие в 01:00:00; первый поезд по 1 пути в 05:54:00, по 2 пути в 05:40:00; последний поезд по 1 пути в 01:46:00, по 2 пути в 01:24:00";"";"";"4";"[{global_id=3222, RepairOfEscalators=05.06.2023-06.07.2023}, {global_id=3405, RepairOfEscalators=16.10.2023-21.10.2023}]";"действует";"[Geometry[type=Point, coordinates=[37.41582232, 55.74127413]]]";"{type=Point, coordinates=[37.41582232, 55.74127413]}";"1773801";
"";"";"Молодёжная, вход-выход 2 в восточный вестибюль";"2";"да";"Западный административный округ";"район Кунцево";"37.41798418";"55.74026694";"подземный";"Молодёжная";"Арбатско-Покровская линия";"не является объектом культурного наследия";"открытие в 05:30:00; закрытие в 01:00:00; первый поезд по 1 пути в 05:43:00, по 2 пути в 05:46:00; последний поезд по 1 пути в 01:46:00, по 2 пути в 01:24:00";"открытие в 05:30:00; закрытие в 01:00:00; первый поезд по 1 пути в 05:54:00, по 2 пути в 05:40:00; последний поезд по 1 пути в 01:46:00, по 2 пути в 01:24:00";"";"";"3";"[{global_id=3094, RepairOfEscalators=22.11.2022-31.03.2023}, {global_id=3390, RepairOfEscalators=09.10.2023-14.10.2023}, {global_id=3507, RepairOfEscalators=24.01.2024-19.03.2024}, {global_id=3741, RepairOfEscalators=31.05.2024-11.07.2024}]";"действует";"[Geometry[type=Point, coordinates=[37.41798418, 55.74026694]]]";"{type=Point, coordinates=[37.41798418, 55.74026694]}";"1773802";
"";"";"Мякинино, вход-выход 3 в южный вестибюль";"3";"нет";"";"";"37.38528405";"55.82359026";"наземный отдельностоящий";"Мякинино";"Арбатско-Покровская линия";"не является объектом культурного наследия";"открытие в 05:30:00; закрытие в 01:00:00; первый поезд по 1 пути в 05:57:00, по 2 пути в 05:45:00; последний поезд по 1 пути в 02:00:00, по 2 пути в 01:10:00";"открытие в 05:30:00; закрытие в 01:00:00; первый поезд по 1 пути в 05:54:00, по 2 пути в 05:45:00; последний поезд по 1 пути в 02:00:00, по 2 пути в 01:10:00";"";"";"4";"[]";"действует";"[Geometry[type=Point, coordinates=[37.38528405, 55.82359026]]]";"{type=Point, coordinates=[37.38528405, 55.82359026]}";"1773803";
"";"";"Нагатинская, вход-выход 1 в южный вестибюль";"1";"да";"Южный административный округ";"Нагорный район";"37.62130861";"55.68220835";"подземный";"Нагатинская";"Серпуховско-Тимирязевская линия";"не является объектом культурного наследия";"открытие в 05:30:00; закрытие в 01:00:00; первый поезд по 1 пути в 05:39:00, по 2 пути в 06:00:00; последний поезд по 1 пути в 01:22:00, по 2 пути в 01:41:00";"открытие в 05:30:00; закрытие в 01:00:00; первый поезд по 1 пути в 05:39:00, по 2 пути в 06:00:00; последний поезд по 1 пути в 01:22:00, по 2 пути в 01:41:00";"";"";"3";"[{global_id=3306, RepairOfEscalators=01.08.2023-20.10.2023}, {global_id=3448, RepairOfEscalators=27.11.2023-08.12.2023}, {global_id=3694, RepairOfEscalators=31.05.2024-19.08.2024}]";"временно закрыт";"[Geometry[type=Point, coordinates=[37.62130861, 55.68220835]]]";"{type=Point, coordinates=[37.62130861, 55.68220835]}";"1773804";
"";"";"Нагатинская, вход-выход 2 в южный вестибюль";"2";"да";"Южный административный округ";"Нагорный район";"37.62103502";"55.68169613";"подземный";"Нагатинская";"Серпуховско-Тимирязевская линия";"не является объектом культурного наследия";"открытие в 05:30:00; закрытие в 01:00:00; первый поезд по 1 пути в 05:39:00, по 2 пути в 06:00:00; последний поезд по 1 пути в 01:22:00, по 2 пути в 01:41:00";"открытие в 05:30:00; закрытие в 01:00:00; первый поезд по 1 пути в 05:39:00, по 2 пути в 06:00:00; последний поезд по 1 пути в 01:22:00, по 2 пути в 01:41:00";"";"";"3";"[{global_id=3304, RepairOfEscalators=01.08.2023-20.10.2023}, {global_id=3446, RepairOfEscalators=27.11.2023-08.12.2023}, {global_id=3693, RepairOfEscalators=31.05.2024-19.08.2024}]";"действует";"[Geometry[type=Point, coordinates=[37.62103502, 55.68169613]]]";"{type=Point, coordinates=[37.62103502, 55.68169613]}";"1773805";
"";"";"Охотный ряд, вход-выход 3 в южный вестибюль";"3";"да";"Центральный административный округ";"Тверской район";"37.61474278";"55.75734540";"подземный";"Охотный ряд";"Сокольническая линия";"выявленный объект культурного наследия";"открытие в 05:30:00; закрытие в 01:00:00; первый поезд по 1 пути в 05:40:00, по 2 пути в 05:56:00; последний поезд по 1 пути в 01:23:00, по 2 пути в 01:48:00";"открытие в 05:30:00; закрытие в 01:00:00; первый поезд по 1 пути в 05:40:00, по 2 пути в 05:56:00; последний поезд по 1 пути в 01:23:00, по 2 пути в 01:48:00";"";"";"3";"[{global_id=3594, RepairOfEscalators=19.02.2024-27.02.2024}, {global_id=4009, RepairOfEscalators=05.02.2025-28.02.2025}]";"действует";"[Geometry[type=Point, coordinates=[37.61474278, 55.7573454]]]";"{type=Point, coordinates=[37.61474278, 55.7573454]}";"1773806";
"";"";"Охотный ряд, вход-выход 4 в южный вестибюль";"4";"да";"Центральный административный округ";"Тверской район";"37.61502709";"55.75720323";"подземный";"Охотный ряд";"Сокольническая линия";"выявленный объект культурного наследия";"открытие в 05:30:00; закрытие в 01:00:00; первый поезд по 1 пути в 05:40:00, по 2 пути в 05:56:00; последний поезд по 1 пути в 01:23:00, по 2 пути в 01:48:00";"открытие в 05:30:00; закрытие в 01:00:00; первый поезд по 1 пути в 05:40:00, по 2 пути в 05:56:00; последний поезд по 1 пути в 01:23:00, по 2 пути в 01:48:00";"";"";"3";"[{global_id=3595, RepairOfEscalators=19.02.2024-27.02.2024}, {global_id=4010, RepairOfEscalators=05.02.2025-28.02.2025}]";"действует";"[Geometry[type=Point, coordinates=[37.61502709, 55.75720323]]]";"{type=Point, coordinates=[37.61502709, 55.75720323]}";"1773807";
"";"";"Охотный ряд, вход-выход 6 в южный вестибюль";"6";"да";"Центральный административный округ";"Тверской район";"37.61594977";"55.75672527";"подземный";"Охотный ряд";"Сокольническая линия";"выявленный объект культурного наследия";"открытие в 05:30:00; закрытие в 01:00:00; первый поезд по 1 пути в 05:40:00, по 2 пути в 05:56:00; последний поезд по 1 пути в 01:23:00, по 2 пути в 01:48:00";"открытие в 05:30:00; закрытие в 01:00:00; первый поезд по 1 пути в 05:40:00, по 2 пути в 05:56:00; последний поезд по 1 пути в 01:23:00, по 2 пути в 01:48:00";"";"";"3";"[{global_id=3597, RepairOfEscalators=19.02.2024-27.02.2024}, {global_id=4012, RepairOfEscalators=05.02.2025-28.02.2025}]";"действует";"[Geometry[type=Point, coordinates=[37.61594977, 55.75672527]]]";"{type=Point, coordinates=[37.61594977, 55.75672527]}";"1773808";
"";"";"Охотный ряд, вход-выход 7 в южный вестибюль";"7";"да";"Центральный административный округ";"Тверской район";"37.61773802";"55.75611381";"подземный";"Охотный ряд";"Сокольническая линия";"выявленный объект культурного наследия";"открытие в 05:30:00; закрытие в 01:00:00; первый поезд по 1 пути в 05:40:00, по 2 пути в 05:56:00; последний поезд по 1 пути в 01:23:00, по 2 пути в 01:48:00";"открытие в 05:30:00; закрытие в 01:00:00; первый поезд по 1 пути в 05:40:00, по 2 пути в 05:56:00; последний поезд по 1 пути в 01:23:00, по 2 пути в 01:48:00";"";"";"3";"[{global_id=3598, RepairOfEscalators=19.02.2024-27.02.2024}, {global_id=4013, RepairOfEscalators=05.02.2025-28.02.2025}]";"действует";"[Geometry[type=Point, coordinates=[37.61773802, 55.75611381]]]";"{type=Point, coordinates=[37.61773802, 55.75611381]}";"1773809";
"";"";"Охотный ряд, вход-выход 5 в южный вестибюль";"5";"да";"Центральный административный округ";"Тверской район";"37.61569764";"55.75687350";"подземный";"Охотный ряд";"Сокольническая линия";"выявленный объект культурного наследия";"открытие в 05:30:00; закрытие в 01:00:00; первый поезд по 1 пути в 05:40:00, по 2 пути в 05:56:00; последний поезд по 1 пути в 01:23:00, по 2 пути в 01:48:00";"открытие в 05:30:00; закрытие в 01:00:00; первый поезд по 1 пути в 05:40:00, по 2 пути в 05:56:00; последний поезд по 1 пути в 01:23:00, по 2 пути в 01:48:00";"";"";"3";"[{global_id=3596, RepairOfEscalators=19.02.2024-27.02.2024}, {global_id=4011, RepairOfEscalators=05.02.2025-28.02.2025}]";"действует";"[Geometry[type=Point, coordinates=[37.61569764, 55.7568735]]]";"{type=Point, coordinates=[37.61569764, 55.7568735]}";"1773810";
"";"";"Павелецкая, вход-выход 1 в вестибюль";"1";"да";"Центральный административный округ";"район Замоскворечье";"37.63609491";"55.73143729";"наземный, встроенный в здание";"Павелецкая";"Кольцевая линия";"выявленный объект культурного наследия";"открытие в 05:30:00; закрытие в 01:00:00; первый поезд по 1 пути в 05:50:00, по 2 пути в 05:47:00; последний поезд по 1 пути в 01:34:00, по 2 пути в 01:24:00";"открытие в 05:30:00; закрытие в 01:00:00; первый поезд по 1 пути в 05:52:00, по 2 пути в 05:46:00; последний поезд по 1 пути в 01:40:05, по 2 пути в 01:22:00";"";"";"3";"[{global_id=3266, RepairOfEscalators=29.06.2023-07.07.2023}, {global_id=3933, RepairOfEscalators=07.10.2024-07.11.2024}]";"действует";"[Geometry[type=Point, coordinates=[37.63609491, 55.73143729]]]";"{type=Point, coordinates=[37.63609491, 55.73143729]}";"1773811";
"";"";"Нагатинская, вход-выход 3 в южный вестибюль";"3";"да";"Южный административный округ";"Нагорный район";"37.62093846";"55.68235383";"подземный";"Нагатинская";"Серпуховско-Тимирязевская линия";"не является объектом культурного наследия";"открытие в 05:30:00; закрытие в 01:00:00; первый поезд по 1 пути в 05:39:00, по 2 пути в 06:00:00; последний поезд по 1 пути в 01:22:00, по 2 пути в 01:41:00";"открытие в 05:30:00; закрытие в 01:00:00; первый поезд по 1 пути в 05:39:00, по 2 пути в 06:00:00; последний поезд по 1 пути в 01:22:00, по 2 пути в 01:41:00";"";"";"3";"[{global_id=3303, RepairOfEscalators=01.08.2023-20.10.2023}, {global_id=3445, RepairOfEscalators=27.11.2023-08.12.2023}, {global_id=3692, RepairOfEscalators=31.05.2024-19.08.2024}]";"действует";"[Geometry[type=Point, coordinates=[37.62093846, 55.68235383]]]";"{type=Point, coordinates=[37.62093846, 55.68235383]}";"1773812";
"";"";"Нагатинская, вход-выход 5 в северный вестибюль";"5";"да";"Южный административный округ";"район Нагатино-Садовники";"37.62358115";"55.68413493";"подземный";"Нагатинская";"Серпуховско-Тимирязевская линия";"не является объектом культурного наследия";"открытие в 05:30:00; закрытие в 01:00:00; первый поезд по 1 пути в 05:39:00, по 2 пути в 06:00:00; последний поезд по 1 пути в 01:22:00, по 2 пути в 01:41:00";"открытие в 05:30:00; закрытие в 01:00:00; первый поезд по 1 пути в 05:39:00, по 2 пути в 06:00:00; последний поезд по 1 пути в 01:22:00, по 2 пути в 01:41:00";"";"";"6";"[]";"действует";"[Geometry[type=Point, coordinates=[37.62358115, 55.68413493]]]";"{type=Point, coordinates=[37.62358115, 55.68413493]}";"1773813";
"";"";"Нагорная, вход-выход 1 в вестибюль";"1";"да";"Южный административный округ";"Нагорный район";"37.61036192";"55.67291296";"подземный";"Нагорная";"Серпуховско-Тимирязевская линия";"не является объектом культурного наследия";"открытие в 05:30:00; закрытие в 01:00:00; первый поезд по 1 пути в 05:37:00, по 2 пути в 06:03:00; последний поезд по 1 пути в 01:20:00, по 2 пути в 01:43:00";"открытие в 05:30:00; закрытие в 01:00:00; первый поезд по 1 пути в 05:37:00, по 2 пути в 06:03:00; последний поезд по 1 пути в 01:20:00, по 2 пути в 01:43:00";"";"";"3";"[]";"действует";"[Geometry[type=Point, coordinates=[37.61036192, 55.67291296]]]";"{type=Point, coordinates=[37.61036192, 55.67291296]}";"1773814";
"";"";"Павелецкая, вход-выход 3 в вестибюль";"3";"да";"Центральный административный округ";"район Замоскворечье";"37.63942244";"55.72994575";"наземный, встроенный в здание";"Павелецкая";"Замоскворецкая линия";"объект культурного наследия регионального значения";"открытие в 05:30:00; закрытие в 01:00:00; первый поезд по 1 пути в 05:51:00, по 2 пути в 05:49:00; последний поезд по 1 пути в 01:34:00, по 2 пути в 01:35:00";"открытие в 05:30:00; закрытие в 01:00:00; первый поезд по 1 пути в 05:51:00, по 2 пути в 05:49:00; последний поезд по 1 пути в 01:34:00, по 2 пути в 01:35:00";"";"";"8";"[{global_id=2974, RepairOfEscalators=24.10.2022-16.12.2022}, {global_id=3501, RepairOfEscalators=10.01.2024-04.09.2024}]";"действует";"[Geometry[type=Point, coordinates=[37.63942244, 55.72994575]]]";"{type=Point, coordinates=[37.63942244, 55.72994575]}";"1773815";
"";"";"Парк Победы, вход-выход 4 в вестибюль";"4";"да";"Западный административный округ";"район Дорогомилово";"37.51770978";"55.73592841";"подземный";"Парк Победы";"Арбатско-Покровская линия";"не является объектом культурного наследия";"открытие в 05:25:00; закрытие в 01:00:00; первый поезд по 1 пути в 05:47:00, по 2 пути в 05:50:00; последний поезд по 1 пути в 01:36:00, по 2 пути в 01:34:00";"открытие в 05:25:00; закрытие в 01:00:00; первый поезд по 1 пути в 05:44:00, по 2 пути в 05:50:00; последний поезд по 1 пути в 01:36:00, по 2 пути в 01:34:00";"";"";"4";"[{global_id=3898, RepairOfEscalators=25.09.2024-10.12.2024}]";"действует";"[Geometry[type=Point, coordinates=[37.51770978, 55.73592841]]]";"{type=Point, coordinates=[37.51770978, 55.73592841]}";"1773818";
"";"";"Парк Победы, вход-выход 5 в вестибюль";"5";"да";"Западный административный округ";"район Дорогомилово";"37.51722698";"55.73583458";"подземный";"Парк Победы";"Арбатско-Покровская линия";"не является объектом культурного наследия";"открытие в 05:25:00; закрытие в 01:00:00; первый поезд по 1 пути в 05:47:00, по 2 пути в 05:50:00; последний поезд по 1 пути в 01:36:00, по 2 пути в 01:34:00";"открытие в 05:25:00; закрытие в 01:00:00; первый поезд по 1 пути в 05:44:00, по 2 пути в 05:50:00; последний поезд по 1 пути в 01:36:00, по 2 пути в 01:34:00";"";"";"4";"[{global_id=3899, RepairOfEscalators=25.09.2024-10.12.2024}]";"действует";"[Geometry[type=Point, coordinates=[37.51722698, 55.73583458]]]";"{type=Point, coordinates=[37.51722698, 55.73583458]}";"1773819";
"";"";"Парк Победы, вход-выход 3 в вестибюль";"3";"да";"Западный административный округ";"район Дорогомилово";"37.51752739";"55.73630977";"подземный";"Парк Победы";"Арбатско-Покровская линия";"не является объектом культурного наследия";"открытие в 05:25:00; закрытие в 01:00:00; первый поезд по 1 пути в 05:47:00, по 2 пути в 05:50:00; последний поезд по 1 пути в 01:36:00, по 2 пути в 01:34:00";"открытие в 05:25:00; закрытие в 01:00:00; первый поезд по 1 пути в 05:44:00, по 2 пути в 05:50:00; последний поезд по 1 пути в 01:36:00, по 2 пути в 01:34:00";"";"";"4";"[{global_id=3897, RepairOfEscalators=25.09.2024-10.12.2024}]";"действует";"[Geometry[type=Point, coordinates=[37.51752739, 55.73630977]]]";"{type=Point, coordinates=[37.51752739, 55.73630977]}";"1773820";
"";"";"Парк Победы, вход-выход 2 в вестибюль";"2";"да";"Западный административный округ";"район Дорогомилово";"37.51596634";"55.73644294";"подземный";"Парк Победы";"Арбатско-Покровская линия";"не является объектом культурного наследия";"открытие в 05:25:00; закрытие в 01:00:00; первый поезд по 1 пути в 05:47:00, по 2 пути в 05:50:00; последний поезд по 1 пути в 01:36:00, по 2 пути в 01:34:00";"открытие в 05:25:00; закрытие в 01:00:00; первый поезд по 1 пути в 05:44:00, по 2 пути в 05:50:00; последний поезд по 1 пути в 01:36:00, по 2 пути в 01:34:00";"";"";"4";"[{global_id=3896, RepairOfEscalators=25.09.2024-10.12.2024}]";"действует";"[Geometry[type=Point, coordinates=[37.51596634, 55.73644294]]]";"{type=Point, coordinates=[37.51596634, 55.73644294]}";"1773821";
"";"";"Парк Победы, вход-выход 1 в вестибюль";"1";"да";"Западный административный округ";"район Дорогомилово";"37.51731818";"55.73664572";"подземный";"Парк Победы";"Арбатско-Покровская линия";"не является объектом культурного наследия";"открытие в 05:25:00; закрытие в 01:00:00; первый поезд по 1 пути в 05:47:00, по 2 пути в 05:50:00; последний поезд по 1 пути в 01:36:00, по 2 пути в 01:34:00";"открытие в 05:25:00; закрытие в 01:00:00; первый поезд по 1 пути в 05:44:00, по 2 пути в 05:50:00; последний поезд по 1 пути в 01:36:00, по 2 пути в 01:34:00";"";"";"4";"[{global_id=3895, RepairOfEscalators=25.09.2024-10.12.2024}]";"действует";"[Geometry[type=Point, coordinates=[37.51731818, 55.73664572]]]";"{type=Point, coordinates=[37.51731818, 55.73664572]}";"1773822";
"";"";"Партизанская, вход-выход 1 в вестибюль";"1";"да";"Восточный административный округ";"район Измайлово";"37.74966273";"55.78846329";"наземный отдельностоящий";"Партизанская";"Арбатско-Покровская линия";"объект культурного наследия регионального значения";"открытие в 05:25:00; закрытие в 01:00:00; первый поезд по 1 пути в 05:31:00, по 2 пути в 05:58:00; последний поезд по 1 пути в 01:12:00, по 2 пути в 01:58:00";"открытие в 05:25:00; закрытие в 01:00:00; первый поезд по 1 пути в 05:31:00, по 2 пути в 05:58:00; последний поезд по 1 пути в 01:12:00, по 2 пути в 01:58:00";"";"";"4";"[]";"действует";"[Geometry[type=Point, coordinates=[37.74966273, 55.78846329]]]";"{type=Point, coordinates=[37.74966273, 55.78846329]}";"1773823";
"";"";"Медведково, вход-выход 1 в северный вестибюль";"1";"да";"Северо-Восточный административный округ";"район Северное Медведково";"37.66142575";"55.88795799";"наземный отдельностоящий";"Медведково";"Калужско-Рижская линия";"не является объектом культурного наследия";"открытие в 05:30:00; закрытие в 01:00:00; первый поезд по 2 пути в 05:50:00; последний поезд по 2 пути в 01:03:00";"открытие в 05:30:00; закрытие в 01:00:00; первый поезд по 2 пути в 05:40:00; последний поезд по 2 пути в 01:03:00";"";"";"8";"[{global_id=3381, RepairOfEscalators=25.10.2023-15.12.2023}]";"действует";"[Geometry[type=Point, coordinates=[37.66142575, 55.88795799]]]";"{type=Point, coordinates=[37.66142575, 55.88795799]}";"1773824";
"";"";"Москва-Сити, вход-выход 3 в вестибюль 2";"3";"да";"Центральный административный округ";"Пресненский район";"37.53356887";"55.74789091";"подземный";"Москва-Сити";"Филёвская линия";"не является объектом культурного наследия";"открытие в 05:30:00, закрытие в 01:00:00, первый поезд по 2 пути 06:07:00; последний поезд по 2 пути в 01:05:00";"открытие в 05:30:00, закрытие в 01:00:00, первый поезд по 2 пути 05:45:00; последний поезд по 2 пути в 01:05:00";"";"";"3";"[]";"действует";"[Geometry[type=Point, coordinates=[37.53356887, 55.74789091]]]";"{type=Point, coordinates=[37.53356887, 55.74789091]}";"1773825";
"";"";"Менделеевская, вход-выход 2 в вестибюль";"2";"да";"Центральный административный округ";"Тверской район";"37.59874440";"55.78142827";"подземный";"Менделеевская";"Серпуховско-Тимирязевская линия";"не является объектом культурного наследия";"открытие в 05:30:00; закрытие в 01:00:00; первый поезд по 1 пути в 05:58:00, по 2 пути в 05:41:00; последний поезд по 1 пути в 01:40:00, по 2 пути в 01:22:00";"открытие в 05:30:00; закрытие в 01:00:00; первый поезд по 1 пути в 05:58:00, по 2 пути в 05:41:00; последний поезд по 1 пути в 01:40:00, по 2 пути в 01:22:00";"";"";"7";"[{global_id=2953, RepairOfEscalators=23.09.2022-30.11.2022}, {global_id=4052, RepairOfEscalators=10.03.2025-24.04.2025}]";"действует";"[Geometry[type=Point, coordinates=[37.5987444, 55.78142827]]]";"{type=Point, coordinates=[37.5987444, 55.78142827]}";"1773826";
"";"";"Менделеевская, вход-выход 4 в вестибюль";"4";"да";"Центральный административный округ";"Тверской район";"37.59903944";"55.78195731";"подземный";"Менделеевская";"Серпуховско-Тимирязевская линия";"не является объектом культурного наследия";"открытие в 05:30:00; закрытие в 01:00:00; первый поезд по 1 пути в 05:58:00, по 2 пути в 05:41:00; последний поезд по 1 пути в 01:40:00, по 2 пути в 01:22:00";"открытие в 05:30:00; закрытие в 01:00:00; первый поезд по 1 пути в 05:58:00, по 2 пути в 05:41:00; последний поезд по 1 пути в 01:40:00, по 2 пути в 01:22:00";"";"";"7";"[{global_id=2955, RepairOfEscalators=23.09.2022-30.11.2022}, {global_id=4073, RepairOfEscalators=10.03.2025-24.04.2025}]";"действует";"[Geometry[type=Point, coordinates=[37.59903944, 55.78195731]]]";"{type=Point, coordinates=[37.59903944, 55.78195731]}";"1773827";
"";"";"Менделеевская, вход-выход 3 в вестибюль";"3";"да";"Центральный административный округ";"Тверской район";"37.59855128";"55.78170640";"подземный";"Менделеевская";"Серпуховско-Тимирязевская линия";"не является объектом культурного наследия";"открытие в 05:30:00; закрытие в 01:00:00; первый поезд по 1 пути в 05:58:00, по 2 пути в 05:41:00; последний поезд по 1 пути в 01:40:00, по 2 пути в 01:22:00";"открытие в 05:30:00; закрытие в 01:00:00; первый поезд по 1 пути в 05:58:00, по 2 пути в 05:41:00; последний поезд по 1 пути в 01:40:00, по 2 пути в 01:22:00";"";"";"7";"[{global_id=2954, RepairOfEscalators=23.09.2022-30.11.2022}, {global_id=4053, RepairOfEscalators=10.03.2025-24.04.2025}]";"действует";"[Geometry[type=Point, coordinates=[37.59855128, 55.7817064]]]";"{type=Point, coordinates=[37.59855128, 55.7817064]}";"1773828";
"";"";"Митино, вход-выход 3 в северный вестибюль";"3";"да";"Северо-Западный административный округ";"район Митино";"37.35940691";"55.84624276";"подземный";"Митино";"Арбатско-Покровская линия";"не является объектом культурного наследия";"открытие в 05:30:00; закрытие в 01:00:00; первый поезд по 1 пути в 05:46:00, по 2 пути в 05:40:00; последний поезд по 1 пути в 02:04:00, по 2 пути в 01:05:00";"открытие в 05:30:00; закрытие в 01:00:00; первый поезд по 1 пути в 05:54:00, по 2 пути в 05:40:00; последний поезд по 1 пути в 02:04:00, по 2 пути в 01:05:00";"";"";"3";"[]";"действует";"[Geometry[type=Point, coordinates=[37.35940691, 55.84624276]]]";"{type=Point, coordinates=[37.35940691, 55.84624276]}";"1773829";
"";"";"Митино, вход-выход 5 в северный вестибюль";"5";"да";"Северо-Западный административный округ";"район Митино";"37.36120935";"55.84631519";"подземный";"Митино";"Арбатско-Покровская линия";"не является объектом культурного наследия";"открытие в 05:30:00; закрытие в 01:00:00; первый поезд по 1 пути в 05:46:00, по 2 пути в 05:40:00; последний поезд по 1 пути в 02:04:00, по 2 пути в 01:05:00";"открытие в 05:30:00; закрытие в 01:00:00; первый поезд по 1 пути в 05:54:00, по 2 пути в 05:40:00; последний поезд по 1 пути в 02:04:00, по 2 пути в 01:05:00";"";"";"3";"[]";"действует";"[Geometry[type=Point, coordinates=[37.36120935, 55.84631519]]]";"{type=Point, coordinates=[37.36120935, 55.84631519]}";"1773830";
"";"";"Митино, вход-выход 10 в южный вестибюль";"10";"да";"Северо-Западный административный округ";"район Митино";"37.36334568";"55.84484272";"подземный";"Митино";"Арбатско-Покровская линия";"не является объектом культурного наследия";"открытие в 05:30:00; закрытие в 01:00:00; первый поезд по 1 пути в 05:46:00, по 2 пути в 05:40:00; последний поезд по 1 пути в 02:04:00, по 2 пути в 01:05:00";"открытие в 05:30:00; закрытие в 01:00:00; первый поезд по 1 пути в 05:54:00, по 2 пути в 05:40:00; последний поезд по 1 пути в 02:04:00, по 2 пути в 01:05:00";"";"";"3";"[]";"действует";"[Geometry[type=Point, coordinates=[37.36334568, 55.84484272]]]";"{type=Point, coordinates=[37.36334568, 55.84484272]}";"1773831";
"";"";"Митино, вход-выход 7 в северный вестибюль";"7";"да";"Северо-Западный административный округ";"район Митино";"37.36042883";"55.84705461";"подземный";"Митино";"Арбатско-Покровская линия";"не является объектом культурного наследия";"открытие в 05:30:00; закрытие в 01:00:00; первый поезд по 1 пути в 05:46:00, по 2 пути в 05:40:00; последний поезд по 1 пути в 02:04:00, по 2 пути в 01:05:00";"открытие в 05:30:00; закрытие в 01:00:00; первый поезд по 1 пути в 05:54:00, по 2 пути в 05:40:00; последний поезд по 1 пути в 02:04:00, по 2 пути в 01:05:00";"";"";"3";"[]";"действует";"[Geometry[type=Point, coordinates=[37.36042883, 55.84705461]]]";"{type=Point, coordinates=[37.36042883, 55.84705461]}";"1773832";
"";"";"Пражская, вход-выход 6 в южный вестибюль";"6";"да";"Южный административный округ";"район Чертаново Центральное";"37.60318396";"55.61171176";"подземный";"Пражская";"Серпуховско-Тимирязевская линия";"не является объектом культурного наследия";"открытие в 05:30:00; закрытие в 01:00:00; первый поезд по 1 пути в 05:40:00, по 2 пути в 06:01:00; последний поезд по 1 пути в 01:10:00, по 2 пути в 01:53:00";"открытие в 05:30:00; закрытие в 01:00:00; первый поезд по 1 пути в 05:50:00, по 2 пути в 05:46:00; последний поезд по 1 пути в 01:10:00, по 2 пути в 01:53:00";"";"";"5";"[{global_id=3300, RepairOfEscalators=19.07.2023-19.09.2023}, {global_id=3652, RepairOfEscalators=15.04.2024-18.04.2024}, {global_id=3819, RepairOfEscalators=19.08.2024-30.09.2024}]";"действует";"[Geometry[type=Point, coordinates=[37.60318396, 55.61171176]]]";"{type=Point, coordinates=[37.60318396, 55.61171176]}";"1773833";
"";"";"Преображенская площадь, вход-выход 13 в южный вестибюль";"13";"да";"Восточный административный округ";"район Преображенское";"37.71481098";"55.79556203";"подземный";"Преображенская площадь";"Сокольническая линия";"не является объектом культурного наследия";"открытие в 05:25:00; закрытие в 01:00:00; первый поезд по 1 пути в 05:34:00, по 2 пути в 05:51:00; последний поезд по 1 пути в 01:09:00, по 2 пути в 02:02:00";"открытие в 05:25:00; закрытие в 01:00:00; первый поезд по 1 пути в 05:34:00, по 2 пути в 06:00:00; последний поезд по 1 пути в 01:09:00, по 2 пути в 02:02:00";"";"";"5";"[]";"действует";"[Geometry[type=Point, coordinates=[37.71481098, 55.79556203]]]";"{type=Point, coordinates=[37.71481098, 55.79556203]}";"1773834";
"";"";"Преображенская площадь, вход-выход 12 в южный вестибюль";"12";"да";"Восточный административный округ";"район Преображенское";"37.71486296";"55.79526979";"подземный";"Преображенская площадь";"Сокольническая линия";"не является объектом культурного наследия";"открытие в 05:25:00; закрытие в 01:00:00; первый поезд по 1 пути в 05:34:00, по 2 пути в 05:51:00; последний поезд по 1 пути в 01:09:00, по 2 пути в 02:02:00";"открытие в 05:25:00; закрытие в 01:00:00; первый поезд по 1 пути в 05:34:00, по 2 пути в 06:00:00; последний поезд по 1 пути в 01:09:00, по 2 пути в 02:02:00";"";"";"5";"[]";"действует";"[Geometry[type=Point, coordinates=[37.71486296, 55.79526979]]]";"{type=Point, coordinates=[37.71486296, 55.79526979]}";"1773835";
"";"";"Преображенская площадь, вход-выход 2 в северный вестибюль";"2";"да";"Восточный административный округ";"район Преображенское";"37.71706773";"55.79693131";"подземный";"Преображенская площадь";"Сокольническая линия";"не является объектом культурного наследия";"открытие в 05:25:00; закрытие в 01:00:00; первый поезд по 1 пути в 05:34:00, по 2 пути в 05:51:00; последний поезд по 1 пути в 01:09:00, по 2 пути в 02:02:00";"открытие в 05:25:00; закрытие в 01:00:00; первый поезд по 1 пути в 05:34:00, по 2 пути в 06:00:00; последний поезд по 1 пути в 01:09:00, по 2 пути в 02:02:00";"";"";"4";"[]";"действует";"[Geometry[type=Point, coordinates=[37.71706773, 55.79693131]]]";"{type=Point, coordinates=[37.71706773, 55.79693131]}";"1773836";
"";"";"Преображенская площадь, вход-выход 6 в северный вестибюль";"6";"да";"Восточный административный округ";"район Преображенское";"37.71696045";"55.79566485";"подземный";"Преображенская площадь";"Сокольническая линия";"не является объектом культурного наследия";"открытие в 05:25:00; закрытие в 01:00:00; первый поезд по 1 пути в 05:34:00, по 2 пути в 05:51:00; последний поезд по 1 пути в 01:09:00, по 2 пути в 02:02:00";"открытие в 05:25:00; закрытие в 01:00:00; первый поезд по 1 пути в 05:34:00, по 2 пути в 06:00:00; последний поезд по 1 пути в 01:09:00, по 2 пути в 02:02:00";"";"";"4";"[]";"действует";"[Geometry[type=Point, coordinates=[37.71696045, 55.79566485]]]";"{type=Point, coordinates=[37.71696045, 55.79566485]}";"1773837";
"";"";"Преображенская площадь, вход-выход 1 в северный вестибюль";"1";"да";"Восточный административный округ";"район Преображенское";"37.71654202";"55.79683763";"подземный";"Преображенская площадь";"Сокольническая линия";"не является объектом культурного наследия";"открытие в 05:25:00; закрытие в 01:00:00; первый поезд по 1 пути в 05:34:00, по 2 пути в 05:51:00; последний поезд по 1 пути в 01:09:00, по 2 пути в 02:02:00";"открытие в 05:25:00; закрытие в 01:00:00; первый поезд по 1 пути в 05:34:00, по 2 пути в 06:00:00; последний поезд по 1 пути в 01:09:00, по 2 пути в 02:02:00";"";"";"4";"[]";"действует";"[Geometry[type=Point, coordinates=[37.71654202, 55.79683763]]]";"{type=Point, coordinates=[37.71654202, 55.79683763]}";"1773838";
"";"";"Преображенская площадь, вход-выход 5 в северный вестибюль";"5";"да";"Восточный административный округ";"район Преображенское";"37.71760954";"55.79607912";"подземный";"Преображенская площадь";"Сокольническая линия";"не является объектом культурного наследия";"открытие в 05:25:00; закрытие в 01:00:00; первый поезд по 1 пути в 05:34:00, по 2 пути в 05:51:00; последний поезд по 1 пути в 01:09:00, по 2 пути в 02:02:00";"открытие в 05:25:00; закрытие в 01:00:00; первый поезд по 1 пути в 05:34:00, по 2 пути в 06:00:00; последний поезд по 1 пути в 01:09:00, по 2 пути в 02:02:00";"";"";"4";"[]";"действует";"[Geometry[type=Point, coordinates=[37.71760954, 55.79607912]]]";"{type=Point, coordinates=[37.71760954, 55.79607912]}";"1773839";
"";"";"Пролетарская, вход-выход 4 в вестибюль 1";"4";"да";"Центральный административный округ";"Таганский район";"37.66441214";"55.73179765";"подземный";"Пролетарская";"Таганско-Краснопресненская линия";"не является объектом культурного наследия";"открытие в 05:30:00; закрытие в 01:00:00; первый поезд по 1 пути в 05:55:00, по 2 пути в 05:48:00; последний поезд по 1 пути в 01:37:00, по 2 пути в 01:28:00";"открытие в 05:30:00; закрытие в 01:00:00; первый поезд по 1 пути в 05:51:00, по 2 пути в 05:48:00; последний поезд по 1 пути в 01:37:00, по 2 пути в 01:28:00";"";"";"4";"[]";"действует";"[Geometry[type=Point, coordinates=[37.66441214, 55.73179765]]]";"{type=Point, coordinates=[37.66441214, 55.73179765]}";"1773840";
"";"";"Пролетарская, вход-выход 9 в вестибюль 1";"9";"да";"Юго-Восточный административный округ";"Южнопортовый район";"37.66450870";"55.73119887";"подземный";"Пролетарская";"Таганско-Краснопресненская линия";"не является объектом культурного наследия";"открытие в 05:30:00; закрытие в 01:00:00; первый поезд по 1 пути в 05:55:00, по 2 пути в 05:48:00; последний поезд по 1 пути в 01:37:00, по 2 пути в 01:28:00";"открытие в 05:30:00; закрытие в 01:00:00; первый поезд по 1 пути в 05:51:00, по 2 пути в 05:48:00; последний поезд по 1 пути в 01:37:00, по 2 пути в 01:28:00";"";"";"4";"[]";"действует";"[Geometry[type=Point, coordinates=[37.6645087, 55.73119887]]]";"{type=Point, coordinates=[37.6645087, 55.73119887]}";"1773841";
"";"";"Пролетарская, вход-выход 8 в вестибюль 1";"8";"да";"Юго-Восточный административный округ";"Южнопортовый район";"37.66496468";"55.73133812";"подземный";"Пролетарская";"Таганско-Краснопресненская линия";"не является объектом культурного наследия";"открытие в 05:30:00; закрытие в 01:00:00; первый поезд по 1 пути в 05:55:00, по 2 пути в 05:48:00; последний поезд по 1 пути в 01:37:00, по 2 пути в 01:28:00";"открытие в 05:30:00; закрытие в 01:00:00; первый поезд по 1 пути в 05:51:00, по 2 пути в 05:48:00; последний поезд по 1 пути в 01:37:00, по 2 пути в 01:28:00";"";"";"4";"[]";"действует";"[Geometry[type=Point, coordinates=[37.66496468, 55.73133812]]]";"{type=Point, coordinates=[37.66496468, 55.73133812]}";"1773842";
"";"";"Проспект Вернадского, вход-выход 7 в северный вестибюль";"7";"да";"Западный административный округ";"район Проспект Вернадского";"37.50733565";"55.67795047";"подземный";"Проспект Вернадского";"Сокольническая линия";"не является объектом культурного наследия";"открытие в 05:30:00; закрытие в 01:00:00; первый поезд по 1 пути в 05:51:00, по 2 пути в 05:50:00; последний поезд по 1 пути в 01:41:00, по 2 пути в 01:30:00";"открытие в 05:30:00; закрытие в 01:00:00; первый поезд по 1 пути в 05:54:00, по 2 пути в 05:44:00; последний поезд по 1 пути в 01:41:00, по 2 пути в 01:30:00";"";"";"2";"[]";"действует";"[Geometry[type=Point, coordinates=[37.50733565, 55.67795047]]]";"{type=Point, coordinates=[37.50733565, 55.67795047]}";"1773843";
"";"";"Проспект Мира, вход 2 в вестибюль";"2";"да";"Центральный административный округ";"Мещанский район";"37.63332640";"55.78180094";"наземный, встроенный в здание";"Проспект Мира";"Калужско-Рижская линия";"выявленный объект культурного наследия";"открытие в 05:30:00; закрытие в 01:00:00; первый поезд по 1 пути в 05:50:00, по 2 пути в 05:42:00; последний поезд по 1 пути в 01:41:00, по 2 пути в 01:21:00";"открытие в 05:30:00; закрытие в 01:00:00; первый поезд по 1 пути в 05:49:00, по 2 пути в 05:42:00; последний поезд по 1 пути в 01:41:00, по 2 пути в 01:21:00";"";"";"5";"[{global_id=2844, RepairOfEscalators=11.05.2022-08.07.2022}, {global_id=3216, RepairOfEscalators=07.06.2023-27.06.2023}]";"действует";"[Geometry[type=Point, coordinates=[37.6333264, 55.78180094]]]";"{type=Point, coordinates=[37.6333264, 55.78180094]}";"1773844";
"";"";"Проспект Мира, вход-выход 1 в вестибюль";"1";"да";"Центральный административный округ";"Мещанский район";"37.63352421";"55.77959625";"наземный, встроенный в здание";"Проспект Мира";"Кольцевая линия";"не является объектом культурного наследия";"открытие в 05:30:00; закрытие в 01:00:00; первый поезд по 1 пути в 05:38:00, по 2 пути в 05:49:00; последний поезд по 1 пути в 01:24:00, по 2 пути в 01:34:00";"открытие в 05:30:00; закрытие в 01:00:00; первый поезд по 1 пути в 05:38:00, по 2 пути в 05:48:00; последний поезд по 1 пути в 01:30:00, по 2 пути в 01:33:00";"";"";"1";"[]";"действует";"[Geometry[type=Point, coordinates=[37.63352421, 55.77959625]]]";"{type=Point, coordinates=[37.63352421, 55.77959625]}";"1773845";
"";"";"Профсоюзная, вход-выход 4 в южный вестибюль";"4";"да";"Юго-Западный административный округ";"район Черёмушки";"37.56180747";"55.67727997";"подземный";"Профсоюзная";"Калужско-Рижская линия";"не является объектом культурного наследия";"открытие в 05:30:00; закрытие в 01:00:00; первый поезд по 1 пути в 05:36:00, по 2 пути в 06:05:00; последний поезд по 1 пути в 01:20:00, по 2 пути в 01:42:00";"открытие в 05:30:00; закрытие в 01:00:00; первый поезд по 1 пути в 05:36:00, по 2 пути в 06:05:00; последний поезд по 1 пути в 01:20:00, по 2 пути в 01:42:00";"";"";"4";"[]";"временно закрыт";"[Geometry[type=Point, coordinates=[37.56180747, 55.67727997]]]";"{type=Point, coordinates=[37.56180747, 55.67727997]}";"1773846";
"";"";"Профсоюзная, вход-выход 1 в южный вестибюль";"1";"да";"Юго-Западный административный округ";"район Черёмушки";"37.56236537";"55.67711022";"подземный";"Профсоюзная";"Калужско-Рижская линия";"не является объектом культурного наследия";"открытие в 05:30:00; закрытие в 01:00:00; первый поезд по 1 пути в 05:36:00, по 2 пути в 06:05:00; последний поезд по 1 пути в 01:20:00, по 2 пути в 01:42:00";"открытие в 05:30:00; закрытие в 01:00:00; первый поезд по 1 пути в 05:36:00, по 2 пути в 06:05:00; последний поезд по 1 пути в 01:20:00, по 2 пути в 01:42:00";"";"";"4";"[]";"действует";"[Geometry[type=Point, coordinates=[37.56236537, 55.67711022]]]";"{type=Point, coordinates=[37.56236537, 55.67711022]}";"1773847";
"";"";"Профсоюзная, вход-выход 6 в северный вестибюль";"6";"да";"Юго-Западный административный округ";"Академический район";"37.56353537";"55.67889969";"подземный";"Профсоюзная";"Калужско-Рижская линия";"не является объектом культурного наследия";"открытие в 05:30:00; закрытие в 01:00:00; первый поезд по 1 пути в 05:36:00, по 2 пути в 06:05:00; последний поезд по 1 пути в 01:20:00, по 2 пути в 01:42:00";"открытие в 05:30:00; закрытие в 01:00:00; первый поезд по 1 пути в 05:36:00, по 2 пути в 06:05:00; последний поезд по 1 пути в 01:20:00, по 2 пути в 01:42:00";"";"";"4";"[]";"действует";"[Geometry[type=Point, coordinates=[37.56353537, 55.67889969]]]";"{type=Point, coordinates=[37.56353537, 55.67889969]}";"1773848";
"";"";"Профсоюзная, вход-выход 7 в северный вестибюль";"7";"да";"Юго-Западный административный округ";"Академический район";"37.56407181";"55.67870627";"подземный";"Профсоюзная";"Калужско-Рижская линия";"не является объектом культурного наследия";"открытие в 05:30:00; закрытие в 01:00:00; первый поезд по 1 пути в 05:36:00, по 2 пути в 06:05:00; последний поезд по 1 пути в 01:20:00, по 2 пути в 01:42:00";"открытие в 05:30:00; закрытие в 01:00:00; первый поезд по 1 пути в 05:36:00, по 2 пути в 06:05:00; последний поезд по 1 пути в 01:20:00, по 2 пути в 01:42:00";"";"";"4";"[]";"действует";"[Geometry[type=Point, coordinates=[37.56407181, 55.67870627]]]";"{type=Point, coordinates=[37.56407181, 55.67870627]}";"1773849";
"";"";"Пушкинская, вход-выход 4 в вестибюль";"4";"да";"Центральный административный округ";"Тверской район";"37.60375243";"55.76544214";"наземный, встроенный в здание";"Пушкинская";"Таганско-Краснопресненская линия";"не является объектом культурного наследия";"открытие в 05:30:00; закрытие в 01:00:00; первый поезд по 1 пути в 05:46:00, по 2 пути в 05:58:00; последний поезд по 1 пути в 01:29:00, по 2 пути в 01:37:00";"открытие в 05:30:00; закрытие в 01:00:00; первый поезд по 1 пути в 05:53:00, по 2 пути в 05:57:00; последний поезд по 1 пути в 01:29:00, по 2 пути в 01:37:00";"";"";"3";"[{global_id=2986, RepairOfEscalators=10.01.2023-28.04.2023}, {global_id=3485, RepairOfEscalators=15.01.2024-29.03.2024}, {global_id=3534, RepairOfEscalators=28.12.2023-14.01.2024}, {global_id=3562, RepairOfEscalators=19.12.2023-16.02.2024}, {global_id=3702, RepairOfEscalators=27.02.2024-27.12.2024}]";"действует";"[Geometry[type=Point, coordinates=[37.60375243, 55.76544214]]]";"{type=Point, coordinates=[37.60375243, 55.76544214]}";"1773850";
"";"";"Полянка, вход-выход 1 в вестибюль";"1";"да";"Центральный административный округ";"район Якиманка";"37.61871720";"55.73684992";"подземный";"Полянка";"Серпуховско-Тимирязевская линия";"не является объектом культурного наследия";"открытие в 05:30:00; закрытие в 01:00:00; первый поезд по 1 пути в 05:49:00, по 2 пути в 05:51:00; последний поезд по 1 пути в 01:31:00, по 2 пути в 01:32:00";"открытие в 05:30:00; закрытие в 01:00:00; первый поезд по 1 пути в 05:49:00, по 2 пути в 05:51:00; последний поезд по 1 пути в 01:31:00, по 2 пути в 01:32:00";"";"";"3";"[{global_id=3353, RepairOfEscalators=31.08.2023-15.09.2023}]";"действует";"[Geometry[type=Point, coordinates=[37.6187172, 55.73684992]]]";"{type=Point, coordinates=[37.6187172, 55.73684992]}";"1773852";
"";"";"Пражская, вход-выход 12 в северный вестибюль";"12";"да";"Южный административный округ";"район Чертаново Центральное";"37.60435560";"55.61375840";"подземный";"Пражская";"Серпуховско-Тимирязевская линия";"не является объектом культурного наследия";"открытие в 05:30:00; закрытие в 01:00:00; первый поезд по 1 пути в 05:40:00, по 2 пути в 06:01:00; последний поезд по 1 пути в 01:10:00, по 2 пути в 01:53:00";"открытие в 05:30:00; закрытие в 01:00:00; первый поезд по 1 пути в 05:50:00, по 2 пути в 05:46:00; последний поезд по 1 пути в 01:10:00, по 2 пути в 01:53:00";"";"";"3";"[{global_id=2960, RepairOfEscalators=10.10.2022-30.12.2022}, {global_id=3211, RepairOfEscalators=05.06.2023-01.09.2023}, {global_id=3814, RepairOfEscalators=19.08.2024-30.09.2024}]";"действует";"[Geometry[type=Point, coordinates=[37.6043556, 55.6137584]]]";"{type=Point, coordinates=[37.6043556, 55.6137584]}";"1773854";
"";"";"Пражская, вход-выход 1 в южный вестибюль";"1";"да";"Южный административный округ";"район Чертаново Центральное";"37.60439632";"55.61153205";"подземный";"Пражская";"Серпуховско-Тимирязевская линия";"не является объектом культурного наследия";"открытие в 05:30:00; закрытие в 01:00:00; первый поезд по 1 пути в 05:40:00, по 2 пути в 06:01:00; последний поезд по 1 пути в 01:10:00, по 2 пути в 01:53:00";"открытие в 05:30:00; закрытие в 01:00:00; первый поезд по 1 пути в 05:50:00, по 2 пути в 05:46:00; последний поезд по 1 пути в 01:10:00, по 2 пути в 01:53:00";"";"";"5";"[{global_id=3811, RepairOfEscalators=19.08.2024-30.09.2024}]";"действует";"[Geometry[type=Point, coordinates=[37.60439632, 55.61153205]]]";"{type=Point, coordinates=[37.60439632, 55.61153205]}";"1773855";
"";"";"Пражская, вход-выход 2 в южный вестибюль";"2";"да";"Южный административный округ";"район Чертаново Центральное";"37.60469673";"55.61114643";"подземный";"Пражская";"Серпуховско-Тимирязевская линия";"не является объектом культурного наследия";"открытие в 05:30:00; закрытие в 01:00:00; первый поезд по 1 пути в 05:40:00, по 2 пути в 06:01:00; последний поезд по 1 пути в 01:10:00, по 2 пути в 01:53:00";"открытие в 05:30:00; закрытие в 01:00:00; первый поезд по 1 пути в 05:50:00, по 2 пути в 05:46:00; последний поезд по 1 пути в 01:10:00, по 2 пути в 01:53:00";"";"";"5";"[{global_id=3296, RepairOfEscalators=19.07.2023-19.09.2023}, {global_id=3648, RepairOfEscalators=15.04.2024-18.04.2024}, {global_id=3815, RepairOfEscalators=19.08.2024-30.09.2024}]";"действует";"[Geometry[type=Point, coordinates=[37.60469673, 55.61114643]]]";"{type=Point, coordinates=[37.60469673, 55.61114643]}";"1773856";
"";"";"Пражская, вход-выход 10 в северный вестибюль";"10";"да";"Южный административный округ";"район Чертаново Центральное";"37.60482230";"55.61372500";"подземный";"Пражская";"Серпуховско-Тимирязевская линия";"не является объектом культурного наследия";"открытие в 05:30:00; закрытие в 01:00:00; первый поезд по 1 пути в 05:40:00, по 2 пути в 06:01:00; последний поезд по 1 пути в 01:10:00, по 2 пути в 01:53:00";"открытие в 05:30:00; закрытие в 01:00:00; первый поезд по 1 пути в 05:50:00, по 2 пути в 05:46:00; последний поезд по 1 пути в 01:10:00, по 2 пути в 01:53:00";"";"";"3";"[{global_id=2958, RepairOfEscalators=10.10.2022-30.12.2022}, {global_id=3209, RepairOfEscalators=05.06.2023-01.09.2023}, {global_id=3812, RepairOfEscalators=19.08.2024-30.09.2024}]";"действует";"[Geometry[type=Point, coordinates=[37.6048223, 55.613725]]]";"{type=Point, coordinates=[37.6048223, 55.613725]}";"1773857";
"";"";"Пражская, вход-выход 5 в южный вестибюль";"5";"да";"Южный административный округ";"район Чертаново Центральное";"37.60251878";"55.61148347";"подземный";"Пражская";"Серпуховско-Тимирязевская линия";"не является объектом культурного наследия";"открытие в 05:30:00; закрытие в 01:00:00; первый поезд по 1 пути в 05:40:00, по 2 пути в 06:01:00; последний поезд по 1 пути в 01:10:00, по 2 пути в 01:53:00";"открытие в 05:30:00; закрытие в 01:00:00; первый поезд по 1 пути в 05:50:00, по 2 пути в 05:46:00; последний поезд по 1 пути в 01:10:00, по 2 пути в 01:53:00";"";"";"5";"[{global_id=3299, RepairOfEscalators=19.07.2023-19.09.2023}, {global_id=3651, RepairOfEscalators=15.04.2024-18.04.2024}, {global_id=3818, RepairOfEscalators=19.08.2024-30.09.2024}]";"действует";"[Geometry[type=Point, coordinates=[37.60251878, 55.61148347]]]";"{type=Point, coordinates=[37.60251878, 55.61148347]}";"1773858";
"";"";"Пражская, вход-выход 8 в южный вестибюль";"8";"да";"Южный административный округ";"район Чертаново Центральное";"37.60233102";"55.61100429";"подземный";"Пражская";"Серпуховско-Тимирязевская линия";"не является объектом культурного наследия";"открытие в 05:30:00; закрытие в 01:00:00; первый поезд по 1 пути в 05:40:00, по 2 пути в 06:01:00; последний поезд по 1 пути в 01:10:00, по 2 пути в 01:53:00";"открытие в 05:30:00; закрытие в 01:00:00; первый поезд по 1 пути в 05:50:00, по 2 пути в 05:46:00; последний поезд по 1 пути в 01:10:00, по 2 пути в 01:53:00";"";"";"5";"[{global_id=3302, RepairOfEscalators=19.07.2023-19.09.2023}, {global_id=3654, RepairOfEscalators=15.04.2024-18.04.2024}, {global_id=3821, RepairOfEscalators=19.08.2024-30.09.2024}]";"действует";"[Geometry[type=Point, coordinates=[37.60233102, 55.61100429]]]";"{type=Point, coordinates=[37.60233102, 55.61100429]}";"1773859";
"";"";"Первомайская, вход-выход 1 в северный вестибюль";"1";"да";"Восточный административный округ";"район Измайлово";"37.79898121";"55.79570118";"подземный";"Первомайская";"Арбатско-Покровская линия";"не является объектом культурного наследия";"открытие в 05:30:00; закрытие в 01:00:00; первый поезд по 1 пути в 05:42:00, по 2 пути в 05:57:00; последний поезд по 1 пути в 01:05:00, по 2 пути в 02:04:00";"открытие в 05:30:00; закрытие в 01:00:00; первый поезд по 1 пути в 05:45:00, по 2 пути в 06:05:00; последний поезд по 1 пути в 01:05:00, по 2 пути в 02:04:00";"";"";"6";"[]";"действует";"[Geometry[type=Point, coordinates=[37.79898121, 55.79570118]]]";"{type=Point, coordinates=[37.79898121, 55.79570118]}";"1773860";
"";"";"Первомайская, вход-выход 4 в южный вестибюль";"4";"да";"Восточный административный округ";"район Измайлово";"37.79908062";"55.79357527";"подземный";"Первомайская";"Арбатско-Покровская линия";"не является объектом культурного наследия";"открытие в 05:30:00; закрытие в 01:00:00; первый поезд по 1 пути в 05:42:00, по 2 пути в 05:57:00; последний поезд по 1 пути в 01:05:00, по 2 пути в 02:04:00";"открытие в 05:30:00; закрытие в 01:00:00; первый поезд по 1 пути в 05:45:00, по 2 пути в 06:05:00; последний поезд по 1 пути в 01:05:00, по 2 пути в 02:04:00";"";"";"7";"[]";"действует";"[Geometry[type=Point, coordinates=[37.79908062, 55.79357527]]]";"{type=Point, coordinates=[37.79908062, 55.79357527]}";"1773861";
"";"";"Первомайская, вход-выход 2 в северный вестибюль";"2";"да";"Восточный административный округ";"район Измайлово";"37.79961957";"55.79574047";"подземный";"Первомайская";"Арбатско-Покровская линия";"не является объектом культурного наследия";"открытие в 05:30:00; закрытие в 01:00:00; первый поезд по 1 пути в 05:42:00, по 2 пути в 05:57:00; последний поезд по 1 пути в 01:05:00, по 2 пути в 02:04:00";"открытие в 05:30:00; закрытие в 01:00:00; первый поезд по 1 пути в 05:45:00, по 2 пути в 06:05:00; последний поезд по 1 пути в 01:05:00, по 2 пути в 02:04:00";"";"";"6";"[]";"действует";"[Geometry[type=Point, coordinates=[37.79961957, 55.79574047]]]";"{type=Point, coordinates=[37.79961957, 55.79574047]}";"1773862";
"";"";"Первомайская, вход-выход 3 в южный вестибюль";"3";"да";"Восточный административный округ";"район Измайлово";"37.79973508";"55.79359038";"подземный";"Первомайская";"Арбатско-Покровская линия";"не является объектом культурного наследия";"открытие в 05:30:00; закрытие в 01:00:00; первый поезд по 1 пути в 05:42:00, по 2 пути в 05:57:00; последний поезд по 1 пути в 01:05:00, по 2 пути в 02:04:00";"открытие в 05:30:00; закрытие в 01:00:00; первый поезд по 1 пути в 05:45:00, по 2 пути в 06:05:00; последний поезд по 1 пути в 01:05:00, по 2 пути в 02:04:00";"";"";"7";"[]";"действует";"[Geometry[type=Point, coordinates=[37.79973508, 55.79359038]]]";"{type=Point, coordinates=[37.79973508, 55.79359038]}";"1773863";
"";"";"Перово, вход-выход 6 в западный вестибюль";"6";"да";"Восточный административный округ";"район Перово";"37.78436661";"55.75123734";"подземный";"Перово";"Калининская линия";"не является объектом культурного наследия";"открытие в 05:25:00; закрытие в 01:00:00; первый поезд по 1 пути в 05:33:00, по 2 пути в 05:56:00; последний поезд по 1 пути в 01:09:00, по 2 пути в 01:17:00";"открытие в 05:25:00; закрытие в 01:00:00; первый поезд по 1 пути в 05:33:00, по 2 пути в 05:56:00; последний поезд по 1 пути в 01:09:00, по 2 пути в 01:17:00";"";"";"4";"[]";"действует";"[Geometry[type=Point, coordinates=[37.78436661, 55.75123734]]]";"{type=Point, coordinates=[37.78436661, 55.75123734]}";"1773864";
"";"";"Перово, вход-выход 5 в западный вестибюль";"5";"да";"Восточный административный округ";"район Перово";"37.78417349";"55.75098320";"подземный";"Перово";"Калининская линия";"не является объектом культурного наследия";"открытие в 05:25:00; закрытие в 01:00:00; первый поезд по 1 пути в 05:33:00, по 2 пути в 05:56:00; последний поезд по 1 пути в 01:09:00, по 2 пути в 01:17:00";"открытие в 05:25:00; закрытие в 01:00:00; первый поезд по 1 пути в 05:33:00, по 2 пути в 05:56:00; последний поезд по 1 пути в 01:09:00, по 2 пути в 01:17:00";"";"";"4";"[]";"действует";"[Geometry[type=Point, coordinates=[37.78417349, 55.7509832]]]";"{type=Point, coordinates=[37.78417349, 55.7509832]}";"1773865";
"";"";"Перово, вход-выход 8 в западный вестибюль";"8";"да";"Восточный административный округ";"район Перово";"37.78503716";"55.75113144";"подземный";"Перово";"Калининская линия";"не является объектом культурного наследия";"открытие в 05:25:00; закрытие в 01:00:00; первый поезд по 1 пути в 05:33:00, по 2 пути в 05:56:00; последний поезд по 1 пути в 01:09:00, по 2 пути в 01:17:00";"открытие в 05:25:00; закрытие в 01:00:00; первый поезд по 1 пути в 05:33:00, по 2 пути в 05:56:00; последний поезд по 1 пути в 01:09:00, по 2 пути в 01:17:00";"";"";"4";"[]";"действует";"[Geometry[type=Point, coordinates=[37.78503716, 55.75113144]]]";"{type=Point, coordinates=[37.78503716, 55.75113144]}";"1773866";
"";"";"Перово, вход-выход 1 в восточный вестибюль";"1";"да";"Восточный административный округ";"район Перово";"37.78843263";"55.75177256";"подземный";"Перово";"Калининская линия";"не является объектом культурного наследия";"открытие в 05:25:00; закрытие в 01:00:00; первый поезд по 1 пути в 05:33:00, по 2 пути в 05:56:00; последний поезд по 1 пути в 01:09:00, по 2 пути в 01:17:00";"открытие в 05:25:00; закрытие в 01:00:00; первый поезд по 1 пути в 05:33:00, по 2 пути в 05:56:00; последний поезд по 1 пути в 01:09:00, по 2 пути в 01:17:00";"";"";"4";"[]";"действует";"[Geometry[type=Point, coordinates=[37.78843263, 55.75177256]]]";"{type=Point, coordinates=[37.78843263, 55.75177256]}";"1773867";
"";"";"Перово, вход-выход 2 в восточный вестибюль";"2";"да";"Восточный административный округ";"район Новогиреево";"37.78825163";"55.75128346";"подземный";"Перово";"Калининская линия";"не является объектом культурного наследия";"открытие в 05:25:00; закрытие в 01:00:00; первый поезд по 1 пути в 05:33:00, по 2 пути в 05:56:00; последний поезд по 1 пути в 01:09:00, по 2 пути в 01:17:00";"открытие в 05:25:00; закрытие в 01:00:00; первый поезд по 1 пути в 05:33:00, по 2 пути в 05:56:00; последний поезд по 1 пути в 01:09:00, по 2 пути в 01:17:00";"";"";"4";"[]";"действует";"[Geometry[type=Point, coordinates=[37.78825163, 55.75128346]]]";"{type=Point, coordinates=[37.78825163, 55.75128346]}";"1773868";
"";"";"Пионерская, вход-выход 2 в восточный вестибюль";"2";"да";"Западный административный округ";"район Фили-Давыдково";"37.46748350";"55.73609102";"наземный отдельностоящий";"Пионерская";"Филёвская линия";"не является объектом культурного наследия";"открытие в 05:30:00; закрытие в 01:00:00; первый поезд по 1 пути в 05:48:00, по 2 пути в 05:55:00; последний поезд по 1 пути в 01:23:00, по 2 пути в 01:05:00";"открытие в 05:30:00; закрытие в 01:00:00; первый поезд по 1 пути в 05:48:00, по 2 пути в 05:55:00; последний поезд по 1 пути в 01:23:00, по 2 пути в 01:05:00";"";"";"1";"[]";"действует";"[Geometry[type=Point, coordinates=[37.4674835, 55.73609102]]]";"{type=Point, coordinates=[37.4674835, 55.73609102]}";"1773869";
"";"";"Планерная, вход-выход 2 в вестибюль 1";"2";"да";"Северо-Западный административный округ";"район Северное Тушино";"37.43689833";"55.85959134";"наземный отдельностоящий";"Планерная";"Таганско-Краснопресненская линия";"не является объектом культурного наследия";"открытие в 05:30:00; закрытие в 01:00:00; первый поезд по 1 пути в 05:41:00; последний поезд по 1 пути в 01:03:00";"открытие в 05:30:00; закрытие в 01:00:00; первый поезд по 1 пути в 05:48:00; последний поезд по 1 пути в 01:03:00";"";"";"3";"[]";"действует";"[Geometry[type=Point, coordinates=[37.43689833, 55.85959134]]]";"{type=Point, coordinates=[37.43689833, 55.85959134]}";"1773871";
"";"";"Площадь Ильича, вход-выход 1 в вестибюль";"1";"да";"Центральный административный округ";"Таганский район";"37.68084697";"55.74731767";"подземный";"Площадь Ильича";"Калининская линия";"не является объектом культурного наследия";"открытие в 05:30:00; закрытие в 01:00:00; первый поезд по 1 пути в 05:44:00, по 2 пути в 05:45:00; последний поезд по 1 пути в 01:19:00, по 2 пути в 01:08:00";"открытие в 05:30:00; закрытие в 01:00:00; первый поезд по 1 пути в 05:44:00, по 2 пути в 05:45:00; последний поезд по 1 пути в 01:19:00, по 2 пути в 01:08:00";"";"";"3";"[{global_id=2967, RepairOfEscalators=13.09.2022-28.02.2023}, {global_id=3442, RepairOfEscalators=17.01.2024-28.02.2024}, {global_id=3717, RepairOfEscalators=02.07.2024-15.10.2026}]";"действует";"[Geometry[type=Point, coordinates=[37.68084697, 55.74731767]]]";"{type=Point, coordinates=[37.68084697, 55.74731767]}";"1773872";
"";"";"Площадь Революции, вход-выход 11 в восточный вестибюль";"11";"да";"Центральный административный округ";"Тверской район";"37.62333974";"55.75639326";"наземный, встроенный в здание";"Площадь Революции";"Арбатско-Покровская линия";"выявленный объект культурного наследия";"открытие в 05:30:00; закрытие в 01:00:00; первый поезд по 1 пути в 05:45:00, по 2 пути в 05:47:00; последний поезд по 1 пути в 01:25:00, по 2 пути в 01:44:00";"открытие в 05:30:00; закрытие в 01:00:00; первый поезд по 1 пути в 05:45:00, по 2 пути в 05:46:00; последний поезд по 1 пути в 01:25:00, по 2 пути в 01:44:00";"";"";"";"[{global_id=3960, RepairOfEscalators=15.01.2025-25.03.2025}]";"временно закрыт";"[Geometry[type=Point, coordinates=[37.62333974, 55.75639326]]]";"{type=Point, coordinates=[37.62333974, 55.75639326]}";"1773873";
"";"";"Полежаевская, вход-выход 3 во 2-й вестибюль";"3";"да";"Северный административный округ";"Хорошёвский район";"37.51715052";"55.77771849";"подземный";"Полежаевская";"Таганско-Краснопресненская линия";"не является объектом культурного наследия";"открытие в 05:30:00; закрытие в 01:00:00; первый поезд по 1 пути в 05:58:00, по 2 пути в 06:08:00; последний поезд по 1 пути в 01:19:00, по 2 пути в 01:46:00";"открытие в 05:30:00; закрытие в 01:00:00; первый поезд по 1 пути в 05:56:00, по 2 пути в 06:07:00; последний поезд по 1 пути в 01:19:00, по 2 пути в 01:46:00";"";"";"6";"[]";"действует";"[Geometry[type=Point, coordinates=[37.51715052, 55.77771849]]]";"{type=Point, coordinates=[37.51715052, 55.77771849]}";"1773875";
"";"";"Полежаевская, вход-выход 1 во 2-й вестибюль";"1";"да";"Северный административный округ";"Хорошёвский район";"37.51710761";"55.77705334";"подземный";"Полежаевская";"Таганско-Краснопресненская линия";"не является объектом культурного наследия";"открытие в 05:30:00; закрытие в 01:00:00; первый поезд по 1 пути в 05:58:00, по 2 пути в 06:08:00; последний поезд по 1 пути в 01:19:00, по 2 пути в 01:46:00";"открытие в 05:30:00; закрытие в 01:00:00; первый поезд по 1 пути в 05:56:00, по 2 пути в 06:07:00; последний поезд по 1 пути в 01:19:00, по 2 пути в 01:46:00";"";"";"4";"[]";"действует";"[Geometry[type=Point, coordinates=[37.51710761, 55.77705334]]]";"{type=Point, coordinates=[37.51710761, 55.77705334]}";"1773876";
"";"";"Полежаевская, вход-выход 4 во 2-й вестибюль";"4";"да";"Северный административный округ";"Хорошёвский район";"37.51761186";"55.77765802";"подземный";"Полежаевская";"Таганско-Краснопресненская линия";"не является объектом культурного наследия";"открытие в 05:30:00; закрытие в 01:00:00; первый поезд по 1 пути в 05:58:00, по 2 пути в 06:08:00; последний поезд по 1 пути в 01:19:00, по 2 пути в 01:46:00";"открытие в 05:30:00; закрытие в 01:00:00; первый поезд по 1 пути в 05:56:00, по 2 пути в 06:07:00; последний поезд по 1 пути в 01:19:00, по 2 пути в 01:46:00";"";"";"4";"[{global_id=4079, RepairOfEscalators=04.04.2025-06.04.2025}]";"действует";"[Geometry[type=Point, coordinates=[37.51761186, 55.77765802]]]";"{type=Point, coordinates=[37.51761186, 55.77765802]}";"1773877";
"";"";"Петровско-Разумовская, вход-выход 2 в вестибюль 1";"2";"да";"Северный административный округ";"Тимирязевский район";"37.57345276";"55.83326172";"подземный";"Петровско-Разумовская";"Люблинско-Дмитровская линия";"не является объектом культурного наследия";"открытие в 05:20:00, закрытие в 01:00:00, первый поезд по 1 пути в 05:40:00, по 2 пути в 05:48:00, последний поезд по 1 пути в 01:18:00, по 2 пути в 01:53:00";"открытие в 05:20:00, закрытие в 01:00:00, первый поезд по 1 пути в 05:43:00, по 2 пути в 05:55:00, последний поезд по 1 пути в 01:18:00, по 2 пути в 01:53:00";"";"";"3";"[{global_id=3152, RepairOfEscalators=16.03.2023-31.08.2023}, {global_id=3747, RepairOfEscalators=11.12.2023-28.05.2024}, {global_id=3971, RepairOfEscalators=22.11.2024-30.09.2025}]";"действует";"[Geometry[type=Point, coordinates=[37.57345276, 55.83326172]]]";"{type=Point, coordinates=[37.57345276, 55.83326172]}";"1773878";
"";"";"Печатники, вход-выход 5 в вестибюль";"5";"да";"Юго-Восточный административный округ";"район Печатники";"37.72781500";"55.69288608";"подземный";"Печатники";"Люблинско-Дмитровская линия";"не является объектом культурного наследия";"открытие в 05:25:00; закрытие в 01:00:00; первый поезд по 1 пути в 05:47:00, по 2 пути в 05:31:00; последний поезд по 1 пути в 01:51:00, по 2 пути в 01:21:00";"открытие в 05:25:00; закрытие в 01:00:00; первый поезд по 1 пути в 05:47:00, по 2 пути в 05:31:00; последний поезд по 1 пути в 01:51:00, по 2 пути в 01:21:00";"";"";"3";"[]";"действует";"[Geometry[type=Point, coordinates=[37.727815, 55.69288608]]]";"{type=Point, coordinates=[37.727815, 55.69288608]}";"1773879";
"";"";"Печатники, вход-выход 3 в вестибюль";"3";"да";"Юго-Восточный административный округ";"район Печатники";"37.72824952";"55.69285578";"подземный";"Печатники";"Люблинско-Дмитровская линия";"не является объектом культурного наследия";"открытие в 05:25:00; закрытие в 01:00:00; первый поезд по 1 пути в 05:47:00, по 2 пути в 05:31:00; последний поезд по 1 пути в 01:51:00, по 2 пути в 01:21:00";"открытие в 05:25:00; закрытие в 01:00:00; первый поезд по 1 пути в 05:47:00, по 2 пути в 05:31:00; последний поезд по 1 пути в 01:51:00, по 2 пути в 01:21:00";"";"";"3";"[]";"временно закрыт";"[Geometry[type=Point, coordinates=[37.72824952, 55.69285578]]]";"{type=Point, coordinates=[37.72824952, 55.69285578]}";"1773880";
"";"";"Печатники, вход-выход 4 в вестибюль";"4";"да";"Юго-Восточный административный округ";"район Печатники";"37.72851238";"55.69265277";"подземный";"Печатники";"Люблинско-Дмитровская линия";"не является объектом культурного наследия";"открытие в 05:25:00; закрытие в 01:00:00; первый поезд по 1 пути в 05:47:00, по 2 пути в 05:31:00; последний поезд по 1 пути в 01:51:00, по 2 пути в 01:21:00";"открытие в 05:25:00; закрытие в 01:00:00; первый поезд по 1 пути в 05:47:00, по 2 пути в 05:31:00; последний поезд по 1 пути в 01:51:00, по 2 пути в 01:21:00";"";"";"3";"[]";"действует";"[Geometry[type=Point, coordinates=[37.72851238, 55.69265277]]]";"{type=Point, coordinates=[37.72851238, 55.69265277]}";"1773881";
"";"";"Печатники, вход-выход 6 в вестибюль";"6";"да";"Юго-Восточный административный округ";"район Печатники";"37.72846410";"55.69238915";"подземный";"Печатники";"Люблинско-Дмитровская линия";"не является объектом культурного наследия";"открытие в 05:25:00; закрытие в 01:00:00; первый поезд по 1 пути в 05:47:00, по 2 пути в 05:31:00; последний поезд по 1 пути в 01:51:00, по 2 пути в 01:21:00";"открытие в 05:25:00; закрытие в 01:00:00; первый поезд по 1 пути в 05:47:00, по 2 пути в 05:31:00; последний поезд по 1 пути в 01:51:00, по 2 пути в 01:21:00";"";"";"3";"[]";"действует";"[Geometry[type=Point, coordinates=[37.7284641, 55.69238915]]]";"{type=Point, coordinates=[37.7284641, 55.69238915]}";"1773882";
"";"";"Пионерская, вход-выход 1 в западный вестибюль";"1";"да";"Западный административный округ";"район Фили-Давыдково";"37.46677540";"55.73596693";"наземный отдельностоящий";"Пионерская";"Филёвская линия";"не является объектом культурного наследия";"открытие в 05:30:00; закрытие в 01:00:00; первый поезд по 1 пути в 05:48:00, по 2 пути в 05:55:00; последний поезд по 1 пути в 01:23:00, по 2 пути в 01:05:00";"открытие в 05:30:00; закрытие в 01:00:00; первый поезд по 1 пути в 05:48:00, по 2 пути в 05:55:00; последний поезд по 1 пути в 01:23:00, по 2 пути в 01:05:00";"";"";"1";"[]";"действует";"[Geometry[type=Point, coordinates=[37.4667754, 55.73596693]]]";"{type=Point, coordinates=[37.4667754, 55.73596693]}";"1773883";
"";"";"Полежаевская, вход-выход 7 в 1-й вестибюль";"7";"да";"Северный административный округ";"Хорошёвский район";"37.52170760";"55.77764404";"подземный";"Полежаевская";"Таганско-Краснопресненская линия";"не является объектом культурного наследия";"открытие в 05:30:00; закрытие в 01:00:00; первый поезд по 1 пути в 05:58:00, по 2 пути в 06:08:00; последний поезд по 1 пути в 01:19:00, по 2 пути в 01:46:00";"открытие в 05:30:00; закрытие в 01:00:00; первый поезд по 1 пути в 05:56:00, по 2 пути в 06:07:00; последний поезд по 1 пути в 01:19:00, по 2 пути в 01:46:00";"";"";"4";"[{global_id=3192, RepairOfEscalators=27.05.2023-29.05.2023}, {global_id=3195, RepairOfEscalators=20.05.2023-22.05.2023}, {global_id=3228, RepairOfEscalators=01.02.2023-26.07.2023}, {global_id=3248, RepairOfEscalators=07.07.2023-09.07.2023}, {global_id=3250, RepairOfEscalators=14.07.2023-16.07.2023}, {global_id=3331, RepairOfEscalators=25.08.2023-27.08.2023}, {global_id=3379, RepairOfEscalators=29.09.2023-02.10.2023}, {global_id=3525, RepairOfEscalators=26.04.2023-27.12.2023}, {global_id=3842, RepairOfEscalators=15.08.2024-29.08.2024}, {global_id=3925, RepairOfEscalators=02.10.2024-12.12.2024}]";"действует";"[Geometry[type=Point, coordinates=[37.5217076, 55.77764404]]]";"{type=Point, coordinates=[37.5217076, 55.77764404]}";"1773884";
"";"";"Полежаевская, вход-выход 6 в 1-й вестибюль";"6";"да";"Северный административный округ";"Хорошёвский район";"37.52142060";"55.77806977";"подземный";"Полежаевская";"Таганско-Краснопресненская линия";"не является объектом культурного наследия";"открытие в 05:30:00; закрытие в 01:00:00; первый поезд по 1 пути в 05:58:00, по 2 пути в 06:08:00; последний поезд по 1 пути в 01:19:00, по 2 пути в 01:46:00";"открытие в 05:30:00; закрытие в 01:00:00; первый поезд по 1 пути в 05:56:00, по 2 пути в 06:07:00; последний поезд по 1 пути в 01:19:00, по 2 пути в 01:46:00";"";"";"4";"[{global_id=2950, RepairOfEscalators=12.09.2022-14.09.2022}, {global_id=3191, RepairOfEscalators=27.05.2023-29.05.2023}, {global_id=3194, RepairOfEscalators=20.05.2023-22.05.2023}, {global_id=3227, RepairOfEscalators=01.02.2023-26.07.2023}, {global_id=3247, RepairOfEscalators=07.07.2023-09.07.2023}, {global_id=3249, RepairOfEscalators=14.07.2023-16.07.2023}, {global_id=3330, RepairOfEscalators=25.08.2023-27.08.2023}, {global_id=3378, RepairOfEscalators=29.09.2023-02.10.2023}, {global_id=3524, RepairOfEscalators=26.04.2023-27.12.2023}, {global_id=3841, RepairOfEscalators=15.08.2024-29.08.2024}, {global_id=3924, RepairOfEscalators=02.10.2024-12.12.2024}, {global_id=4074, RepairOfEscalators=04.04.2025-06.04.2025}]";"действует";"[Geometry[type=Point, coordinates=[37.5214206, 55.77806977]]]";"{type=Point, coordinates=[37.5214206, 55.77806977]}";"1773886";
"";"";"Тёплый стан, вход-выход 5 в северный вестибюль";"5";"да";"Юго-Западный административный округ";"район Ясенево";"37.50729757";"55.61958028";"подземный";"Тёплый стан";"Калужско-Рижская линия";"не является объектом культурного наследия";"открытие в 05:30:00; закрытие в 01:00:00; первый поезд по 1 пути в 05:49:00, по 2 пути в 05:48:00; последний поезд по 1 пути в 01:08:00, по 2 пути в 01:54:00";"открытие в 05:30:00; закрытие в 01:00:00; первый поезд по 1 пути в 05:48:00, по 2 пути в 05:46:00; последний поезд по 1 пути в 01:08:00, по 2 пути в 01:54:00";"";"";"6";"[]";"действует";"[Geometry[type=Point, coordinates=[37.50729757, 55.61958028]]]";"{type=Point, coordinates=[37.50729757, 55.61958028]}";"1773887";
"";"";"Тургеневская, вход-выход 4 в вестибюль";"4";"да";"Центральный административный округ";"Красносельский район";"37.63691752";"55.76529079";"подземный";"Тургеневская";"Калужско-Рижская линия";"не является объектом культурного наследия";"открытие в 05:30:00; закрытие в 01:00:00; первый поезд по 1 пути в 05:46:00, по 2 пути в 05:46:00; последний поезд по 1 пути в 01:38:00, по 2 пути в 01:24:00";"открытие в 05:30:00; закрытие в 01:00:00; первый поезд по 1 пути в 05:45:00, по 2 пути в 05:46:00; последний поезд по 1 пути в 01:38:00, по 2 пути в 01:24:00";"";"";"3";"[{global_id=3034, RepairOfEscalators=01.11.2022-30.12.2022}, {global_id=3686, RepairOfEscalators=22.04.2024-01.07.2024}, {global_id=3845, RepairOfEscalators=19.08.2024-05.09.2024}, {global_id=3913, RepairOfEscalators=10.10.2024-28.11.2024}, {global_id=3965, RepairOfEscalators=15.01.2025-27.03.2025}]";"действует";"[Geometry[type=Point, coordinates=[37.63691752, 55.76529079]]]";"{type=Point, coordinates=[37.63691752, 55.76529079]}";"1773888";
"";"";"Тургеневская, вход-выход 3 в вестибюль";"3";"да";"Центральный административный округ";"Красносельский район";"37.63649910";"55.76547528";"подземный";"Тургеневская";"Калужско-Рижская линия";"не является объектом культурного наследия";"открытие в 05:30:00; закрытие в 01:00:00; первый поезд по 1 пути в 05:46:00, по 2 пути в 05:46:00; последний поезд по 1 пути в 01:38:00, по 2 пути в 01:24:00";"открытие в 05:30:00; закрытие в 01:00:00; первый поезд по 1 пути в 05:45:00, по 2 пути в 05:46:00; последний поезд по 1 пути в 01:38:00, по 2 пути в 01:24:00";"";"";"3";"[{global_id=3035, RepairOfEscalators=01.11.2022-30.12.2022}, {global_id=3685, RepairOfEscalators=22.04.2024-01.07.2024}, {global_id=3844, RepairOfEscalators=19.08.2024-05.09.2024}, {global_id=3912, RepairOfEscalators=10.10.2024-28.11.2024}, {global_id=3964, RepairOfEscalators=15.01.2025-27.03.2025}]";"действует";"[Geometry[type=Point, coordinates=[37.6364991, 55.76547528]]]";"{type=Point, coordinates=[37.6364991, 55.76547528]}";"1773889";
"";"";"Тушинская, вход-выход 5 в вестибюль 1";"5";"да";"Северо-Западный административный округ";"район Покровское-Стрешнево";"37.43599585";"55.82560060";"подземный";"Тушинская";"Таганско-Краснопресненская линия";"не является объектом культурного наследия";"открытие в 05:30:00; закрытие в 01:00:00; первый поезд по 1 пути в 05:46:00, по 2 пути в 05:48:00; последний поезд по 1 пути в 01:08:00, по 2 пути в 01:57:00";"открытие в 05:30:00; закрытие в 01:00:00; первый поезд по 1 пути в 05:45:00, по 2 пути в 05:47:00; последний поезд по 1 пути в 01:08:00, по 2 пути в 01:57:00";"";"";"4";"[]";"действует";"[Geometry[type=Point, coordinates=[37.43599585, 55.8256006]]]";"{type=Point, coordinates=[37.43599585, 55.8256006]}";"1773890";
"";"";"Тушинская, вход-выход 4 в вестибюль 1";"4";"да";"Северо-Западный административный округ";"район Покровское-Стрешнево";"37.43700973";"55.82543452";"подземный";"Тушинская";"Таганско-Краснопресненская линия";"не является объектом культурного наследия";"открытие в 05:30:00; закрытие в 01:00:00; первый поезд по 1 пути в 05:46:00, по 2 пути в 05:48:00; последний поезд по 1 пути в 01:08:00, по 2 пути в 01:57:00";"открытие в 05:30:00; закрытие в 01:00:00; первый поезд по 1 пути в 05:45:00, по 2 пути в 05:47:00; последний поезд по 1 пути в 01:08:00, по 2 пути в 01:57:00";"";"";"4";"[]";"действует";"[Geometry[type=Point, coordinates=[37.43700973, 55.82543452]]]";"{type=Point, coordinates=[37.43700973, 55.82543452]}";"1773891";
"";"";"Тушинская, вход-выход 2 в вестибюль 2";"2";"да";"Северо-Западный административный округ";"район Покровское-Стрешнево";"37.43743015";"55.82730843";"подземный";"Тушинская";"Таганско-Краснопресненская линия";"не является объектом культурного наследия";"открытие в 05:30:00; закрытие в 01:00:00; первый поезд по 1 пути в 05:46:00, по 2 пути в 05:48:00; последний поезд по 1 пути в 01:08:00, по 2 пути в 01:57:00";"открытие в 05:30:00; закрытие в 01:00:00; первый поезд по 1 пути в 05:45:00, по 2 пути в 05:47:00; последний поезд по 1 пути в 01:08:00, по 2 пути в 01:57:00";"";"";"7";"[{global_id=3219, RepairOfEscalators=13.06.2023-26.07.2023}]";"действует";"[Geometry[type=Point, coordinates=[37.43743015, 55.82730843]]]";"{type=Point, coordinates=[37.43743015, 55.82730843]}";"1773892";
"";"";"Тушинская, вход-выход 3 в вестибюль 2";"3";"да";"Северо-Западный административный округ";"район Покровское-Стрешнево";"37.43809284";"55.82817269";"подземный";"Тушинская";"Таганско-Краснопресненская линия";"не является объектом культурного наследия";"открытие в 05:30:00; закрытие в 01:00:00; первый поезд по 1 пути в 05:46:00, по 2 пути в 05:48:00; последний поезд по 1 пути в 01:08:00, по 2 пути в 01:57:00";"открытие в 05:30:00; закрытие в 01:00:00; первый поезд по 1 пути в 05:45:00, по 2 пути в 05:47:00; последний поезд по 1 пути в 01:08:00, по 2 пути в 01:57:00";"";"";"7";"[{global_id=3220, RepairOfEscalators=13.06.2023-26.07.2023}]";"действует";"[Geometry[type=Point, coordinates=[37.43809284, 55.82817269]]]";"{type=Point, coordinates=[37.43809284, 55.82817269]}";"1773893";
"";"";"Улица Горчакова, вход-выход 1 в вестибюль";"1";"да";"Юго-Западный административный округ";"район Южное Бутово";"37.53211855";"55.54214790";"наземный отдельностоящий";"Улица Горчакова";"Бутовская линия";"не является объектом культурного наследия";"открытие в 05:30:00; закрытие в 01:00:00; первый поезд по 1 пути в 06:00:00, по 2 пути в 05:51:00; последний поезд по 1 пути в 01:05:00, по 2 пути в 01:20:00";"открытие в 05:30:00; закрытие в 01:00:00; первый поезд по 1 пути в 06:00:00, по 2 пути в 05:51:00; последний поезд по 1 пути в 01:05:00, по 2 пути в 01:21:00";"";"";"2";"[{global_id=3439, RepairOfEscalators=20.11.2023-20.12.2023}, {global_id=3556, RepairOfEscalators=05.02.2024-11.03.2024}]";"действует";"[Geometry[type=Point, coordinates=[37.53211855, 55.5421479]]]";"{type=Point, coordinates=[37.53211855, 55.5421479]}";"1773894";
"";"";"Улица 1905 года, вход-выход 2 в вестибюль 2";"2";"да";"Центральный административный округ";"Пресненский район";"37.56046719";"55.76543018";"наземный отдельностоящий";"Улица 1905 года";"Таганско-Краснопресненская линия";"не является объектом культурного наследия";"открытие в 05:30:00; закрытие в 01:00:00; первый поезд по 1 пути в 06:03:00, по 2 пути в 06:03:00; последний поезд по 1 пути в 01:24:00, по 2 пути в 01:41:00";"открытие в 05:30:00; закрытие в 01:00:00; первый поезд по 1 пути в 06:01:00, по 2 пути в 06:02:00; последний поезд по 1 пути в 01:24:00, по 2 пути в 01:41:00";"";"";"2";"[{global_id=3129, RepairOfEscalators=11.01.2023-19.05.2023}]";"действует";"[Geometry[type=Point, coordinates=[37.56046719, 55.76543018]]]";"{type=Point, coordinates=[37.56046719, 55.76543018]}";"1773895";
"";"";"Филёвский парк, вход-выход 1 в западный вестибюль";"1";"да";"Западный административный округ";"район Фили-Давыдково";"37.48289946";"55.73943413";"наземный отдельностоящий";"Филёвский парк";"Филёвская линия";"не является объектом культурного наследия";"открытие в 05:30:00; закрытие в 01:00:00; первый поезд по 1 пути в 05:45:00, по 2 пути в 05:57:00; последний поезд по 1 пути в 01:21:00, по 2 пути в 01:07:00";"открытие в 05:30:00; закрытие в 01:00:00; первый поезд по 1 пути в 05:45:00, по 2 пути в 05:57:00; последний поезд по 1 пути в 01:21:00, по 2 пути в 01:07:00";"";"";"1";"[]";"действует";"[Geometry[type=Point, coordinates=[37.48289946, 55.73943413]]]";"{type=Point, coordinates=[37.48289946, 55.73943413]}";"1773896";
"";"";"Фили, выход 3 из восточного вестибюля";"3";"да";"Западный административный округ";"район Филёвский Парк";"37.51581779";"55.74541547";"наземный отдельностоящий";"Фили";"Филёвская линия";"не является объектом культурного наследия";"открытие в 05:30:00; закрытие в 01:00:00; первый поезд по 1 пути в 05:50:00, по 2 пути в 05:37:00; последний поезд по 1 пути в 01:17:00, по 2 пути в 01:12:00";"открытие в 05:30:00; закрытие в 01:00:00; первый поезд по 1 пути в 05:50:00, по 2 пути в 05:37:00; последний поезд по 1 пути в 01:17:00, по 2 пути в 01:12:00";"";"";"2";"[]";"действует";"[Geometry[type=Point, coordinates=[37.51581779, 55.74541547]]]";"{type=Point, coordinates=[37.51581779, 55.74541547]}";"1773898";
"";"";"Фрунзенская, вход-выход 1 в вестибюль";"1";"да";"Центральный административный округ";"район Хамовники";"37.58059150";"55.72741432";"наземный, встроенный в здание";"Фрунзенская";"Сокольническая линия";"не является объектом культурного наследия";"открытие в 05:30:00; закрытие в 01:00:00; первый поезд по 1 пути в 05:48:00, по 2 пути в 05:48:00; последний поезд по 1 пути в 01:30:00, по 2 пути в 01:41:00";"открытие в 05:30:00; закрытие в 01:00:00; первый поезд по 1 пути в 05:48:00, по 2 пути в 05:48:00; последний поезд по 1 пути в 01:30:00, по 2 пути в 01:41:00";"";"";"2";"[{global_id=3076, RepairOfEscalators=10.01.2022-24.03.2023}, {global_id=3873, RepairOfEscalators=26.08.2024-07.10.2024}]";"действует";"[Geometry[type=Point, coordinates=[37.5805915, 55.72741432]]]";"{type=Point, coordinates=[37.5805915, 55.72741432]}";"1773899";
"";"";"Царицыно, вход-выход 4 в южный вестибюль";"4";"да";"Южный административный округ";"район Царицыно";"37.67068429";"55.62151899";"подземный";"Царицыно";"Замоскворецкая линия";"не является объектом культурного наследия";"открытие в 05:30:00; закрытие в 01:00:00; первый поезд по 1 пути в 05:38:00, по 2 пути в 05:58:00; последний поезд по 1 пути в 01:16:00, по 2 пути в 01:53:00";"открытие в 05:30:00; закрытие в 01:00:00; первый поезд по 1 пути в 05:38:00, по 2 пути в 05:58:00; последний поезд по 1 пути в 01:16:00, по 2 пути в 01:53:00";"";"";"7";"[{global_id=3089, RepairOfEscalators=06.02.2023-31.03.2023}]";"действует";"[Geometry[type=Point, coordinates=[37.67068429, 55.62151899]]]";"{type=Point, coordinates=[37.67068429, 55.62151899]}";"1773900";
"";"";"Царицыно, вход-выход 5 в северный вестибюль";"5";"да";"Южный административный округ";"район Царицыно";"37.66824127";"55.62219624";"подземный";"Царицыно";"Замоскворецкая линия";"не является объектом культурного наследия";"открытие в 05:30:00; закрытие в 01:00:00; первый поезд по 1 пути в 05:38:00, по 2 пути в 05:58:00; последний поезд по 1 пути в 01:16:00, по 2 пути в 01:53:00";"открытие в 05:30:00; закрытие в 01:00:00; первый поезд по 1 пути в 05:38:00, по 2 пути в 05:58:00; последний поезд по 1 пути в 01:16:00, по 2 пути в 01:53:00";"";"";"3";"[{global_id=3090, RepairOfEscalators=06.02.2023-31.03.2023}, {global_id=3797, RepairOfEscalators=22.07.2024-30.08.2024}]";"действует";"[Geometry[type=Point, coordinates=[37.66824127, 55.62219624]]]";"{type=Point, coordinates=[37.66824127, 55.62219624]}";"1773901";
"";"";"Царицыно, вход-выход 6 в северный вестибюль";"6";"да";"Южный административный округ";"район Царицыно";"37.66865433";"55.62272441";"подземный";"Царицыно";"Замоскворецкая линия";"не является объектом культурного наследия";"открытие в 05:30:00; закрытие в 01:00:00; первый поезд по 1 пути в 05:38:00, по 2 пути в 05:58:00; последний поезд по 1 пути в 01:16:00, по 2 пути в 01:53:00";"открытие в 05:30:00; закрытие в 01:00:00; первый поезд по 1 пути в 05:38:00, по 2 пути в 05:58:00; последний поезд по 1 пути в 01:16:00, по 2 пути в 01:53:00";"";"";"3";"[{global_id=3091, RepairOfEscalators=06.02.2023-31.03.2023}, {global_id=3798, RepairOfEscalators=22.07.2024-30.08.2024}]";"действует";"[Geometry[type=Point, coordinates=[37.66865433, 55.62272441]]]";"{type=Point, coordinates=[37.66865433, 55.62272441]}";"1773902";
"";"";"Царицыно, вход-выход 1 в южный вестибюль";"1";"да";"Южный административный округ";"район Царицыно";"37.66978923";"55.62051305";"подземный";"Царицыно";"Замоскворецкая линия";"не является объектом культурного наследия";"открытие в 05:30:00; закрытие в 01:00:00; первый поезд по 1 пути в 05:38:00, по 2 пути в 05:58:00; последний поезд по 1 пути в 01:16:00, по 2 пути в 01:53:00";"открытие в 05:30:00; закрытие в 01:00:00; первый поезд по 1 пути в 05:38:00, по 2 пути в 05:58:00; последний поезд по 1 пути в 01:16:00, по 2 пути в 01:53:00";"";"";"7";"[{global_id=3185, RepairOfEscalators=10.01.2023-11.05.2023}]";"действует";"[Geometry[type=Point, coordinates=[37.66978923, 55.62051305]]]";"{type=Point, coordinates=[37.66978923, 55.62051305]}";"1773903";
"";"";"Царицыно, вход-выход 2 в южный вестибюль";"2";"да";"Южный административный округ";"район Царицыно";"37.67040077";"55.62022770";"подземный";"Царицыно";"Замоскворецкая линия";"не является объектом культурного наследия";"открытие в 05:30:00; закрытие в 01:00:00; первый поезд по 1 пути в 05:38:00, по 2 пути в 05:58:00; последний поезд по 1 пути в 01:16:00, по 2 пути в 01:53:00";"открытие в 05:30:00; закрытие в 01:00:00; первый поезд по 1 пути в 05:38:00, по 2 пути в 05:58:00; последний поезд по 1 пути в 01:16:00, по 2 пути в 01:53:00";"";"";"7";"[{global_id=3186, RepairOfEscalators=10.01.2023-11.05.2023}]";"действует";"[Geometry[type=Point, coordinates=[37.67040077, 55.6202277]]]";"{type=Point, coordinates=[37.67040077, 55.6202277]}";"1773904";
"";"";"Тёплый стан, вход-выход 6 в северный вестибюль";"6";"да";"Юго-Западный административный округ";"район Ясенево";"37.50600743";"55.61949528";"подземный";"Тёплый стан";"Калужско-Рижская линия";"не является объектом культурного наследия";"открытие в 05:30:00; закрытие в 01:00:00; первый поезд по 1 пути в 05:49:00, по 2 пути в 05:48:00; последний поезд по 1 пути в 01:08:00, по 2 пути в 01:54:00";"открытие в 05:30:00; закрытие в 01:00:00; первый поезд по 1 пути в 05:48:00, по 2 пути в 05:46:00; последний поезд по 1 пути в 01:08:00, по 2 пути в 01:54:00";"";"";"6";"[]";"действует";"[Geometry[type=Point, coordinates=[37.50600743, 55.61949528]]]";"{type=Point, coordinates=[37.50600743, 55.61949528]}";"1773905";
"";"";"Тёплый стан, вход-выход 1 в южный вестибюль";"1";"да";"Юго-Западный административный округ";"район Ясенево";"37.50877815";"55.61757608";"подземный";"Тёплый стан";"Калужско-Рижская линия";"не является объектом культурного наследия";"открытие в 05:30:00; закрытие в 01:00:00; первый поезд по 1 пути в 05:49:00, по 2 пути в 05:48:00; последний поезд по 1 пути в 01:08:00, по 2 пути в 01:54:00";"открытие в 05:30:00; закрытие в 01:00:00; первый поезд по 1 пути в 05:48:00, по 2 пути в 05:46:00; последний поезд по 1 пути в 01:08:00, по 2 пути в 01:54:00";"";"";"8";"[]";"действует";"[Geometry[type=Point, coordinates=[37.50877815, 55.61757608]]]";"{type=Point, coordinates=[37.50877815, 55.61757608]}";"1773906";
"";"";"Тимирязевская, вход-выход 3 в вестибюль";"3";"да";"Северный административный округ";"Тимирязевский район";"37.57455451";"55.81866546";"подземный";"Тимирязевская";"Серпуховско-Тимирязевская линия";"не является объектом культурного наследия";"открытие в 05:30:00; закрытие в 01:00:00; первый поезд по 1 пути в 06:04:00, по 2 пути в 05:35:00; последний поезд по 1 пути в 01:46:00, по 2 пути в 01:17:00";"открытие в 05:30:00; закрытие в 01:00:00; первый поезд по 1 пути в 06:04:00, по 2 пути в 05:35:00; последний поезд по 1 пути в 01:46:00, по 2 пути в 01:17:00";"";"";"5";"[{global_id=3036, RepairOfEscalators=22.12.2022-30.12.2022}, {global_id=3101, RepairOfEscalators=31.12.2022-30.06.2023}, {global_id=3260, RepairOfEscalators=28.06.2023-07.07.2024}, {global_id=3279, RepairOfEscalators=07.07.2023-14.07.2023}, {global_id=3366, RepairOfEscalators=31.08.2023-29.12.2023}, {global_id=3528, RepairOfEscalators=20.01.2024-13.02.2024}]";"действует";"[Geometry[type=Point, coordinates=[37.57455451, 55.81866546]]]";"{type=Point, coordinates=[37.57455451, 55.81866546]}";"1773907";
"";"";"Тимирязевская, вход-выход 1 в вестибюль";"1";"да";"Северный административный округ";"Тимирязевский район";"37.57516069";"55.81873492";"подземный";"Тимирязевская";"Серпуховско-Тимирязевская линия";"не является объектом культурного наследия";"открытие в 05:30:00; закрытие в 01:00:00; первый поезд по 1 пути в 06:04:00, по 2 пути в 05:35:00; последний поезд по 1 пути в 01:46:00, по 2 пути в 01:17:00";"открытие в 05:30:00; закрытие в 01:00:00; первый поезд по 1 пути в 06:04:00, по 2 пути в 05:35:00; последний поезд по 1 пути в 01:46:00, по 2 пути в 01:17:00";"";"";"5";"[{global_id=2866, RepairOfEscalators=22.12.2022-30.12.2022}, {global_id=3100, RepairOfEscalators=31.12.2022-30.06.2023}, {global_id=3258, RepairOfEscalators=28.06.2023-07.07.2023}, {global_id=3277, RepairOfEscalators=07.07.2023-14.07.2023}, {global_id=3364, RepairOfEscalators=31.08.2023-29.12.2023}, {global_id=3526, RepairOfEscalators=20.01.2024-13.02.2024}]";"действует";"[Geometry[type=Point, coordinates=[37.57516069, 55.81873492]]]";"{type=Point, coordinates=[37.57516069, 55.81873492]}";"1773908";
"";"";"Третьяковская, вход-выход 2 в вестибюль";"2";"да";"Центральный административный округ";"район Замоскворечье";"37.62562430";"55.74075073";"подземный";"Третьяковская";"Калининская линия";"не является объектом культурного наследия";"открытие в 05:30:00; закрытие в 01:00:00; первый поезд по 2 пути в 05:40:00; последний поезд по 2 пути в 01:03:00";"открытие в 05:30:00; закрытие в 01:00:00; первый поезд по 2 пути в 05:40:00; последний поезд по 2 пути в 01:03:00";"";"";"6";"[{global_id=3424, RepairOfEscalators=15.11.2023-08.12.2023}, {global_id=3943, RepairOfEscalators=20.09.2024-22.10.2024}]";"действует";"[Geometry[type=Point, coordinates=[37.6256243, 55.74075073]]]";"{type=Point, coordinates=[37.6256243, 55.74075073]}";"1773910";
"";"";"Трубная, вход-выход 2 в вестибюль";"2";"да";"Центральный административный округ";"Мещанский район";"37.62194484";"55.76775558";"подземный";"Трубная";"Люблинско-Дмитровская линия";"не является объектом культурного наследия";"открытие в 05:30:00; закрытие в 01:00:00; первый поезд по 1 пути в 05:45:00, по 2 пути в 05:51:05; последний поезд по 1 пути в 01:31:00, по 2 пути в 01:40:00";"открытие в 05:30:00; закрытие в 01:00:00; первый поезд по 1 пути в 05:47:00, по 2 пути в 05:51:00; последний поезд по 1 пути в 01:31:00, по 2 пути в 01:40:00";"";"";"4";"[{global_id=3617, RepairOfEscalators=02.04.2024-25.07.2024}]";"действует";"[Geometry[type=Point, coordinates=[37.62194484, 55.76775558]]]";"{type=Point, coordinates=[37.62194484, 55.76775558]}";"1773911";
"";"";"Тульская, вход-выход 1 в южный вестибюль";"1";"да";"Южный административный округ";"Даниловский район";"37.62246985";"55.70786270";"подземный";"Тульская";"Серпуховско-Тимирязевская линия";"не является объектом культурного наследия";"открытие в 05:30:00; закрытие в 01:00:00; первый поезд по 1 пути в 05:43:00, по 2 пути в 05:56:00; последний поезд по 1 пути в 01:26:00, по 2 пути в 01:37:00";"открытие в 05:30:00; закрытие в 01:00:00; первый поезд по 1 пути в 05:43:00, по 2 пути в 05:56:00; последний поезд по 1 пути в 01:26:00, по 2 пути в 01:37:00";"";"";"2";"[{global_id=3944, RepairOfEscalators=07.11.2024-27.12.2024}]";"действует";"[Geometry[type=Point, coordinates=[37.62246985, 55.7078627]]]";"{type=Point, coordinates=[37.62246985, 55.7078627]}";"1773912";
"";"";"Тульская, вход-выход 2 в северный вестибюль";"2";"да";"Южный административный округ";"Даниловский район";"37.62259798";"55.70954276";"подземный";"Тульская";"Серпуховско-Тимирязевская линия";"не является объектом культурного наследия";"открытие в 05:30:00; закрытие в 01:00:00; первый поезд по 1 пути в 05:43:00, по 2 пути в 05:56:00; последний поезд по 1 пути в 01:26:00, по 2 пути в 01:37:00";"открытие в 05:30:00; закрытие в 01:00:00; первый поезд по 1 пути в 05:43:00, по 2 пути в 05:56:00; последний поезд по 1 пути в 01:26:00, по 2 пути в 01:37:00";"";"";"5";"[{global_id=3643, RepairOfEscalators=09.04.2024-30.09.2024}, {global_id=3927, RepairOfEscalators=28.10.2024-24.12.2024}]";"действует";"[Geometry[type=Point, coordinates=[37.62259798, 55.70954276]]]";"{type=Point, coordinates=[37.62259798, 55.70954276]}";"1773913";
"";"";"Пролетарская, вход-выход 3 в вестибюль 2";"3";"да";"Центральный административный округ";"Таганский район";"37.66838862";"55.73225140";"подземный";"Пролетарская";"Таганско-Краснопресненская линия";"не является объектом культурного наследия";"открытие в 05:30:00; закрытие в 01:00:00; первый поезд по 1 пути в 05:55:00, по 2 пути в 05:48:00; последний поезд по 1 пути в 01:37:00, по 2 пути в 01:28:00";"открытие в 05:30:00; закрытие в 01:00:00; первый поезд по 1 пути в 05:51:00, по 2 пути в 05:48:00; последний поезд по 1 пути в 01:37:00, по 2 пути в 01:28:00";"";"";"2";"[]";"действует";"[Geometry[type=Point, coordinates=[37.66838862, 55.7322514]]]";"{type=Point, coordinates=[37.66838862, 55.7322514]}";"1773914";
"";"";"Проспект Вернадского, вход-выход 1 в южный вестибюль";"1";"да";"Западный административный округ";"район Проспект Вернадского";"37.50445850";"55.67652311";"подземный";"Проспект Вернадского";"Сокольническая линия";"не является объектом культурного наследия";"открытие в 05:30:00; закрытие в 01:00:00; первый поезд по 1 пути в 05:51:00, по 2 пути в 05:50:00; последний поезд по 1 пути в 01:41:00, по 2 пути в 01:30:00";"открытие в 05:30:00; закрытие в 01:00:00; первый поезд по 1 пути в 05:54:00, по 2 пути в 05:44:00; последний поезд по 1 пути в 01:41:00, по 2 пути в 01:30:00";"";"";"3";"[]";"действует";"[Geometry[type=Point, coordinates=[37.5044585, 55.67652311]]]";"{type=Point, coordinates=[37.5044585, 55.67652311]}";"1773915";
"";"";"Проспект Вернадского, вход-выход 2 в южный вестибюль";"2";"да";"Западный административный округ";"район Проспект Вернадского";"37.50476964";"55.67669286";"подземный";"Проспект Вернадского";"Сокольническая линия";"не является объектом культурного наследия";"открытие в 05:30:00; закрытие в 01:00:00; первый поезд по 1 пути в 05:51:00, по 2 пути в 05:50:00; последний поезд по 1 пути в 01:41:00, по 2 пути в 01:30:00";"открытие в 05:30:00; закрытие в 01:00:00; первый поезд по 1 пути в 05:54:00, по 2 пути в 05:44:00; последний поезд по 1 пути в 01:41:00, по 2 пути в 01:30:00";"";"";"3";"[]";"действует";"[Geometry[type=Point, coordinates=[37.50476964, 55.67669286]]]";"{type=Point, coordinates=[37.50476964, 55.67669286]}";"1773916";
"";"";"Проспект Вернадского, вход-выход 4 в южный вестибюль";"4";"да";"Западный административный округ";"район Проспект Вернадского";"37.50497885";"55.67624177";"подземный";"Проспект Вернадского";"Сокольническая линия";"не является объектом культурного наследия";"открытие в 05:30:00; закрытие в 01:00:00; первый поезд по 1 пути в 05:51:00, по 2 пути в 05:50:00; последний поезд по 1 пути в 01:41:00, по 2 пути в 01:30:00";"открытие в 05:30:00; закрытие в 01:00:00; первый поезд по 1 пути в 05:54:00, по 2 пути в 05:44:00; последний поезд по 1 пути в 01:41:00, по 2 пути в 01:30:00";"";"";"3";"[]";"действует";"[Geometry[type=Point, coordinates=[37.50497885, 55.67624177]]]";"{type=Point, coordinates=[37.50497885, 55.67624177]}";"1773917";
"";"";"Проспект Вернадского, вход-выход 3 в южный вестибюль";"3";"да";"Западный административный округ";"район Проспект Вернадского";"37.50532217";"55.67641758";"подземный";"Проспект Вернадского";"Сокольническая линия";"не является объектом культурного наследия";"открытие в 05:30:00; закрытие в 01:00:00; первый поезд по 1 пути в 05:51:00, по 2 пути в 05:50:00; последний поезд по 1 пути в 01:41:00, по 2 пути в 01:30:00";"открытие в 05:30:00; закрытие в 01:00:00; первый поезд по 1 пути в 05:54:00, по 2 пути в 05:44:00; последний поезд по 1 пути в 01:41:00, по 2 пути в 01:30:00";"";"";"3";"[]";"действует";"[Geometry[type=Point, coordinates=[37.50532217, 55.67641758]]]";"{type=Point, coordinates=[37.50532217, 55.67641758]}";"1773918";
"";"";"Проспект Вернадского, вход-выход 6 в южный вестибюль";"6";"да";"Западный административный округ";"район Проспект Вернадского";"37.50532728";"55.67600467";"подземный";"Проспект Вернадского";"Сокольническая линия";"не является объектом культурного наследия";"открытие в 05:30:00; закрытие в 01:00:00; первый поезд по 1 пути в 05:51:00, по 2 пути в 05:50:00; последний поезд по 1 пути в 01:41:00, по 2 пути в 01:30:00";"открытие в 05:30:00; закрытие в 01:00:00; первый поезд по 1 пути в 05:54:00, по 2 пути в 05:44:00; последний поезд по 1 пути в 01:41:00, по 2 пути в 01:30:00";"";"";"3";"[]";"действует";"[Geometry[type=Point, coordinates=[37.50532728, 55.67600467]]]";"{type=Point, coordinates=[37.50532728, 55.67600467]}";"1773919";
"";"";"Проспект Вернадского, вход-выход 5 в южный вестибюль";"5";"да";"Западный административный округ";"район Проспект Вернадского";"37.50569232";"55.67622358";"подземный";"Проспект Вернадского";"Сокольническая линия";"не является объектом культурного наследия";"открытие в 05:30:00; закрытие в 01:00:00; первый поезд по 1 пути в 05:51:00, по 2 пути в 05:50:00; последний поезд по 1 пути в 01:41:00, по 2 пути в 01:30:00";"открытие в 05:30:00; закрытие в 01:00:00; первый поезд по 1 пути в 05:54:00, по 2 пути в 05:44:00; последний поезд по 1 пути в 01:41:00, по 2 пути в 01:30:00";"";"";"3";"[]";"действует";"[Geometry[type=Point, coordinates=[37.50569232, 55.67622358]]]";"{type=Point, coordinates=[37.50569232, 55.67622358]}";"1773920";
"";"";"Пролетарская, вход-выход 2 в вестибюль 2";"2";"да";"Центральный административный округ";"Таганский район";"37.66801311";"55.73245724";"подземный";"Пролетарская";"Таганско-Краснопресненская линия";"не является объектом культурного наследия";"открытие в 05:30:00; закрытие в 01:00:00; первый поезд по 1 пути в 05:55:00, по 2 пути в 05:48:00; последний поезд по 1 пути в 01:37:00, по 2 пути в 01:28:00";"открытие в 05:30:00; закрытие в 01:00:00; первый поезд по 1 пути в 05:51:00, по 2 пути в 05:48:00; последний поезд по 1 пути в 01:37:00, по 2 пути в 01:28:00";"";"";"2";"[]";"действует";"[Geometry[type=Point, coordinates=[37.66801311, 55.73245724]]]";"{type=Point, coordinates=[37.66801311, 55.73245724]}";"1773921";
"";"";"Пролетарская, вход-выход 1 в вестибюль 2";"1";"да";"Центральный административный округ";"Таганский район";"37.66780926";"55.73192449";"подземный";"Пролетарская";"Таганско-Краснопресненская линия";"не является объектом культурного наследия";"открытие в 05:30:00; закрытие в 01:00:00; первый поезд по 1 пути в 05:55:00, по 2 пути в 05:48:00; последний поезд по 1 пути в 01:37:00, по 2 пути в 01:28:00";"открытие в 05:30:00; закрытие в 01:00:00; первый поезд по 1 пути в 05:51:00, по 2 пути в 05:48:00; последний поезд по 1 пути в 01:37:00, по 2 пути в 01:28:00";"";"";"2";"[]";"действует";"[Geometry[type=Point, coordinates=[37.66780926, 55.73192449]]]";"{type=Point, coordinates=[37.66780926, 55.73192449]}";"1773922";
"";"";"Лермонтовский проспект, вход-выход 1 в вестибюль 2";"1";"да";"Юго-Восточный административный округ";"район Выхино-Жулебино";"37.85399120";"55.70071992";"подземный";"Лермонтовский проспект";"Таганско-Краснопресненская линия";"не является объектом культурного наследия";"открытие в 05:30:00; закрытие в 01:00:00; первый поезд по 1 пути в 06:00:00, по 2 пути в 05:41:00; последний поезд по 1 пути в 01:57:00, по 2 пути в 01:08:00";"открытие в 05:30:00; закрытие в 01:00:00; первый поезд по 1 пути в 06:00:00, по 2 пути в 05:43:00; последний поезд по 1 пути в 01:57:00, по 2 пути в 01:08:00";"";"";"4";"[]";"действует";"[Geometry[type=Point, coordinates=[37.8539912, 55.70071992]]]";"{type=Point, coordinates=[37.8539912, 55.70071992]}";"1773923";
"";"";"Боровицкая, вход-выход 6 в вестибюль";"6";"да";"Центральный административный округ";"район Арбат";"37.60931366";"55.75048824";"наземный, встроенный в здание";"Боровицкая";"Серпуховско-Тимирязевская линия";"не является объектом культурного наследия";"открытие в 05:30:00; закрытие в 01:00:00; первый поезд по 1 пути в 05:51:00, по 2 пути в 05:49:00; последний поезд по 1 пути в 01:34:00, по 2 пути в 01:30:00";"открытие в 05:30:00; закрытие в 01:00:00; первый поезд по 1 пути в 05:51:00, по 2 пути в 05:49:00; последний поезд по 1 пути в 01:34:00, по 2 пути в 01:30:00";"";"";"2";"[{global_id=2858, RepairOfEscalators=30.06.2022-16.08.2022}, {global_id=3265, RepairOfEscalators=21.06.2023-30.06.2023}, {global_id=3352, RepairOfEscalators=05.09.2023-27.09.2023}, {global_id=3444, RepairOfEscalators=18.12.2023-23.12.2023}, {global_id=3852, RepairOfEscalators=26.08.2024-06.09.2024}]";"действует";"[Geometry[type=Point, coordinates=[37.60931366, 55.75048824]]]";"{type=Point, coordinates=[37.60931366, 55.75048824]}";"1773924";
"";"";"Охотный ряд, вход-выход 8 в северный вестибюль";"8";"да";"Центральный административный округ";"Тверской район";"37.61752209";"55.75868643";"наземный, встроенный в здание";"Охотный ряд";"Сокольническая линия";"выявленный объект культурного наследия";"открытие в 05:30:00; закрытие в 01:00:00; первый поезд по 1 пути в 05:40:00, по 2 пути в 05:56:00; последний поезд по 1 пути в 01:23:00, по 2 пути в 01:48:00";"открытие в 05:30:00; закрытие в 01:00:00; первый поезд по 1 пути в 05:40:00, по 2 пути в 05:56:00; последний поезд по 1 пути в 01:23:00, по 2 пути в 01:48:00";"";"";"3";"[]";"действует";"[Geometry[type=Point, coordinates=[37.61752209, 55.75868643]]]";"{type=Point, coordinates=[37.61752209, 55.75868643]}";"1773928";
"";"";"Свиблово, вход-выход 3 в южный вестибюль";"3";"да";"Северо-Восточный административный округ";"район Свиблово";"37.65136751";"55.85435444";"подземный";"Свиблово";"Калужско-Рижская линия";"не является объектом культурного наследия";"открытие в 05:20:00; закрытие в 01:00:00; первый поезд по 1 пути в 06:04:00, по 2 пути в 05:29:00; последний поезд по 1 пути в 01:54:00, по 2 пути в 01:08:00";"открытие в 05:20:00; закрытие в 01:00:00; первый поезд по 1 пути в 06:02:00, по 2 пути в 05:29:00; последний поезд по 1 пути в 01:54:00, по 2 пути в 01:08:00";"";"";"2";"[]";"действует";"[Geometry[type=Point, coordinates=[37.65136751, 55.85435444]]]";"{type=Point, coordinates=[37.65136751, 55.85435444]}";"1773930";
"";"";"Свиблово, вход-выход 2 в северный вестибюль";"2";"да";"Северо-Восточный административный округ";"район Свиблово";"37.65449298";"55.85575001";"подземный";"Свиблово";"Калужско-Рижская линия";"не является объектом культурного наследия";"открытие в 05:20:00; закрытие в 01:00:00; первый поезд по 1 пути в 06:04:00, по 2 пути в 05:29:00; последний поезд по 1 пути в 01:54:00, по 2 пути в 01:08:00";"открытие в 05:20:00; закрытие в 01:00:00; первый поезд по 1 пути в 06:02:00, по 2 пути в 05:29:00; последний поезд по 1 пути в 01:54:00, по 2 пути в 01:08:00";"";"";"2";"[]";"действует";"[Geometry[type=Point, coordinates=[37.65449298, 55.85575001]]]";"{type=Point, coordinates=[37.65449298, 55.85575001]}";"1773931";
"";"";"Севастопольская, вход-выход 1 в вестибюль";"1";"да";"Юго-Западный административный округ";"район Зюзино";"37.59865653";"55.65128689";"подземный";"Севастопольская";"Серпуховско-Тимирязевская линия";"не является объектом культурного наследия";"открытие в 05:25:00; закрытие в 01:00:00; первый поезд по 1 пути в 05:33:00, по 2 пути в 06:06:00; последний поезд по 1 пути в 01:17:00, по 2 пути в 01:47:00";"открытие в 05:25:00; закрытие в 01:00:00; первый поезд по 1 пути в 05:33:00, по 2 пути в 06:06:00; последний поезд по 1 пути в 01:17:00, по 2 пути в 01:47:00";"";"";"3";"[{global_id=3451, RepairOfEscalators=04.12.2023-22.12.2023}]";"действует";"[Geometry[type=Point, coordinates=[37.59865653, 55.65128689]]]";"{type=Point, coordinates=[37.59865653, 55.65128689]}";"1773932";
"";"";"Севастопольская, вход-выход 2 в вестибюль";"2";"да";"Юго-Западный административный округ";"район Зюзино";"37.59864580";"55.65093807";"подземный";"Севастопольская";"Серпуховско-Тимирязевская линия";"не является объектом культурного наследия";"открытие в 05:25:00; закрытие в 01:00:00; первый поезд по 1 пути в 05:33:00, по 2 пути в 06:06:00; последний поезд по 1 пути в 01:17:00, по 2 пути в 01:47:00";"открытие в 05:25:00; закрытие в 01:00:00; первый поезд по 1 пути в 05:33:00, по 2 пути в 06:06:00; последний поезд по 1 пути в 01:17:00, по 2 пути в 01:47:00";"";"";"3";"[{global_id=3450, RepairOfEscalators=04.12.2023-22.12.2023}]";"действует";"[Geometry[type=Point, coordinates=[37.5986458, 55.65093807]]]";"{type=Point, coordinates=[37.5986458, 55.65093807]}";"1773933";
"";"";"Севастопольская, вход-выход 3 в вестибюль";"3";"да";"Юго-Западный административный округ";"район Зюзино";"37.59812545";"55.65140822";"подземный";"Севастопольская";"Серпуховско-Тимирязевская линия";"не является объектом культурного наследия";"открытие в 05:25:00; закрытие в 01:00:00; первый поезд по 1 пути в 05:33:00, по 2 пути в 06:06:00; последний поезд по 1 пути в 01:17:00, по 2 пути в 01:47:00";"открытие в 05:25:00; закрытие в 01:00:00; первый поезд по 1 пути в 05:33:00, по 2 пути в 06:06:00; последний поезд по 1 пути в 01:17:00, по 2 пути в 01:47:00";"";"";"3";"[{global_id=3449, RepairOfEscalators=04.12.2023-22.12.2023}]";"действует";"[Geometry[type=Point, coordinates=[37.59812545, 55.65140822]]]";"{type=Point, coordinates=[37.59812545, 55.65140822]}";"1773934";
"";"";"Севастопольская, вход-выход 4 в вестибюль";"4";"да";"Юго-Западный административный округ";"район Зюзино";"37.59813082";"55.65176311";"подземный";"Севастопольская";"Серпуховско-Тимирязевская линия";"не является объектом культурного наследия";"открытие в 05:25:00; закрытие в 01:00:00; первый поезд по 1 пути в 05:33:00, по 2 пути в 06:06:00; последний поезд по 1 пути в 01:17:00, по 2 пути в 01:47:00";"открытие в 05:25:00; закрытие в 01:00:00; первый поезд по 1 пути в 05:33:00, по 2 пути в 06:06:00; последний поезд по 1 пути в 01:17:00, по 2 пути в 01:47:00";"";"";"3";"[{global_id=3452, RepairOfEscalators=04.12.2023-22.12.2023}]";"действует";"[Geometry[type=Point, coordinates=[37.59813082, 55.65176311]]]";"{type=Point, coordinates=[37.59813082, 55.65176311]}";"1773935";
"";"";"Семеновская, вход-выход 1 в вестибюль";"1";"да";"Восточный административный округ";"район Соколиная Гора";"37.71929008";"55.78315566";"наземный, встроенный в здание";"Семёновская";"Арбатско-Покровская линия";"объект культурного наследия регионального значения";"открытие в 05:25:00; закрытие в 01:00:00; первый поезд по 1 пути в 05:33:00, по 2 пути в 05:58:00; последний поезд по 1 пути в 01:14:00, по 2 пути в 01:55:00";"открытие в 05:25:00; закрытие в 01:00:00; первый поезд по 1 пути в 05:33:00, по 2 пути в 05:58:00; последний поезд по 1 пути в 01:14:00, по 2 пути в 01:55:00";"";"";"1";"[{global_id=3123, RepairOfEscalators=27.02.2023-07.03.2023}]";"действует";"[Geometry[type=Point, coordinates=[37.71929008, 55.78315566]]]";"{type=Point, coordinates=[37.71929008, 55.78315566]}";"1773936";
"";"";"Серпуховская, вход-выход 3 в вестибюль";"3";"да";"Центральный административный округ";"район Замоскворечье";"37.62483930";"55.72687142";"подземный";"Серпуховская";"Серпуховско-Тимирязевская линия";"не является объектом культурного наследия";"открытие в 05:30:00; закрытие в 01:00:00; первый поезд по 1 пути в 05:47:00, по 2 пути в 05:53:00; последний поезд по 1 пути в 01:29:00, по 2 пути в 01:34:00";"открытие в 05:30:00; закрытие в 01:00:00; первый поезд по 1 пути в 05:47:00, по 2 пути в 05:53:00; последний поезд по 1 пути в 01:29:00, по 2 пути в 01:34:00";"";"";"3";"[{global_id=2935, RepairOfEscalators=13.09.2022-16.09.2022}, {global_id=3441, RepairOfEscalators=20.11.2023-02.12.2023}, {global_id=3782, RepairOfEscalators=03.07.2024-08.07.2024}]";"действует";"[Geometry[type=Point, coordinates=[37.6248393, 55.72687142]]]";"{type=Point, coordinates=[37.6248393, 55.72687142]}";"1773937";
"";"";"Улица 1905 года, вход-выход 3 в вестибюль 2";"3";"да";"Центральный административный округ";"Пресненский район";"37.56015605";"55.76578403";"подземный";"Улица 1905 года";"Таганско-Краснопресненская линия";"не является объектом культурного наследия";"открытие в 05:30:00; закрытие в 01:00:00; первый поезд по 1 пути в 06:03:00, по 2 пути в 06:03:00; последний поезд по 1 пути в 01:24:00, по 2 пути в 01:41:00";"открытие в 05:30:00; закрытие в 01:00:00; первый поезд по 1 пути в 06:01:00, по 2 пути в 06:02:00; последний поезд по 1 пути в 01:24:00, по 2 пути в 01:41:00";"";"";"2";"[{global_id=3130, RepairOfEscalators=11.01.2023-19.05.2023}]";"действует";"[Geometry[type=Point, coordinates=[37.56015605, 55.76578403]]]";"{type=Point, coordinates=[37.56015605, 55.76578403]}";"1773938";
"";"";"Улица академика Янгеля, вход-выход 2 в южный вестибюль";"2";"да";"Южный административный округ";"район Чертаново Южное";"37.60104490";"55.59430697";"подземный";"Улица академика Янгеля";"Серпуховско-Тимирязевская линия";"не является объектом культурного наследия";"открытие в 05:30:00; закрытие в 01:00:00; первый поезд по 1 пути в 05:48:00, по 2 пути в 05:48:00; последний поезд по 1 пути в 01:07:00, по 2 пути в 01:56:00";"открытие в 05:30:00; закрытие в 01:00:00; первый поезд по 1 пути в 05:59:00, по 2 пути в 05:49:00; последний поезд по 1 пути в 01:07:00, по 2 пути в 01:56:00";"";"";"2";"[{global_id=4081, RepairOfEscalators=17.03.2025-27.04.2025}]";"действует";"[Geometry[type=Point, coordinates=[37.6010449, 55.59430697]]]";"{type=Point, coordinates=[37.6010449, 55.59430697]}";"1773939";
"";"";"Бульвар Рокоссовского, вход-выход 1 в северный вестибюль";"1";"да";"Восточный административный округ";"район Богородское";"37.73211025";"55.81502024";"подземный";"Бульвар Рокоссовского";"Сокольническая линия";"не является объектом культурного наследия";"открытие в 05:30:00; закрытие в 01:00:00; первый поезд по 1 пути в 05:40:00; последний поезд по 1 пути в 01:03:00";"открытие в 05:30:00; закрытие в 01:00:00; первый поезд по 1 пути в 05:40:00; последний поезд по 1 пути в 01:03:00";"";"";"3";"[]";"действует";"[Geometry[type=Point, coordinates=[37.73211025, 55.81502024]]]";"{type=Point, coordinates=[37.73211025, 55.81502024]}";"1773940";
"";"";"Бульвар Рокоссовского, вход-выход 2 в северный вестибюль";"2";"да";"Восточный административный округ";"район Богородское";"37.73293637";"55.81537666";"подземный";"Бульвар Рокоссовского";"Сокольническая линия";"не является объектом культурного наследия";"открытие в 05:30:00; закрытие в 01:00:00; первый поезд по 1 пути в 05:40:00; последний поезд по 1 пути в 01:03:00";"открытие в 05:30:00; закрытие в 01:00:00; первый поезд по 1 пути в 05:40:00; последний поезд по 1 пути в 01:03:00";"";"";"3";"[]";"действует";"[Geometry[type=Point, coordinates=[37.73293637, 55.81537666]]]";"{type=Point, coordinates=[37.73293637, 55.81537666]}";"1773941";
"";"";"Бульвар Рокоссовского, вход-выход 5 в южный вестибюль";"5";"да";"Восточный административный округ";"район Богородское";"37.73515608";"55.81326150";"подземный";"Бульвар Рокоссовского";"Сокольническая линия";"не является объектом культурного наследия";"открытие в 05:30:00; закрытие в 01:00:00; первый поезд по 1 пути в 05:40:00; последний поезд по 1 пути в 01:03:00";"открытие в 05:30:00; закрытие в 01:00:00; первый поезд по 1 пути в 05:40:00; последний поезд по 1 пути в 01:03:00";"";"";"3";"[{global_id=2874, RepairOfEscalators=15.06.2022-17.06.2022}, {global_id=3343, RepairOfEscalators=15.08.2023-15.09.2023}, {global_id=3583, RepairOfEscalators=20.02.2024-29.02.2024}, {global_id=3894, RepairOfEscalators=23.09.2024-10.12.2024}]";"действует";"[Geometry[type=Point, coordinates=[37.73515608, 55.8132615]]]";"{type=Point, coordinates=[37.73515608, 55.8132615]}";"1773942";
"";"";"Бульвар Рокоссовского, вход-выход 4 в южный вестибюль";"4";"да";"Восточный административный округ";"район Богородское";"37.73515723";"55.81345370";"подземный";"Бульвар Рокоссовского";"Сокольническая линия";"не является объектом культурного наследия";"открытие в 05:30:00; закрытие в 01:00:00; первый поезд по 1 пути в 05:40:00; последний поезд по 1 пути в 01:03:00";"открытие в 05:30:00; закрытие в 01:00:00; первый поезд по 1 пути в 05:40:00; последний поезд по 1 пути в 01:03:00";"";"";"3";"[{global_id=2875, RepairOfEscalators=15.06.2022-17.06.2022}, {global_id=3342, RepairOfEscalators=15.08.2023-15.09.2023}, {global_id=3582, RepairOfEscalators=20.02.2024-29.02.2024}, {global_id=3893, RepairOfEscalators=23.09.2024-10.12.2024}]";"действует";"[Geometry[type=Point, coordinates=[37.73515723, 55.8134537]]]";"{type=Point, coordinates=[37.73515723, 55.8134537]}";"1773943";
"";"";"Серпуховская, вход-выход 2 в вестибюль";"2";"да";"Центральный административный округ";"район Замоскворечье";"37.62586927";"55.72683206";"подземный";"Серпуховская";"Серпуховско-Тимирязевская линия";"не является объектом культурного наследия";"открытие в 05:30:00; закрытие в 01:00:00; первый поезд по 1 пути в 05:47:00, по 2 пути в 05:53:00; последний поезд по 1 пути в 01:29:00, по 2 пути в 01:34:00";"открытие в 05:30:00; закрытие в 01:00:00; первый поезд по 1 пути в 05:47:00, по 2 пути в 05:53:00; последний поезд по 1 пути в 01:29:00, по 2 пути в 01:34:00";"";"";"3";"[{global_id=2934, RepairOfEscalators=13.09.2022-16.09.2022}, {global_id=3440, RepairOfEscalators=20.11.2023-02.12.2023}, {global_id=3781, RepairOfEscalators=03.07.2024-08.07.2024}]";"действует";"[Geometry[type=Point, coordinates=[37.62586927, 55.72683206]]]";"{type=Point, coordinates=[37.62586927, 55.72683206]}";"1773944";
"";"";"Славянский бульвар, вход-выход 1 в западный вестибюль";"1";"да";"Западный административный округ";"район Фили-Давыдково";"37.46886903";"55.72902031";"подземный";"Славянский бульвар";"Арбатско-Покровская линия";"не является объектом культурного наследия";"открытие в 05:30:00; закрытие в 01:00:00; первый поезд по 1 пути в 05:51:00, по 2 пути в 05:46:00; последний поезд по 1 пути в 01:40:00, по 2 пути в 01:30:00";"открытие в 05:30:00; закрытие в 01:00:00; первый поезд по 1 пути в 05:48:00, по 2 пути в 05:46:00; последний поезд по 1 пути в 01:40:00, по 2 пути в 01:30:00";"";"";"2";"[{global_id=3294, RepairOfEscalators=27.07.2023-08.09.2023}]";"действует";"[Geometry[type=Point, coordinates=[37.46886903, 55.72902031]]]";"{type=Point, coordinates=[37.46886903, 55.72902031]}";"1773945";
"";"";"Славянский бульвар, вход-выход 4 в восточный вестибюль";"4";"да";"Западный административный округ";"район Фили-Давыдково";"37.47295179";"55.72933377";"подземный";"Славянский бульвар";"Арбатско-Покровская линия";"не является объектом культурного наследия";"открытие в 05:30:00; закрытие в 01:00:00; первый поезд по 1 пути в 05:51:00, по 2 пути в 05:46:00; последний поезд по 1 пути в 01:40:00, по 2 пути в 01:30:00";"открытие в 05:30:00; закрытие в 01:00:00; первый поезд по 1 пути в 05:48:00, по 2 пути в 05:46:00; последний поезд по 1 пути в 01:40:00, по 2 пути в 01:30:00";"";"";"6";"[]";"действует";"[Geometry[type=Point, coordinates=[37.47295179, 55.72933377]]]";"{type=Point, coordinates=[37.47295179, 55.72933377]}";"1773946";
"";"";"Славянский бульвар, вход-выход 3 в восточный вестибюль";"3";"да";"Западный административный округ";"район Фили-Давыдково";"37.47316368";"55.73024796";"подземный";"Славянский бульвар";"Арбатско-Покровская линия";"не является объектом культурного наследия";"открытие в 05:30:00; закрытие в 01:00:00; первый поезд по 1 пути в 05:51:00, по 2 пути в 05:46:00; последний поезд по 1 пути в 01:40:00, по 2 пути в 01:30:00";"открытие в 05:30:00; закрытие в 01:00:00; первый поезд по 1 пути в 05:48:00, по 2 пути в 05:46:00; последний поезд по 1 пути в 01:40:00, по 2 пути в 01:30:00";"";"";"6";"[]";"временно закрыт";"[Geometry[type=Point, coordinates=[37.47316368, 55.73024796]]]";"{type=Point, coordinates=[37.47316368, 55.73024796]}";"1773947";
"";"";"Славянский бульвар, вход-выход 2 в восточный вестибюль";"2";"да";"Западный административный округ";"район Фили-Давыдково";"37.47228035";"55.73069208";"подземный";"Славянский бульвар";"Арбатско-Покровская линия";"не является объектом культурного наследия";"открытие в 05:30:00; закрытие в 01:00:00; первый поезд по 1 пути в 05:51:00, по 2 пути в 05:46:00; последний поезд по 1 пути в 01:40:00, по 2 пути в 01:30:00";"открытие в 05:30:00; закрытие в 01:00:00; первый поезд по 1 пути в 05:48:00, по 2 пути в 05:46:00; последний поезд по 1 пути в 01:40:00, по 2 пути в 01:30:00";"";"";"6";"[]";"действует";"[Geometry[type=Point, coordinates=[37.47228035, 55.73069208]]]";"{type=Point, coordinates=[37.47228035, 55.73069208]}";"1773948";
"";"";"Смоленская, вход-выход 1 в вестибюль";"1";"да";"Центральный административный округ";"район Арбат";"37.58374859";"55.74793747";"наземный отдельностоящий";"Смоленская";"Арбатско-Покровская линия";"выявленный объект культурного наследия";"открытие в 05:30:00; закрытие в 01:00:00; первый поезд по 1 пути в 05:50:00, по 2 пути в 05:42:00; последний поезд по 1 пути в 01:30:00, по 2 пути в 01:40:00";"открытие в 05:30:00; закрытие в 01:00:00; первый поезд по 1 пути в 05:50:50, по 2 пути в 05:41:00; последний поезд по 1 пути в 01:30:00, по 2 пути в 01:40:00";"";"";"3";"[]";"действует";"[Geometry[type=Point, coordinates=[37.58374859, 55.74793747]]]";"{type=Point, coordinates=[37.58374859, 55.74793747]}";"1773949";
"";"";"Смоленская, вход-выход 1 в вестибюль (Ф)";"1";"да";"Центральный административный округ";"район Арбат";"37.58216753";"55.74895548";"наземный, встроенный в здание";"Смоленская";"Филёвская линия";"выявленный объект культурного наследия";"открытие в 05:30:00; закрытие в 01:00:00; первый поезд по 1 пути в сторону станции «Международная» в 05:59:00, в сторону станции «Кунцевская» в 05:48:00, по 2 пути в 05:47:00; последний поезд по 1 пути в сторону станции метро «Международная» в 01:11:00, в сторону станции метро «Кунцевская» в 01:06:00, по 2 пути в 01:22:00";"открытие в 05:30:00; закрытие в 01:00:00; первый поезд по 1 пути в сторону станции «Международная» в 05:59:00, в сторону станции «Кунцевская» в 05:46:00, по 2 пути в 05:43:00; последний поезд по 1 пути в сторону станции метро «Международная» в 01:11:00, в сторону станции метро «Кунцевская» в 01:06:00, по 2 пути в 01:22:00";"";"";"2";"[]";"действует";"[Geometry[type=Point, coordinates=[37.58216753, 55.74895548]]]";"{type=Point, coordinates=[37.58216753, 55.74895548]}";"1773950";
"";"";"Сокол, вход-выход 1 в западный вестибюль";"1";"да";"Северный административный округ";"район Сокол";"37.51439861";"55.80450854";"подземный";"Сокол";"Замоскворецкая линия";"не является объектом культурного наследия";"открытие в 05:20:00; закрытие в 01:01:00; первый поезд по 1 пути в 05:54:00, по 2 пути в 05:29:00; последний поезд по 1 пути в 01:53:00, по 2 пути в 01:16:00";"открытие в 05:20:00; закрытие в 01:01:00; первый поезд по 1 пути в 05:54:00, по 2 пути в 05:29:00; последний поезд по 1 пути в 01:53:00, по 2 пути в 01:16:00";"";"";"2";"[]";"действует";"[Geometry[type=Point, coordinates=[37.51439861, 55.80450854]]]";"{type=Point, coordinates=[37.51439861, 55.80450854]}";"1773951";
"";"";"Сокол, вход 2 в восточный вестибюль";"2";"да";"Северный административный округ";"район Аэропорт";"37.51511112";"55.80553739";"подземный";"Сокол";"Замоскворецкая линия";"не является объектом культурного наследия";"открытие в 05:20:00; закрытие в 01:01:00; первый поезд по 1 пути в 05:54:00, по 2 пути в 05:29:00; последний поезд по 1 пути в 01:53:00, по 2 пути в 01:16:00";"открытие в 05:20:00; закрытие в 01:01:00; первый поезд по 1 пути в 05:54:00, по 2 пути в 05:29:00; последний поезд по 1 пути в 01:53:00, по 2 пути в 01:16:00";"";"";"3";"[]";"действует";"[Geometry[type=Point, coordinates=[37.51511112, 55.80553739]]]";"{type=Point, coordinates=[37.51511112, 55.80553739]}";"1773952";
"";"";"Сокол, выход 6";"6";"да";"Северный административный округ";"район Сокол";"37.51569188";"55.80436649";"подземный";"Сокол";"Замоскворецкая линия";"не является объектом культурного наследия";"открытие в 05:20:00; закрытие в 01:01:00; первый поезд по 1 пути в 05:54:00, по 2 пути в 05:29:00; последний поезд по 1 пути в 01:53:00, по 2 пути в 01:16:00";"открытие в 05:20:00; закрытие в 01:01:00; первый поезд по 1 пути в 05:54:00, по 2 пути в 05:29:00; последний поезд по 1 пути в 01:53:00, по 2 пути в 01:16:00";"";"";"3";"[]";"действует";"[Geometry[type=Point, coordinates=[37.51569188, 55.80436649]]]";"{type=Point, coordinates=[37.51569188, 55.80436649]}";"1773953";
"";"";"Сокол, выход 3";"3";"да";"Северный административный округ";"район Аэропорт";"37.51640395";"55.80510290";"подземный";"Сокол";"Замоскворецкая линия";"не является объектом культурного наследия";"открытие в 05:20:00; закрытие в 01:01:00; первый поезд по 1 пути в 05:54:00, по 2 пути в 05:29:00; последний поезд по 1 пути в 01:53:00, по 2 пути в 01:16:00";"открытие в 05:20:00; закрытие в 01:01:00; первый поезд по 1 пути в 05:54:00, по 2 пути в 05:29:00; последний поезд по 1 пути в 01:53:00, по 2 пути в 01:16:00";"";"";"3";"[]";"действует";"[Geometry[type=Point, coordinates=[37.51640395, 55.8051029]]]";"{type=Point, coordinates=[37.51640395, 55.8051029]}";"1773954";
"";"";"Сокол, выход 4";"4";"да";"Северный административный округ";"район Аэропорт";"37.51685059";"55.80500644";"подземный";"Сокол";"Замоскворецкая линия";"не является объектом культурного наследия";"открытие в 05:20:00; закрытие в 01:01:00; первый поезд по 1 пути в 05:54:00, по 2 пути в 05:29:00; последний поезд по 1 пути в 01:53:00, по 2 пути в 01:16:00";"открытие в 05:20:00; закрытие в 01:01:00; первый поезд по 1 пути в 05:54:00, по 2 пути в 05:29:00; последний поезд по 1 пути в 01:53:00, по 2 пути в 01:16:00";"";"";"3";"[]";"действует";"[Geometry[type=Point, coordinates=[37.51685059, 55.80500644]]]";"{type=Point, coordinates=[37.51685059, 55.80500644]}";"1773955";
"";"";"Рижская, вход-выход 1 в вестибюль";"1";"да";"Центральный административный округ";"Мещанский район";"37.63600539";"55.79238898";"наземный отдельностоящий";"Рижская";"Калужско-Рижская линия";"выявленный объект культурного наследия";"открытие в 05:30:00; закрытие в 01:01:00; первый поезд по 1 пути в 05:52:00, по 2 пути в 05:40:00; последний поезд по 1 пути в 01:44:00, по 2 пути в 01:18:00";"открытие в 05:30:00; закрытие в 01:01:00; первый поезд по 1 пути в 05:51:00, по 2 пути в 05:40:00; последний поезд по 1 пути в 01:44:00, по 2 пути в 01:18:00";"";"";"3";"[]";"действует";"[Geometry[type=Point, coordinates=[37.63600539, 55.79238898]]]";"{type=Point, coordinates=[37.63600539, 55.79238898]}";"1773956";
"";"";"Римская, вход-выход 2 в вестибюль";"2";"да";"Центральный административный округ";"Таганский район";"37.68153276";"55.74645754";"подземный";"Римская";"Люблинско-Дмитровская линия";"не является объектом культурного наследия";"открытие в 05:30:00; закрытие в 01:00:00; первый поезд по 1 пути в 05:54:00, по 2 пути в 05:43:00; последний поезд по 1 пути в 01:39:00, по 2 пути в 01:32:00";"открытие в 05:30:00; закрытие в 01:00:00; первый поезд по 1 пути в 05:56:00, по 2 пути в 05:43:00; последний поезд по 1 пути в 01:39:00, по 2 пути в 01:32:00";"";"";"4";"[{global_id=3418, RepairOfEscalators=02.11.2023-08.11.2023}, {global_id=3558, RepairOfEscalators=17.01.2024-28.02.2024}, {global_id=3630, RepairOfEscalators=03.04.2024-18.04.2024}, {global_id=3715, RepairOfEscalators=02.07.2024-15.10.2024}, {global_id=4077, RepairOfEscalators=04.04.2025-07.04.2025}]";"действует";"[Geometry[type=Point, coordinates=[37.68153276, 55.74645754]]]";"{type=Point, coordinates=[37.68153276, 55.74645754]}";"1773958";
"";"";"Рязанский проспект, вход-выход 2 в западный вестибюль";"2";"да";"Юго-Восточный административный округ";"Рязанский район";"37.79278111";"55.71623250";"наземный отдельностоящий";"Рязанский проспект";"Таганско-Краснопресненская линия";"не является объектом культурного наследия";"открытие в 05:30:00; закрытие в 01:00:00; первый поезд по 1 пути в 06:08:00, по 2 пути в 05:35:00; последний поезд по 1 пути в 01:50:00, по 2 пути в 01:15:00";"открытие в 05:30:00; закрытие в 01:00:00; первый поезд по 1 пути в 06:04:00, по 2 пути в 05:35:00; последний поезд по 1 пути в 01:50:00, по 2 пути в 01:15:00";"";"";"3";"[{global_id=2918, RepairOfEscalators=12.08.2022-13.08.2022}, {global_id=3246, RepairOfEscalators=14.07.2023-16.07.2023}, {global_id=3604, RepairOfEscalators=22.03.2024-24.03.2024}, {global_id=3839, RepairOfEscalators=08.08.2024-30.09.2024}, {global_id=3948, RepairOfEscalators=29.11.2024-01.12.2024}]";"действует";"[Geometry[type=Point, coordinates=[37.79278111, 55.7162325]]]";"{type=Point, coordinates=[37.79278111, 55.7162325]}";"1773959";
"";"";"Савёловская, вход-выход 4 в вестибюль";"4";"да";"Северо-Восточный административный округ";"район Марьина Роща";"37.59027058";"55.79399446";"подземный";"Савёловская";"Серпуховско-Тимирязевская линия";"не является объектом культурного наследия";"открытие в 05:30:00; закрытие в 01:00:00; первый поезд по 1 пути в 06:00:00, по 2 пути в 05:39:00; последний поезд по 1 пути в 01:42:00, по 2 пути в 01:20:00";"открытие в 05:30:00; закрытие в 01:00:00; первый поезд по 1 пути в 06:00:00, по 2 пути в 05:39:00; последний поезд по 1 пути в 01:42:00, по 2 пути в 01:20:00";"";"";"9";"[{global_id=3070, RepairOfEscalators=13.09.2022-23.06.2023}, {global_id=3269, RepairOfEscalators=23.06.2023-18.07.2023}]";"действует";"[Geometry[type=Point, coordinates=[37.59027058, 55.79399446]]]";"{type=Point, coordinates=[37.59027058, 55.79399446]}";"1773961";
"";"";"Савёловская, вход-выход 1 в вестибюль";"1";"да";"Северо-Восточный административный округ";"Бутырский район";"37.58711093";"55.79405490";"подземный";"Савёловская";"Серпуховско-Тимирязевская линия";"не является объектом культурного наследия";"открытие в 05:30:00; закрытие в 01:00:00; первый поезд по 1 пути в 06:00:00, по 2 пути в 05:39:00; последний поезд по 1 пути в 01:42:00, по 2 пути в 01:20:00";"открытие в 05:30:00; закрытие в 01:00:00; первый поезд по 1 пути в 06:00:00, по 2 пути в 05:39:00; последний поезд по 1 пути в 01:42:00, по 2 пути в 01:20:00";"";"";"9";"[{global_id=3001, RepairOfEscalators=13.09.2022-23.06.2023}, {global_id=3268, RepairOfEscalators=23.06.2023-18.07.2023}]";"действует";"[Geometry[type=Point, coordinates=[37.58711093, 55.7940549]]]";"{type=Point, coordinates=[37.58711093, 55.7940549]}";"1773962";
"";"";"Свиблово, вход-выход 1 в северный вестибюль";"1";"да";"Северо-Восточный административный округ";"район Свиблово";"37.65383852";"55.85612717";"подземный";"Свиблово";"Калужско-Рижская линия";"не является объектом культурного наследия";"открытие в 05:20:00; закрытие в 01:00:00; первый поезд по 1 пути в 06:04:00, по 2 пути в 05:29:00; последний поезд по 1 пути в 01:54:00, по 2 пути в 01:08:00";"открытие в 05:20:00; закрытие в 01:00:00; первый поезд по 1 пути в 06:02:00, по 2 пути в 05:29:00; последний поезд по 1 пути в 01:54:00, по 2 пути в 01:08:00";"";"";"2";"[]";"действует";"[Geometry[type=Point, coordinates=[37.65383852, 55.85612717]]]";"{type=Point, coordinates=[37.65383852, 55.85612717]}";"1773963";
"";"";"Свиблово, вход-выход 5 в южный вестибюль";"5";"да";"Северо-Восточный административный округ";"район Свиблово";"37.65137287";"55.85481912";"подземный";"Свиблово";"Калужско-Рижская линия";"не является объектом культурного наследия";"открытие в 05:20:00; закрытие в 01:00:00; первый поезд по 1 пути в 06:04:00, по 2 пути в 05:29:00; последний поезд по 1 пути в 01:54:00, по 2 пути в 01:08:00";"открытие в 05:20:00; закрытие в 01:00:00; первый поезд по 1 пути в 06:02:00, по 2 пути в 05:29:00; последний поезд по 1 пути в 01:54:00, по 2 пути в 01:08:00";"";"";"2";"[]";"действует";"[Geometry[type=Point, coordinates=[37.65137287, 55.85481912]]]";"{type=Point, coordinates=[37.65137287, 55.85481912]}";"1773964";
"";"";"Сокол, выход 5";"5";"да";"Северный административный округ";"район Сокол";"37.51630342";"55.80424261";"подземный";"Сокол";"Замоскворецкая линия";"не является объектом культурного наследия";"открытие в 05:20:00; закрытие в 01:01:00; первый поезд по 1 пути в 05:54:00, по 2 пути в 05:29:00; последний поезд по 1 пути в 01:53:00, по 2 пути в 01:16:00";"открытие в 05:20:00; закрытие в 01:01:00; первый поезд по 1 пути в 05:54:00, по 2 пути в 05:29:00; последний поезд по 1 пути в 01:53:00, по 2 пути в 01:16:00";"";"";"3";"[]";"действует";"[Geometry[type=Point, coordinates=[37.51630342, 55.80424261]]]";"{type=Point, coordinates=[37.51630342, 55.80424261]}";"1773965";
"";"";"Сокольники, вход-выход 2 в вестибюль";"2";"да";"Восточный административный округ";"район Сокольники";"37.67993354";"55.78931576";"подземный";"Сокольники";"Сокольническая линия";"выявленный объект культурного наследия";"открытие в 05:30:00; закрытие в 01:00:00; первый поезд по 1 пути в 05:38:00, по 2 пути в 05:56:00; последний поезд по 1 пути в 01:12:00, по 2 пути в 01:59:00";"открытие в 05:30:00; закрытие в 01:00:00; первый поезд по 1 пути в 05:38:00, по 2 пути в 05:56:00; последний поезд по 1 пути в 01:12:00, по 2 пути в 01:59:00";"";"";"3";"[]";"действует";"[Geometry[type=Point, coordinates=[37.67993354, 55.78931576]]]";"{type=Point, coordinates=[37.67993354, 55.78931576]}";"1773966";
"";"";"Сокольники, вход-выход 1 в вестибюль";"1";"да";"Восточный административный округ";"район Сокольники";"37.67948829";"55.78923717";"подземный";"Сокольники";"Сокольническая линия";"выявленный объект культурного наследия";"открытие в 05:30:00; закрытие в 01:00:00; первый поезд по 1 пути в 05:38:00, по 2 пути в 05:56:00; последний поезд по 1 пути в 01:12:00, по 2 пути в 01:59:00";"открытие в 05:30:00; закрытие в 01:00:00; первый поезд по 1 пути в 05:38:00, по 2 пути в 05:56:00; последний поезд по 1 пути в 01:12:00, по 2 пути в 01:59:00";"";"";"3";"[]";"действует";"[Geometry[type=Point, coordinates=[37.67948829, 55.78923717]]]";"{type=Point, coordinates=[37.67948829, 55.78923717]}";"1773967";
"";"";"Спортивная, вход-выход 1 в южный вестибюль";"1";"да";"Центральный административный округ";"район Хамовники";"37.56189938";"55.72229082";"наземный отдельностоящий";"Спортивная";"Сокольническая линия";"не является объектом культурного наследия";"открытие в 05:30:00; закрытие в 01:00:00; первый поезд по 1 пути в 05:50:00, по 2 пути в 05:46:00; последний поезд по 1 пути в 01:32:00, по 2 пути в 01:39:00";"открытие в 05:30:00; закрытие в 01:00:00; первый поезд по 1 пути в 05:50:00, по 2 пути в 05:46:00; последний поезд по 1 пути в 01:32:00, по 2 пути в 01:39:00";"";"";"5";"[{global_id=3510, RepairOfEscalators=15.01.2024-14.02.2024}, {global_id=3748, RepairOfEscalators=26.06.2024-04.09.2024}]";"действует";"[Geometry[type=Point, coordinates=[37.56189938, 55.72229082]]]";"{type=Point, coordinates=[37.56189938, 55.72229082]}";"1773968";
"";"";"Спортивная, вход-выход 2 в северный вестибюль";"2";"да";"Центральный административный округ";"район Хамовники";"37.56589587";"55.72385915";"наземный отдельностоящий";"Спортивная";"Сокольническая линия";"не является объектом культурного наследия";"открытие в 05:30:00; закрытие в 01:00:00; первый поезд по 1 пути в 05:50:00, по 2 пути в 05:46:00; последний поезд по 1 пути в 01:32:00, по 2 пути в 01:39:00";"открытие в 05:30:00; закрытие в 01:00:00; первый поезд по 1 пути в 05:50:00, по 2 пути в 05:46:00; последний поезд по 1 пути в 01:32:00, по 2 пути в 01:39:00";"";"";"5";"[{global_id=3350, RepairOfEscalators=23.08.2023-08.09.2023}, {global_id=3880, RepairOfEscalators=26.06.2024-20.12.2024}, {global_id=4103, RepairOfEscalators=31.07.2025-11.09.2025}]";"действует";"[Geometry[type=Point, coordinates=[37.56589587, 55.72385915]]]";"{type=Point, coordinates=[37.56589587, 55.72385915]}";"1773969";
"";"";"Сретенский бульвар, вход-выход 6 в вестибюль";"6";"да";"Центральный административный округ";"Красносельский район";"37.63709790";"55.76610673";"подземный";"Сретенский бульвар";"Люблинско-Дмитровская линия";"не является объектом культурного наследия";"открытие в 05:30:00; закрытие в 01:00:00; первый поезд по 1 пути в 05:48:00, по 2 пути в 05:49:00; последний поезд по 1 пути в 01:34:00, по 2 пути в 01:38:00";"открытие в 05:30:00; закрытие в 01:00:00; первый поезд по 1 пути в 05:50:00, по 2 пути в 05:49:00; последний поезд по 1 пути в 01:34:00, по 2 пути в 01:38:00";"";"";"2";"[{global_id=3037, RepairOfEscalators=01.11.2022-30.12.2022}, {global_id=3683, RepairOfEscalators=22.04.2024-01.07.2024}, {global_id=3847, RepairOfEscalators=19.08.2024-05.09.2024}, {global_id=3915, RepairOfEscalators=10.10.2024-28.11.2024}, {global_id=3961, RepairOfEscalators=15.01.2025-30.04.2025}]";"действует";"[Geometry[type=Point, coordinates=[37.6370979, 55.76610673]]]";"{type=Point, coordinates=[37.6370979, 55.76610673]}";"1773970";
"";"";"Строгино, вход-выход 1 в западный вестибюль";"1";"да";"Северо-Западный административный округ";"район Строгино";"37.40139780";"55.80372114";"подземный";"Строгино";"Арбатско-Покровская линия";"не является объектом культурного наследия";"открытие в 05:30:00; закрытие в 01:00:00; первый поезд по 1 пути в 05:53:00, по 2 пути в 05:49:00; последний поезд по 1 пути в 01:56:00, по 2 пути в 01:14:00";"открытие в 05:30:00; закрытие в 01:00:00; первый поезд по 1 пути в 05:50:00, по 2 пути в 05:49:00; последний поезд по 1 пути в 01:56:00, по 2 пути в 01:14:00";"";"";"3";"[]";"действует";"[Geometry[type=Point, coordinates=[37.4013978, 55.80372114]]]";"{type=Point, coordinates=[37.4013978, 55.80372114]}";"1773972";
"";"";"Строгино, вход-выход 4 в западный вестибюль";"4";"да";"Северо-Западный административный округ";"район Строгино";"37.40190742";"55.80446137";"подземный";"Строгино";"Арбатско-Покровская линия";"не является объектом культурного наследия";"открытие в 05:30:00; закрытие в 01:00:00; первый поезд по 1 пути в 05:53:00, по 2 пути в 05:49:00; последний поезд по 1 пути в 01:56:00, по 2 пути в 01:14:00";"открытие в 05:30:00; закрытие в 01:00:00; первый поезд по 1 пути в 05:50:00, по 2 пути в 05:49:00; последний поезд по 1 пути в 01:56:00, по 2 пути в 01:14:00";"";"";"3";"[]";"временно закрыт";"[Geometry[type=Point, coordinates=[37.40190742, 55.80446137]]]";"{type=Point, coordinates=[37.40190742, 55.80446137]}";"1773973";
"";"";"Сухаревская, вход-выход 1 в вестибюль";"1";"да";"Центральный административный округ";"Мещанский район";"37.63215160";"55.77222810";"подземный";"Сухаревская";"Калужско-Рижская линия";"не является объектом культурного наследия";"открытие в 05:30:00; закрытие в 01:00:00; первый поезд по 1 пути в 05:48:00, по 2 пути в 05:44:00; последний поезд по 1 пути в 01:39:00, по 2 пути в 01:22:00";"открытие в 05:30:00; закрытие в 01:00:00; первый поезд по 1 пути в 05:47:00, по 2 пути в 05:44:00; последний поезд по 1 пути в 01:39:00, по 2 пути в 01:22:00";"";"";"4";"[{global_id=2983, RepairOfEscalators=19.10.2022-03.11.2022}, {global_id=3901, RepairOfEscalators=26.09.2024-07.11.2024}]";"действует";"[Geometry[type=Point, coordinates=[37.6321516, 55.7722281]]]";"{type=Point, coordinates=[37.6321516, 55.7722281]}";"1773974";
"";"";"Сухаревская, вход-выход 2 в вестибюль";"2";"да";"Центральный административный округ";"Красносельский район";"37.63305818";"55.77232788";"подземный";"Сухаревская";"Калужско-Рижская линия";"не является объектом культурного наследия";"открытие в 05:30:00; закрытие в 01:00:00; первый поезд по 1 пути в 05:48:00, по 2 пути в 05:44:00; последний поезд по 1 пути в 01:39:00, по 2 пути в 01:22:00";"открытие в 05:30:00; закрытие в 01:00:00; первый поезд по 1 пути в 05:47:00, по 2 пути в 05:44:00; последний поезд по 1 пути в 01:39:00, по 2 пути в 01:22:00";"";"";"4";"[{global_id=2982, RepairOfEscalators=19.10.2022-03.11.2022}, {global_id=3902, RepairOfEscalators=26.09.2024-07.11.2024}]";"действует";"[Geometry[type=Point, coordinates=[37.63305818, 55.77232788]]]";"{type=Point, coordinates=[37.63305818, 55.77232788]}";"1773975";
"";"";"Сходненская, вход-выход 1 в вестибюль 2";"1";"да";"Северо-Западный административный округ";"район Северное Тушино";"37.43849943";"55.85141995";"подземный";"Сходненская";"Таганско-Краснопресненская линия";"не является объектом культурного наследия";"открытие в 05:30:00; закрытие в 01:00:00; первый поезд по 1 пути в 05:42:00, по 2 пути в 05:51:00; последний поезд по 1 пути в 01:04:00, по 2 пути в 02:00:00";"открытие в 05:30:00; закрытие в 01:00:00; первый поезд по 1 пути в 05:41:00, по 2 пути в 05:50:00; последний поезд по 1 пути в 01:04:00, по 2 пути в 02:00:00";"";"";"5";"[]";"действует";"[Geometry[type=Point, coordinates=[37.43849943, 55.85141995]]]";"{type=Point, coordinates=[37.43849943, 55.85141995]}";"1773976";
"";"";"Сходненская, вход-выход 2 в вестибюль 2";"2";"да";"Северо-Западный административный округ";"район Северное Тушино";"37.43880521";"55.85165533";"подземный";"Сходненская";"Таганско-Краснопресненская линия";"не является объектом культурного наследия";"открытие в 05:30:00; закрытие в 01:00:00; первый поезд по 1 пути в 05:42:00, по 2 пути в 05:51:00; последний поезд по 1 пути в 01:04:00, по 2 пути в 02:00:00";"открытие в 05:30:00; закрытие в 01:00:00; первый поезд по 1 пути в 05:41:00, по 2 пути в 05:50:00; последний поезд по 1 пути в 01:04:00, по 2 пути в 02:00:00";"";"";"5";"[]";"действует";"[Geometry[type=Point, coordinates=[37.43880521, 55.85165533]]]";"{type=Point, coordinates=[37.43880521, 55.85165533]}";"1773977";
"";"";"Сходненская, вход-выход 9 в вестибюль 1";"9";"да";"Северо-Западный административный округ";"район Южное Тушино";"37.43923972";"55.84957970";"подземный";"Сходненская";"Таганско-Краснопресненская линия";"не является объектом культурного наследия";"открытие в 05:30:00; закрытие в 01:00:00; первый поезд по 1 пути в 05:42:00, по 2 пути в 05:51:00; последний поезд по 1 пути в 01:04:00, по 2 пути в 02:00:00";"открытие в 05:30:00; закрытие в 01:00:00; первый поезд по 1 пути в 05:41:00, по 2 пути в 05:50:00; последний поезд по 1 пути в 01:04:00, по 2 пути в 02:00:00";"";"";"6";"[]";"действует";"[Geometry[type=Point, coordinates=[37.43923972, 55.8495797]]]";"{type=Point, coordinates=[37.43923972, 55.8495797]}";"1773978";
"";"";"Жулебино, вход-выход 2 в вестибюль 1";"2";"да";"Юго-Восточный административный округ";"район Выхино-Жулебино";"37.85541033";"55.68408414";"подземный";"Жулебино";"Таганско-Краснопресненская линия";"не является объектом культурного наследия";"открытие в 05:30:00; закрытие в 01:00:00; первый поезд по 1 пути в 05:54:00, по 2 пути в 05:46:00; последний поезд по 1 пути в 02:00:00, по 2 пути в 01:05:00";"открытие в 05:30:00; закрытие в 01:00:00; первый поезд по 1 пути в 05:53:00, по 2 пути в 05:40:00; последний поезд по 1 пути в 02:00:00, по 2 пути в 01:05:00";"";"";"2";"[]";"действует";"[Geometry[type=Point, coordinates=[37.85541033, 55.68408414]]]";"{type=Point, coordinates=[37.85541033, 55.68408414]}";"1773979";
"";"";"Строгино, вход-выход 8 в восточный вестибюль";"8";"да";"Северо-Западный административный округ";"район Строгино";"37.40431466";"55.80310961";"подземный";"Строгино";"Арбатско-Покровская линия";"не является объектом культурного наследия";"открытие в 05:30:00; закрытие в 01:00:00; первый поезд по 1 пути в 05:53:00, по 2 пути в 05:49:00; последний поезд по 1 пути в 01:56:00, по 2 пути в 01:14:00";"открытие в 05:30:00; закрытие в 01:00:00; первый поезд по 1 пути в 05:50:00, по 2 пути в 05:49:00; последний поезд по 1 пути в 01:56:00, по 2 пути в 01:14:00";"";"";"3";"[]";"действует";"[Geometry[type=Point, coordinates=[37.40431466, 55.80310961]]]";"{type=Point, coordinates=[37.40431466, 55.80310961]}";"1773980";
"";"";"Строгино, вход-выход 5 в восточный вестибюль";"5";"да";"Северо-Западный административный округ";"район Строгино";"37.40482051";"55.80382336";"подземный";"Строгино";"Арбатско-Покровская линия";"не является объектом культурного наследия";"открытие в 05:30:00; закрытие в 01:00:00; первый поезд по 1 пути в 05:53:00, по 2 пути в 05:49:00; последний поезд по 1 пути в 01:56:00, по 2 пути в 01:14:00";"открытие в 05:30:00; закрытие в 01:00:00; первый поезд по 1 пути в 05:50:00, по 2 пути в 05:49:00; последний поезд по 1 пути в 01:56:00, по 2 пути в 01:14:00";"";"";"3";"[]";"действует";"[Geometry[type=Point, coordinates=[37.40482051, 55.80382336]]]";"{type=Point, coordinates=[37.40482051, 55.80382336]}";"1773981";
"";"";"Студенческая, вход-выход 1 в вестибюль";"1";"да";"Западный административный округ";"район Дорогомилово";"37.54833357";"55.73890830";"наземный отдельностоящий";"Студенческая";"Филёвская линия";"не является объектом культурного наследия";"открытие в 05:30:00; закрытие в 01:00:00; первый поезд по 1 пути в 05:45:00, по 2 пути в 05:43:00; последний поезд по 1 пути в 01:11:00, по 2 пути в 01:17:00";"открытие в 05:30:00; закрытие в 01:00:00; первый поезд по 1 пути в 05:45:00, по 2 пути в 05:43:00; последний поезд по 1 пути в 01:11:00, по 2 пути в 01:17:00";"";"";"2";"[]";"действует";"[Geometry[type=Point, coordinates=[37.54833357, 55.7389083]]]";"{type=Point, coordinates=[37.54833357, 55.7389083]}";"1773982";
"";"";"Шоссе Энтузиастов, вход-выход 1 в вестибюль";"1";"да";"Восточный административный округ";"район Перово";"37.75200501";"55.75747965";"подземный";"Шоссе Энтузиастов";"Калининская линия";"не является объектом культурного наследия";"открытие в 05:30:00; закрытие в 01:00:00; первый поезд по 1 пути в 05:38:00, по 2 пути в 05:52:00; последний поезд по 1 пути в 01:13:00, по 2 пути в 01:13:00";"открытие в 05:30:00; закрытие в 01:00:00; первый поезд по 1 пути в 05:38:00, по 2 пути в 05:52:00; последний поезд по 1 пути в 01:13:00, по 2 пути в 01:13:00";"";"";"6";"[{global_id=2970, RepairOfEscalators=20.10.2022-01.03.2024}, {global_id=3660, RepairOfEscalators=30.03.2024-28.06.2024}, {global_id=3767, RepairOfEscalators=08.07.2024-31.07.2024}, {global_id=3775, RepairOfEscalators=31.07.2024-12.08.2024}, {global_id=3854, RepairOfEscalators=12.08.2024-30.08.2024}, {global_id=3874, RepairOfEscalators=02.09.2024-28.12.2024}, {global_id=4042, RepairOfEscalators=17.01.2025-30.09.2025}]";"действует";"[Geometry[type=Point, coordinates=[37.75200501, 55.75747965]]]";"{type=Point, coordinates=[37.75200501, 55.75747965]}";"1773983";
"";"";"Жулебино, вход-выход 8 в вестибюль 2";"8";"да";"Юго-Восточный административный округ";"район Выхино-Жулебино";"37.85645103";"55.68607526";"подземный";"Жулебино";"Таганско-Краснопресненская линия";"не является объектом культурного наследия";"открытие в 05:30:00; закрытие в 01:00:00; первый поезд по 1 пути в 05:54:00, по 2 пути в 05:46:00; последний поезд по 1 пути в 02:00:00, по 2 пути в 01:05:00";"открытие в 05:30:00; закрытие в 01:00:00; первый поезд по 1 пути в 05:53:00, по 2 пути в 05:40:00; последний поезд по 1 пути в 02:00:00, по 2 пути в 01:05:00";"";"";"2";"[{global_id=4039, RepairOfEscalators=02.04.2025-29.05.2025}, {global_id=4040, RepairOfEscalators=03.02.2025-31.03.2025}]";"действует";"[Geometry[type=Point, coordinates=[37.85645103, 55.68607526]]]";"{type=Point, coordinates=[37.85645103, 55.68607526]}";"1773984";
"";"";"Жулебино, вход-выход 10 в вестибюль 2";"10";"да";"Юго-Восточный административный округ";"район Выхино-Жулебино";"37.85770094";"55.68623948";"подземный";"Жулебино";"Таганско-Краснопресненская линия";"не является объектом культурного наследия";"открытие в 05:30:00; закрытие в 01:00:00; первый поезд по 1 пути в 05:54:00, по 2 пути в 05:46:00; последний поезд по 1 пути в 02:00:00, по 2 пути в 01:05:00";"открытие в 05:30:00; закрытие в 01:00:00; первый поезд по 1 пути в 05:53:00, по 2 пути в 05:40:00; последний поезд по 1 пути в 02:00:00, по 2 пути в 01:05:00";"";"";"2";"[{global_id=4031, RepairOfEscalators=03.03.2025-26.03.2025}]";"действует";"[Geometry[type=Point, coordinates=[37.85770094, 55.68623948]]]";"{type=Point, coordinates=[37.85770094, 55.68623948]}";"1773985";
"";"";"Жулебино, вход-выход 11 в вестибюль 2";"11";"да";"Юго-Восточный административный округ";"район Выхино-Жулебино";"37.85722887";"55.68579702";"подземный";"Жулебино";"Таганско-Краснопресненская линия";"не является объектом культурного наследия";"открытие в 05:30:00; закрытие в 01:00:00; первый поезд по 1 пути в 05:54:00, по 2 пути в 05:46:00; последний поезд по 1 пути в 02:00:00, по 2 пути в 01:05:00";"открытие в 05:30:00; закрытие в 01:00:00; первый поезд по 1 пути в 05:53:00, по 2 пути в 05:40:00; последний поезд по 1 пути в 02:00:00, по 2 пути в 01:05:00";"";"";"2";"[{global_id=4032, RepairOfEscalators=03.03.2025-26.03.2025}]";"действует";"[Geometry[type=Point, coordinates=[37.85722887, 55.68579702]]]";"{type=Point, coordinates=[37.85722887, 55.68579702]}";"1773986";
"";"";"Жулебино, вход-выход 7 в вестибюль 1";"7";"да";"Юго-Восточный административный округ";"район Выхино-Жулебино";"37.85497582";"55.68487211";"подземный";"Жулебино";"Таганско-Краснопресненская линия";"не является объектом культурного наследия";"открытие в 05:30:00; закрытие в 01:00:00; первый поезд по 1 пути в 05:54:00, по 2 пути в 05:46:00; последний поезд по 1 пути в 02:00:00, по 2 пути в 01:05:00";"открытие в 05:30:00; закрытие в 01:00:00; первый поезд по 1 пути в 05:53:00, по 2 пути в 05:40:00; последний поезд по 1 пути в 02:00:00, по 2 пути в 01:05:00";"";"";"2";"[]";"действует";"[Geometry[type=Point, coordinates=[37.85497582, 55.68487211]]]";"{type=Point, coordinates=[37.85497582, 55.68487211]}";"1773987";
"";"";"Жулебино, вход-выход 6 в вестибюль 1";"6";"да";"Юго-Восточный административный округ";"район Выхино-Жулебино";"37.85438573";"55.68484484";"подземный";"Жулебино";"Таганско-Краснопресненская линия";"не является объектом культурного наследия";"открытие в 05:30:00; закрытие в 01:00:00; первый поезд по 1 пути в 05:54:00, по 2 пути в 05:46:00; последний поезд по 1 пути в 02:00:00, по 2 пути в 01:05:00";"открытие в 05:30:00; закрытие в 01:00:00; первый поезд по 1 пути в 05:53:00, по 2 пути в 05:40:00; последний поезд по 1 пути в 02:00:00, по 2 пути в 01:05:00";"";"";"2";"[]";"действует";"[Geometry[type=Point, coordinates=[37.85438573, 55.68484484]]]";"{type=Point, coordinates=[37.85438573, 55.68484484]}";"1773988";
"";"";"Жулебино, вход-выход 5 в вестибюль 1";"5";"да";"Юго-Восточный административный округ";"район Выхино-Жулебино";"37.85411215";"55.68468118";"подземный";"Жулебино";"Таганско-Краснопресненская линия";"не является объектом культурного наследия";"открытие в 05:30:00; закрытие в 01:00:00; первый поезд по 1 пути в 05:54:00, по 2 пути в 05:46:00; последний поезд по 1 пути в 02:00:00, по 2 пути в 01:05:00";"открытие в 05:30:00; закрытие в 01:00:00; первый поезд по 1 пути в 05:53:00, по 2 пути в 05:40:00; последний поезд по 1 пути в 02:00:00, по 2 пути в 01:05:00";"";"";"2";"[]";"действует";"[Geometry[type=Point, coordinates=[37.85411215, 55.68468118]]]";"{type=Point, coordinates=[37.85411215, 55.68468118]}";"1773989";
"";"";"Жулебино, вход-выход 1 в вестибюль 1";"1";"да";"Юго-Восточный административный округ";"район Выхино-Жулебино";"37.85578167";"55.68449934";"подземный";"Жулебино";"Таганско-Краснопресненская линия";"не является объектом культурного наследия";"открытие в 05:30:00; закрытие в 01:00:00; первый поезд по 1 пути в 05:54:00, по 2 пути в 05:46:00; последний поезд по 1 пути в 02:00:00, по 2 пути в 01:05:00";"открытие в 05:30:00; закрытие в 01:00:00; первый поезд по 1 пути в 05:53:00, по 2 пути в 05:40:00; последний поезд по 1 пути в 02:00:00, по 2 пути в 01:05:00";"";"";"2";"[]";"действует";"[Geometry[type=Point, coordinates=[37.85578167, 55.68449934]]]";"{type=Point, coordinates=[37.85578167, 55.68449934]}";"1773990";
"";"";"Жулебино, вход-выход 3 в вестибюль 1";"3";"да";"Юго-Восточный административный округ";"район Выхино-Жулебино";"37.85473978";"55.68364469";"подземный";"Жулебино";"Таганско-Краснопресненская линия";"не является объектом культурного наследия";"открытие в 05:30:00; закрытие в 01:00:00; первый поезд по 1 пути в 05:54:00, по 2 пути в 05:46:00; последний поезд по 1 пути в 02:00:00, по 2 пути в 01:05:00";"открытие в 05:30:00; закрытие в 01:00:00; первый поезд по 1 пути в 05:53:00, по 2 пути в 05:40:00; последний поезд по 1 пути в 02:00:00, по 2 пути в 01:05:00";"";"";"2";"[]";"действует";"[Geometry[type=Point, coordinates=[37.85473978, 55.68364469]]]";"{type=Point, coordinates=[37.85473978, 55.68364469]}";"1773991";
"";"";"Улица 1905 года, вход-выход 1 в вестибюль 1";"1";"да";"Центральный административный округ";"Пресненский район";"37.56242376";"55.76389023";"наземный отдельностоящий";"Улица 1905 года";"Таганско-Краснопресненская линия";"не является объектом культурного наследия";"открытие в 05:30:00; закрытие в 01:00:00; первый поезд по 1 пути в 06:03:00, по 2 пути в 06:03:00; последний поезд по 1 пути в 01:24:00, по 2 пути в 01:41:00";"открытие в 05:30:00; закрытие в 01:00:00; первый поезд по 1 пути в 06:01:00, по 2 пути в 06:02:00; последний поезд по 1 пути в 01:24:00, по 2 пути в 01:41:00";"";"";"3";"[{global_id=3038, RepairOfEscalators=11.01.2023-19.05.2023}, {global_id=3254, RepairOfEscalators=27.06.2023-31.10.2023}, {global_id=3618, RepairOfEscalators=19.03.2024-21.03.2024}]";"действует";"[Geometry[type=Point, coordinates=[37.56242376, 55.76389023]]]";"{type=Point, coordinates=[37.56242376, 55.76389023]}";"1773992";
"";"";"Улица академика Янгеля, вход-выход 4 в северный вестибюль";"4";"да";"Южный административный округ";"район Чертаново Южное";"37.60012822";"55.59583074";"подземный";"Улица академика Янгеля";"Серпуховско-Тимирязевская линия";"не является объектом культурного наследия";"открытие в 05:30:00; закрытие в 01:00:00; первый поезд по 1 пути в 05:48:00, по 2 пути в 05:48:00; последний поезд по 1 пути в 01:07:00, по 2 пути в 01:56:00";"открытие в 05:30:00; закрытие в 01:00:00; первый поезд по 1 пути в 05:59:00, по 2 пути в 05:49:00; последний поезд по 1 пути в 01:07:00, по 2 пути в 01:56:00";"";"";"3";"[]";"действует";"[Geometry[type=Point, coordinates=[37.60012822, 55.59583074]]]";"{type=Point, coordinates=[37.60012822, 55.59583074]}";"1773994";
"";"";"Улица академика Янгеля, вход-выход 1 в южный вестибюль";"1";"да";"Южный административный округ";"район Чертаново Южное";"37.60043336";"55.59453479";"подземный";"Улица академика Янгеля";"Серпуховско-Тимирязевская линия";"не является объектом культурного наследия";"открытие в 05:30:00; закрытие в 01:00:00; первый поезд по 1 пути в 05:48:00, по 2 пути в 05:48:00; последний поезд по 1 пути в 01:07:00, по 2 пути в 01:56:00";"открытие в 05:30:00; закрытие в 01:00:00; первый поезд по 1 пути в 05:59:00, по 2 пути в 05:49:00; последний поезд по 1 пути в 01:07:00, по 2 пути в 01:56:00";"";"";"2";"[{global_id=4080, RepairOfEscalators=17.03.2025-27.04.2025}]";"действует";"[Geometry[type=Point, coordinates=[37.60043336, 55.59453479]]]";"{type=Point, coordinates=[37.60043336, 55.59453479]}";"1773995";
"";"";"Улица академика Янгеля, вход-выход 5 в северный вестибюль";"5";"да";"Южный административный округ";"район Чертаново Южное";"37.60123061";"55.59621651";"подземный";"Улица академика Янгеля";"Серпуховско-Тимирязевская линия";"не является объектом культурного наследия";"открытие в 05:30:00; закрытие в 01:00:00; первый поезд по 1 пути в 05:48:00, по 2 пути в 05:48:00; последний поезд по 1 пути в 01:07:00, по 2 пути в 01:56:00";"открытие в 05:30:00; закрытие в 01:00:00; первый поезд по 1 пути в 05:59:00, по 2 пути в 05:49:00; последний поезд по 1 пути в 01:07:00, по 2 пути в 01:56:00";"";"";"3";"[]";"действует";"[Geometry[type=Point, coordinates=[37.60123061, 55.59621651]]]";"{type=Point, coordinates=[37.60123061, 55.59621651]}";"1773996";
"";"";"Улица академика Янгеля, вход-выход 3 в южный вестибюль";"3";"да";"Южный административный округ";"район Чертаново Южное";"37.60183347";"55.59420065";"подземный";"Улица академика Янгеля";"Серпуховско-Тимирязевская линия";"не является объектом культурного наследия";"открытие в 05:30:00; закрытие в 01:00:00; первый поезд по 1 пути в 05:48:00, по 2 пути в 05:48:00; последний поезд по 1 пути в 01:07:00, по 2 пути в 01:56:00";"открытие в 05:30:00; закрытие в 01:00:00; первый поезд по 1 пути в 05:59:00, по 2 пути в 05:49:00; последний поезд по 1 пути в 01:07:00, по 2 пути в 01:56:00";"";"";"2";"[{global_id=4082, RepairOfEscalators=17.03.2025-27.04.2025}]";"действует";"[Geometry[type=Point, coordinates=[37.60183347, 55.59420065]]]";"{type=Point, coordinates=[37.60183347, 55.59420065]}";"1773997";
"";"";"Улица академика Янгеля, вход-выход 7 в северный вестибюль";"7";"да";"Южный административный округ";"район Чертаново Южное";"37.60271655";"55.59603122";"подземный";"Улица академика Янгеля";"Серпуховско-Тимирязевская линия";"не является объектом культурного наследия";"открытие в 05:30:00; закрытие в 01:00:00; первый поезд по 1 пути в 05:48:00, по 2 пути в 05:48:00; последний поезд по 1 пути в 01:07:00, по 2 пути в 01:56:00";"открытие в 05:30:00; закрытие в 01:00:00; первый поезд по 1 пути в 05:59:00, по 2 пути в 05:49:00; последний поезд по 1 пути в 01:07:00, по 2 пути в 01:56:00";"";"";"3";"[]";"действует";"[Geometry[type=Point, coordinates=[37.60271655, 55.59603122]]]";"{type=Point, coordinates=[37.60271655, 55.59603122]}";"1773998";
"";"";"Чкаловская, вход-выход 6 в вестибюль";"6";"да";"Центральный административный округ";"Басманный район";"37.66038050";"55.75623239";"подземный";"Чкаловская";"Люблинско-Дмитровская линия";"не является объектом культурного наследия";"открытие в 05:30:00; закрытие в 01:00:00; первый поезд по 1 пути в 05:50:00, по 2 пути в 05:46:00; последний поезд по 1 пути в 01:36:00, по 2 пути в 01:35:00";"открытие в 05:30:00; закрытие в 01:00:00; первый поезд по 1 пути в 05:52:00, по 2 пути в 05:46:00; последний поезд по 1 пути в 01:36:00, по 2 пути в 01:35:00";"";"";"8";"[{global_id=3002, RepairOfEscalators=29.09.2022-30.12.2022}, {global_id=3127, RepairOfEscalators=02.03.2023-28.04.2023}, {global_id=3377, RepairOfEscalators=12.07.2023-20.10.2023}, {global_id=3453, RepairOfEscalators=20.11.2023-09.12.2023}]";"действует";"[Geometry[type=Point, coordinates=[37.6603805, 55.75623239]]]";"{type=Point, coordinates=[37.6603805, 55.75623239]}";"1774001";
"";"";"Деловой центр, вход-выход 1 в вестибюль";"1";"да";"Центральный административный округ";"Пресненский район";"37.53775844";"55.749916901";"подземный";"Деловой центр";"Рублёво-Архангельская линия";"не является объектом культурного наследия";"открытие в 05:30:00; закрытие в 01:00:00; первый поезд по 2 пути в 05:40:00; последний поезд по 2 пути в 01:03:00";"открытие в 05:30:00; закрытие в 01:00:00; первый поезд по 2 пути в 05:44:00; последний поезд по 2 пути в 01:03:00";"";"";"2";"[]";"действует";"[Geometry[type=Point, coordinates=[37.53775844, 55.749916901]]]";"{type=Point, coordinates=[37.53775844, 55.749916901]}";"1774002";
"";"";"Лесопарковая, вход-выход 1 в вестибюль";"1";"да";"Южный административный округ";"район Чертаново Южное";"37.57787389";"55.58165301";"подземный";"Лесопарковая";"Бутовская линия";"не является объектом культурного наследия";"открытие в 05:30:00; закрытие в 01:00:00; первый поезд по 1 пути в 06:04:00, по 2 пути в 05:59:00; последний поезд по 1 пути в 01:20:00, по 2 пути в 01:06:10";"открытие в 05:30:00; закрытие в 01:00:00; первый поезд по 1 пути в 05:42:00, по 2 пути в 05:44:00; последний поезд по 1 пути в 01:20:00, по 2 пути в 01:06:00";"";"";"2";"[]";"действует";"[Geometry[type=Point, coordinates=[37.57787389, 55.58165301]]]";"{type=Point, coordinates=[37.57787389, 55.58165301]}";"1774003";
"";"";"Улица Скобелевская, вход-выход 1 в южный вестибюль";"1";"да";"Юго-Западный административный округ";"район Южное Бутово";"37.55316917";"55.54771512";"наземный отдельностоящий";"Улица Скобелевская";"Бутовская линия";"не является объектом культурного наследия";"открытие в 05:30:00; закрытие в 01:00:00; первый поезд по 1 пути в 05:59:00, по 2 пути в 05:46:00; последний поезд по 1 пути в 01:10:00, по 2 пути в 01:17:00";"открытие в 05:30:00; закрытие в 01:00:00; первый поезд по 1 пути в 05:59:00, по 2 пути в 05:46:00; последний поезд по 1 пути в 01:10:00, по 2 пути в 01:17:00";"";"";"3";"[{global_id=2873, RepairOfEscalators=20.06.2022-27.06.2022}, {global_id=3680, RepairOfEscalators=24.04.2024-19.12.2024}]";"действует";"[Geometry[type=Point, coordinates=[37.55316917, 55.54771512]]]";"{type=Point, coordinates=[37.55316917, 55.54771512]}";"1774004";
"";"";"Университет, вход-выход 2 в южный вестибюль";"2";"да";"Юго-Западный административный округ";"Гагаринский район";"37.53452650";"55.69196732";"наземный отдельностоящий";"Университет";"Сокольническая линия";"объект культурного наследия регионального значения";"открытие в 05:30:00; закрытие в 01:00:00; первый поезд по 1 пути в 05:48:00, по 2 пути в 05:47:00; последний поезд по 1 пути в 01:38:00, по 2 пути в 01:33:00";"открытие в 05:30:00; закрытие в 01:00:00; первый поезд по 1 пути в 05:59:00, по 2 пути в 05:40:00; последний поезд по 1 пути в 01:38:00, по 2 пути в 01:33:00";"";"";"4";"[]";"действует";"[Geometry[type=Point, coordinates=[37.5345265, 55.69196732]]]";"{type=Point, coordinates=[37.5345265, 55.69196732]}";"1774006";
"";"";"Университет, вход-выход 1 в северный вестибюль";"1";"да";"Западный административный округ";"район Раменки";"37.53484229";"55.69329682";"наземный отдельностоящий";"Университет";"Сокольническая линия";"объект культурного наследия регионального значения";"открытие в 05:30:00; закрытие в 01:00:00; первый поезд по 1 пути в 05:48:00, по 2 пути в 05:47:00; последний поезд по 1 пути в 01:38:00, по 2 пути в 01:33:00";"открытие в 05:30:00; закрытие в 01:00:00; первый поезд по 1 пути в 05:59:00, по 2 пути в 05:40:00; последний поезд по 1 пути в 01:38:00, по 2 пути в 01:33:00";"";"";"5";"[{global_id=3003, RepairOfEscalators=17.11.2022-25.11.2022}, {global_id=3084, RepairOfEscalators=20.02.2023-31.07.2023}, {global_id=4064, RepairOfEscalators=12.03.2025-28.04.2025}]";"действует";"[Geometry[type=Point, coordinates=[37.53484229, 55.69329682]]]";"{type=Point, coordinates=[37.53484229, 55.69329682]}";"1774007";
"";"";"Филёвский парк, вход-выход 2 в восточный вестибюль";"2";"да";"Западный административный округ";"район Филёвский Парк";"37.48372022";"55.73967321";"наземный отдельностоящий";"Филёвский парк";"Филёвская линия";"не является объектом культурного наследия";"открытие в 05:30:00; закрытие в 01:00:00; первый поезд по 1 пути в 05:45:00, по 2 пути в 05:57:00; последний поезд по 1 пути в 01:21:00, по 2 пути в 01:07:00";"открытие в 05:30:00; закрытие в 01:00:00; первый поезд по 1 пути в 05:45:00, по 2 пути в 05:57:00; последний поезд по 1 пути в 01:21:00, по 2 пути в 01:07:00";"";"";"1";"[]";"действует";"[Geometry[type=Point, coordinates=[37.48372022, 55.73967321]]]";"{type=Point, coordinates=[37.48372022, 55.73967321]}";"1774008";
"";"";"Битцевский парк, вход-выход 1 в вестибюль";"1";"да";"Юго-Западный административный округ";"район Ясенево";"37.55642695";"55.60044263";"наземный отдельностоящий";"Битцевский парк";"Бутовская линия";"не является объектом культурного наследия";"открытие в 05:30:00; закрытие в 01:00:00; первый поезд по 2 пути в 06:03:00; последний поезд по 2 пути в 01:03:00";"открытие в 05:30:00; закрытие в 01:00:00; первый поезд по 2 пути в 05:40:00; последний поезд по 2 пути в 01:03:00";"";"";"2";"[]";"действует";"[Geometry[type=Point, coordinates=[37.55642695, 55.60044263]]]";"{type=Point, coordinates=[37.55642695, 55.60044263]}";"1774009";
"";"";"Пятницкое шоссе, вход-выход 1 в северный вестибюль";"1";"да";"Северо-Западный административный округ";"район Митино";"37.35538965";"55.85732039";"наземный отдельностоящий";"Пятницкое шоссе";"Арбатско-Покровская линия";"не является объектом культурного наследия";"открытие в 05:30:00; закрытие в 01:00:00; первый поезд по 2 пути в 05:56:00; последний поезд по 2 пути в 01:03:00";"открытие в 05:30:00; закрытие в 01:00:00; первый поезд по 2 пути в 05:43:00; последний поезд по 2 пути в 01:03:00";"";"";"2";"[{global_id=4017, RepairOfEscalators=05.02.2025-28.02.2025}, {global_id=4086, RepairOfEscalators=04.03.2025-31.03.2025}]";"действует";"[Geometry[type=Point, coordinates=[37.35538965, 55.85732039]]]";"{type=Point, coordinates=[37.35538965, 55.85732039]}";"1774010";
"";"";"Пятницкое шоссе, вход-выход 4 в южный вестибюль";"4";"да";"Северо-Западный административный округ";"район Митино";"37.35281509";"55.85493689";"подземный";"Пятницкое шоссе";"Арбатско-Покровская линия";"не является объектом культурного наследия";"открытие в 05:30:00; закрытие в 01:00:00; первый поезд по 2 пути в 05:56:00; последний поезд по 2 пути в 01:03:00";"открытие в 05:30:00; закрытие в 01:00:00; первый поезд по 2 пути в 05:43:00; последний поезд по 2 пути в 01:03:00";"";"";"3";"[]";"действует";"[Geometry[type=Point, coordinates=[37.35281509, 55.85493689]]]";"{type=Point, coordinates=[37.35281509, 55.85493689]}";"1774011";
"";"";"Митино, вход-выход 2 в северный вестибюль";"2";"да";"Северо-Западный административный округ";"район Митино";"37.36002382";"55.84600433";"подземный";"Митино";"Арбатско-Покровская линия";"не является объектом культурного наследия";"открытие в 05:30:00; закрытие в 01:00:00; первый поезд по 1 пути в 05:46:00, по 2 пути в 05:40:00; последний поезд по 1 пути в 02:04:00, по 2 пути в 01:05:00";"открытие в 05:30:00; закрытие в 01:00:00; первый поезд по 1 пути в 05:54:00, по 2 пути в 05:40:00; последний поезд по 1 пути в 02:04:00, по 2 пути в 01:05:00";"";"";"3";"[]";"действует";"[Geometry[type=Point, coordinates=[37.36002382, 55.84600433]]]";"{type=Point, coordinates=[37.36002382, 55.84600433]}";"1774012";
"";"";"Митино, вход-выход 4 в северный вестибюль";"4";"да";"Северо-Западный административный округ";"район Митино";"37.35927280";"55.84650231";"подземный";"Митино";"Арбатско-Покровская линия";"не является объектом культурного наследия";"открытие в 05:30:00; закрытие в 01:00:00; первый поезд по 1 пути в 05:46:00, по 2 пути в 05:40:00; последний поезд по 1 пути в 02:04:00, по 2 пути в 01:05:00";"открытие в 05:30:00; закрытие в 01:00:00; первый поезд по 1 пути в 05:54:00, по 2 пути в 05:40:00; последний поезд по 1 пути в 02:04:00, по 2 пути в 01:05:00";"";"";"3";"[]";"действует";"[Geometry[type=Point, coordinates=[37.3592728, 55.84650231]]]";"{type=Point, coordinates=[37.3592728, 55.84650231]}";"1774013";
"";"";"Митино, вход-выход 9 в южный вестибюль";"9";"да";"Северо-Западный административный округ";"район Митино";"37.36375580";"55.84468218";"подземный";"Митино";"Арбатско-Покровская линия";"не является объектом культурного наследия";"открытие в 05:30:00; закрытие в 01:00:00; первый поезд по 1 пути в 05:46:00, по 2 пути в 05:40:00; последний поезд по 1 пути в 02:04:00, по 2 пути в 01:05:00";"открытие в 05:30:00; закрытие в 01:00:00; первый поезд по 1 пути в 05:54:00, по 2 пути в 05:40:00; последний поезд по 1 пути в 02:04:00, по 2 пути в 01:05:00";"";"";"3";"[]";"действует";"[Geometry[type=Point, coordinates=[37.3637558, 55.84468218]]]";"{type=Point, coordinates=[37.3637558, 55.84468218]}";"1774014";
"";"";"Мякинино, вход-выход 1 в северный вестибюль";"1";"нет";"";"";"37.38549771";"55.82651109";"наземный, встроенный в здание";"Мякинино";"Арбатско-Покровская линия";"не является объектом культурного наследия";"открытие в 05:30:00; закрытие в 01:00:00; первый поезд по 1 пути в 05:57:00, по 2 пути в 05:45:00; последний поезд по 1 пути в 02:00:00, по 2 пути в 01:10:00";"открытие в 05:30:00; закрытие в 01:00:00; первый поезд по 1 пути в 05:54:00, по 2 пути в 05:45:00; последний поезд по 1 пути в 02:00:00, по 2 пути в 01:10:00";"";"";"3";"[]";"действует";"[Geometry[type=Point, coordinates=[37.38549771, 55.82651109]]]";"{type=Point, coordinates=[37.38549771, 55.82651109]}";"1774017";
"";"";"Бульвар Рокоссовского, вход-выход 3 в южный вестибюль";"3";"да";"Восточный административный округ";"район Богородское";"37.73561321";"55.81415693";"подземный";"Бульвар Рокоссовского";"Сокольническая линия";"не является объектом культурного наследия";"открытие в 05:30:00; закрытие в 01:00:00; первый поезд по 1 пути в 05:40:00; последний поезд по 1 пути в 01:03:00";"открытие в 05:30:00; закрытие в 01:00:00; первый поезд по 1 пути в 05:40:00; последний поезд по 1 пути в 01:03:00";"";"";"3";"[{global_id=2876, RepairOfEscalators=15.06.2022-17.06.2022}, {global_id=3341, RepairOfEscalators=15.08.2023-15.09.2023}, {global_id=3581, RepairOfEscalators=20.02.2024-29.02.2024}, {global_id=3892, RepairOfEscalators=23.09.2024-10.12.2024}]";"действует";"[Geometry[type=Point, coordinates=[37.73561321, 55.81415693]]]";"{type=Point, coordinates=[37.73561321, 55.81415693]}";"1774018";
"";"";"Строгино, вход-выход 2 в западный вестибюль";"2";"да";"Северо-Западный административный округ";"район Строгино";"37.40055559";"55.80392659";"подземный";"Строгино";"Арбатско-Покровская линия";"не является объектом культурного наследия";"открытие в 05:30:00; закрытие в 01:00:00; первый поезд по 1 пути в 05:53:00, по 2 пути в 05:49:00; последний поезд по 1 пути в 01:56:00, по 2 пути в 01:14:00";"открытие в 05:30:00; закрытие в 01:00:00; первый поезд по 1 пути в 05:50:00, по 2 пути в 05:49:00; последний поезд по 1 пути в 01:56:00, по 2 пути в 01:14:00";"";"";"3";"[]";"действует";"[Geometry[type=Point, coordinates=[37.40055559, 55.80392659]]]";"{type=Point, coordinates=[37.40055559, 55.80392659]}";"1774020";
"";"";"Строгино, вход-выход 3 в западный вестибюль";"3";"да";"Северо-Западный административный округ";"район Строгино";"37.40101693";"55.80466134";"подземный";"Строгино";"Арбатско-Покровская линия";"не является объектом культурного наследия";"открытие в 05:30:00; закрытие в 01:00:00; первый поезд по 1 пути в 05:53:00, по 2 пути в 05:49:00; последний поезд по 1 пути в 01:56:00, по 2 пути в 01:14:00";"открытие в 05:30:00; закрытие в 01:00:00; первый поезд по 1 пути в 05:50:00, по 2 пути в 05:49:00; последний поезд по 1 пути в 01:56:00, по 2 пути в 01:14:00";"";"";"3";"[]";"временно закрыт";"[Geometry[type=Point, coordinates=[37.40101693, 55.80466134]]]";"{type=Point, coordinates=[37.40101693, 55.80466134]}";"1774021";
"";"";"Строгино, вход-выход 7 в восточный вестибюль";"7";"да";"Северо-Западный административный округ";"район Строгино";"37.40516224";"55.80291623";"подземный";"Строгино";"Арбатско-Покровская линия";"не является объектом культурного наследия";"открытие в 05:30:00; закрытие в 01:00:00; первый поезд по 1 пути в 05:53:00, по 2 пути в 05:49:00; последний поезд по 1 пути в 01:56:00, по 2 пути в 01:14:00";"открытие в 05:30:00; закрытие в 01:00:00; первый поезд по 1 пути в 05:50:00, по 2 пути в 05:49:00; последний поезд по 1 пути в 01:56:00, по 2 пути в 01:14:00";"";"";"3";"[]";"действует";"[Geometry[type=Point, coordinates=[37.40516224, 55.80291623]]]";"{type=Point, coordinates=[37.40516224, 55.80291623]}";"1774022";
"";"";"Строгино, вход-выход 6 в восточный вестибюль";"6";"да";"Северо-Западный административный округ";"район Строгино";"37.40567882";"55.80364264";"подземный";"Строгино";"Арбатско-Покровская линия";"не является объектом культурного наследия";"открытие в 05:30:00; закрытие в 01:00:00; первый поезд по 1 пути в 05:53:00, по 2 пути в 05:49:00; последний поезд по 1 пути в 01:56:00, по 2 пути в 01:14:00";"открытие в 05:30:00; закрытие в 01:00:00; первый поезд по 1 пути в 05:50:00, по 2 пути в 05:49:00; последний поезд по 1 пути в 01:56:00, по 2 пути в 01:14:00";"";"";"3";"[]";"действует";"[Geometry[type=Point, coordinates=[37.40567882, 55.80364264]]]";"{type=Point, coordinates=[37.40567882, 55.80364264]}";"1774023";
"";"";"Киевская, вход-выход 5 в вестибюль с площади";"5";"да";"Западный административный округ";"район Дорогомилово";"37.56476871";"55.74316700";"наземный, встроенный в здание";"Киевская";"Арбатско-Покровская линия";"выявленный объект культурного наследия";"открытие в 05:30:00; закрытие в 01:00:00; первый поезд по 1 пути в 05:43:00, по 2 пути в 05:42:00; последний поезд по 1 пути в 01:32:00, по 2 пути в 01:38:00";"открытие в 05:30:00; закрытие в 01:00:00; первый поезд по 1 пути в 05:42:00, по 2 пути в 05:40:00; последний поезд по 1 пути в 01:32:00, по 2 пути в 01:38:00";"";"";"2";"[{global_id=2878, RepairOfEscalators=09.06.2022-15.06.2022}, {global_id=3251, RepairOfEscalators=27.06.2023-31.08.2023}, {global_id=3373, RepairOfEscalators=11.09.2023-29.09.2023}, {global_id=3552, RepairOfEscalators=15.01.2024-22.01.2024}, {global_id=3621, RepairOfEscalators=23.03.2024-20.05.2024}, {global_id=3858, RepairOfEscalators=09.09.2024-27.12.2024}]";"действует";"[Geometry[type=Point, coordinates=[37.56476871, 55.743167]]]";"{type=Point, coordinates=[37.56476871, 55.743167]}";"1774026";
"";"";"Царицыно, вход-выход 3 в южный вестибюль";"3";"да";"Южный административный округ";"район Царицыно";"37.67054025";"55.61969646";"подземный";"Царицыно";"Замоскворецкая линия";"не является объектом культурного наследия";"открытие в 05:30:00; закрытие в 01:00:00; первый поезд по 1 пути в 05:38:00, по 2 пути в 05:58:00; последний поезд по 1 пути в 01:16:00, по 2 пути в 01:53:00";"открытие в 05:30:00; закрытие в 01:00:00; первый поезд по 1 пути в 05:38:00, по 2 пути в 05:58:00; последний поезд по 1 пути в 01:16:00, по 2 пути в 01:53:00";"";"";"7";"[{global_id=3187, RepairOfEscalators=10.01.2023-11.05.2023}]";"временно закрыт";"[Geometry[type=Point, coordinates=[37.67054025, 55.61969646]]]";"{type=Point, coordinates=[37.67054025, 55.61969646]}";"1774027";
"";"";"Черкизовская, вход-выход 4 в северный вестибюль";"4";"да";"Восточный административный округ";"район Преображенское";"37.74455769";"55.80476991";"подземный";"Черкизовская";"Сокольническая линия";"не является объектом культурного наследия";"открытие в 05:25:00; закрытие в 01:00:00; первый поезд по 1 пути в 05:30:00, по 2 пути в 05:50:00; последний поезд по 1 пути в 01:05:00, по 2 пути в 02:06:00";"открытие в 05:25:00; закрытие в 01:00:00; первый поезд по 1 пути в 05:30:00, по 2 пути в 05:50:00; последний поезд по 1 пути в 01:05:00, по 2 пути в 02:06:00";"";"";"2";"[]";"действует";"[Geometry[type=Point, coordinates=[37.74455769, 55.80476991]]]";"{type=Point, coordinates=[37.74455769, 55.80476991]}";"1774028";
"";"";"Черкизовская, вход-выход 5 в северный вестибюль";"5";"да";"Восточный административный округ";"район Преображенское";"37.74456842";"55.80516570";"подземный";"Черкизовская";"Сокольническая линия";"не является объектом культурного наследия";"открытие в 05:25:00; закрытие в 01:00:00; первый поезд по 1 пути в 05:30:00, по 2 пути в 05:50:00; последний поезд по 1 пути в 01:05:00, по 2 пути в 02:06:00";"открытие в 05:25:00; закрытие в 01:00:00; первый поезд по 1 пути в 05:30:00, по 2 пути в 05:50:00; последний поезд по 1 пути в 01:05:00, по 2 пути в 02:06:00";"";"";"2";"[]";"действует";"[Geometry[type=Point, coordinates=[37.74456842, 55.8051657]]]";"{type=Point, coordinates=[37.74456842, 55.8051657]}";"1774029";
"";"";"Черкизовская, вход 1 в южный вестибюль";"1";"да";"Восточный административный округ";"район Преображенское";"37.74447723";"55.80280904";"наземный отдельностоящий";"Черкизовская";"Сокольническая линия";"не является объектом культурного наследия";"открытие в 05:25:00; закрытие в 01:00:00; первый поезд по 1 пути в 05:30:00, по 2 пути в 05:50:00; последний поезд по 1 пути в 01:05:00, по 2 пути в 02:06:00";"открытие в 05:25:00; закрытие в 01:00:00; первый поезд по 1 пути в 05:30:00, по 2 пути в 05:50:00; последний поезд по 1 пути в 01:05:00, по 2 пути в 02:06:00";"";"";"6";"[{global_id=3608, RepairOfEscalators=18.03.2024-29.03.2024}, {global_id=3801, RepairOfEscalators=09.04.2024-29.11.2024}]";"действует";"[Geometry[type=Point, coordinates=[37.74447723, 55.80280904]]]";"{type=Point, coordinates=[37.74447723, 55.80280904]}";"1774030";
"";"";"Чертановская, вход-выход 5 в северный вестибюль";"5";"да";"Южный административный округ";"район Чертаново Северное";"37.60503750";"55.64071933";"подземный";"Чертановская";"Серпуховско-Тимирязевская линия";"не является объектом культурного наследия";"открытие в 05:25:00; закрытие в 01:00:00; первый поезд по 1 пути в 05:31:00, по 2 пути в 06:09:00; последний поезд по 1 пути в 01:15:00, по 2 пути в 01:49:00";"открытие в 05:25:00; закрытие в 01:00:00; первый поезд по 1 пути в 05:31:00, по 2 пути в 06:09:00; последний поезд по 1 пути в 01:15:00, по 2 пути в 01:49:00";"";"";"3";"[{global_id=3323, RepairOfEscalators=11.08.2023-03.11.2023}]";"действует";"[Geometry[type=Point, coordinates=[37.6050375, 55.64071933]]]";"{type=Point, coordinates=[37.6050375, 55.64071933]}";"1774031";
"";"";"Чертановская, вход-выход 1 в южный вестибюль";"1";"да";"Южный административный округ";"район Чертаново Северное";"37.60788255";"55.63993504";"наземный отдельностоящий";"Чертановская";"Серпуховско-Тимирязевская линия";"не является объектом культурного наследия";"открытие в 05:25:00; закрытие в 01:00:00; первый поезд по 1 пути в 05:31:00, по 2 пути в 06:09:00; последний поезд по 1 пути в 01:15:00, по 2 пути в 01:49:00";"открытие в 05:25:00; закрытие в 01:00:00; первый поезд по 1 пути в 05:31:00, по 2 пути в 06:09:00; последний поезд по 1 пути в 01:15:00, по 2 пути в 01:49:00";"";"";"3";"[{global_id=3039, RepairOfEscalators=12.01.2023-20.04.2023}, {global_id=3667, RepairOfEscalators=09.04.2024-31.10.2024}, {global_id=4060, RepairOfEscalators=05.03.2025-29.04.2025}]";"действует";"[Geometry[type=Point, coordinates=[37.60788255, 55.63993504]]]";"{type=Point, coordinates=[37.60788255, 55.63993504]}";"1774032";
"";"";"Сходненская, вход-выход 8 в вестибюль 1";"8";"да";"Северо-Западный административный округ";"район Южное Тушино";"37.43935774";"55.84928697";"подземный";"Сходненская";"Таганско-Краснопресненская линия";"не является объектом культурного наследия";"открытие в 05:30:00; закрытие в 01:00:00; первый поезд по 1 пути в 05:42:00, по 2 пути в 05:51:00; последний поезд по 1 пути в 01:04:00, по 2 пути в 02:00:00";"открытие в 05:30:00; закрытие в 01:00:00; первый поезд по 1 пути в 05:41:00, по 2 пути в 05:50:00; последний поезд по 1 пути в 01:04:00, по 2 пути в 02:00:00";"";"";"6";"[]";"действует";"[Geometry[type=Point, coordinates=[37.43935774, 55.84928697]]]";"{type=Point, coordinates=[37.43935774, 55.84928697]}";"1774036";
"";"";"Сходненская, вход-выход 3 в вестибюль 2";"3";"да";"Северо-Западный административный округ";"район Северное Тушино";"37.43996928";"55.85175189";"подземный";"Сходненская";"Таганско-Краснопресненская линия";"не является объектом культурного наследия";"открытие в 05:30:00; закрытие в 01:00:00; первый поезд по 1 пути в 05:42:00, по 2 пути в 05:51:00; последний поезд по 1 пути в 01:04:00, по 2 пути в 02:00:00";"открытие в 05:30:00; закрытие в 01:00:00; первый поезд по 1 пути в 05:41:00, по 2 пути в 05:50:00; последний поезд по 1 пути в 01:04:00, по 2 пути в 02:00:00";"";"";"5";"[]";"действует";"[Geometry[type=Point, coordinates=[37.43996928, 55.85175189]]]";"{type=Point, coordinates=[37.43996928, 55.85175189]}";"1774037";
"";"";"Сходненская, вход-выход 4 в вестибюль 2";"4";"да";"Северо-Западный административный округ";"район Северное Тушино";"37.44034479";"55.85154669";"подземный";"Сходненская";"Таганско-Краснопресненская линия";"не является объектом культурного наследия";"открытие в 05:30:00; закрытие в 01:00:00; первый поезд по 1 пути в 05:42:00, по 2 пути в 05:51:00; последний поезд по 1 пути в 01:04:00, по 2 пути в 02:00:00";"открытие в 05:30:00; закрытие в 01:00:00; первый поезд по 1 пути в 05:41:00, по 2 пути в 05:50:00; последний поезд по 1 пути в 01:04:00, по 2 пути в 02:00:00";"";"";"5";"[]";"действует";"[Geometry[type=Point, coordinates=[37.44034479, 55.85154669]]]";"{type=Point, coordinates=[37.44034479, 55.85154669]}";"1774038";
"";"";"Сходненская, вход-выход 5 в вестибюль 1";"5";"да";"Северо-Западный административный округ";"район Южное Тушино";"37.44067739";"55.84976624";"подземный";"Сходненская";"Таганско-Краснопресненская линия";"не является объектом культурного наследия";"открытие в 05:30:00; закрытие в 01:00:00; первый поезд по 1 пути в 05:42:00, по 2 пути в 05:51:00; последний поезд по 1 пути в 01:04:00, по 2 пути в 02:00:00";"открытие в 05:30:00; закрытие в 01:00:00; первый поезд по 1 пути в 05:41:00, по 2 пути в 05:50:00; последний поезд по 1 пути в 01:04:00, по 2 пути в 02:00:00";"";"";"6";"[]";"действует";"[Geometry[type=Point, coordinates=[37.44067739, 55.84976624]]]";"{type=Point, coordinates=[37.44067739, 55.84976624]}";"1774039";
"";"";"Сходненская, вход-выход 7 в вестибюль 1";"7";"да";"Северо-Западный административный округ";"район Южное Тушино";"37.44066666";"55.84923265";"подземный";"Сходненская";"Таганско-Краснопресненская линия";"не является объектом культурного наследия";"открытие в 05:30:00; закрытие в 01:00:00; первый поезд по 1 пути в 05:42:00, по 2 пути в 05:51:00; последний поезд по 1 пути в 01:04:00, по 2 пути в 02:00:00";"открытие в 05:30:00; закрытие в 01:00:00; первый поезд по 1 пути в 05:41:00, по 2 пути в 05:50:00; последний поезд по 1 пути в 01:04:00, по 2 пути в 02:00:00";"";"";"6";"[]";"действует";"[Geometry[type=Point, coordinates=[37.44066666, 55.84923265]]]";"{type=Point, coordinates=[37.44066666, 55.84923265]}";"1774040";
"";"";"Сходненская, вход-выход 6 в вестибюль 1";"6";"да";"Северо-Западный административный округ";"район Южное Тушино";"37.44106363";"55.84960686";"подземный";"Сходненская";"Таганско-Краснопресненская линия";"не является объектом культурного наследия";"открытие в 05:30:00; закрытие в 01:00:00; первый поезд по 1 пути в 05:42:00, по 2 пути в 05:51:00; последний поезд по 1 пути в 01:04:00, по 2 пути в 02:00:00";"открытие в 05:30:00; закрытие в 01:00:00; первый поезд по 1 пути в 05:41:00, по 2 пути в 05:50:00; последний поезд по 1 пути в 01:04:00, по 2 пути в 02:00:00";"";"";"6";"[]";"действует";"[Geometry[type=Point, coordinates=[37.44106363, 55.84960686]]]";"{type=Point, coordinates=[37.44106363, 55.84960686]}";"1774041";
"";"";"Таганская, вход-выход 2 в вестибюль";"2";"да";"Центральный административный округ";"Таганский район";"37.65298152";"55.73927912";"подземный";"Таганская";"Таганско-Краснопресненская линия";"не является объектом культурного наследия";"открытие в 05:30:00; закрытие в 01:00:00; первый поезд по 1 пути в 05:53:00, по 2 пути в 05:53:00; последний поезд по 1 пути в 01:35:00, по 2 пути в 01:30:00";"открытие в 05:30:00; закрытие в 01:00:00; первый поезд по 1 пути в 05:48:00, по 2 пути в 05:51:00; последний поезд по 1 пути в 01:35:00, по 2 пути в 01:30:00";"";"";"2";"[]";"действует";"[Geometry[type=Point, coordinates=[37.65298152, 55.73927912]]]";"{type=Point, coordinates=[37.65298152, 55.73927912]}";"1774042";
"";"";"Таганская, вход-выход 3 в вестибюль";"3";"да";"Центральный административный округ";"Таганский район";"37.65339994";"55.73970887";"подземный";"Таганская";"Таганско-Краснопресненская линия";"не является объектом культурного наследия";"открытие в 05:30:00; закрытие в 01:00:00; первый поезд по 1 пути в 05:53:00, по 2 пути в 05:53:00; последний поезд по 1 пути в 01:35:00, по 2 пути в 01:30:00";"открытие в 05:30:00; закрытие в 01:00:00; первый поезд по 1 пути в 05:48:00, по 2 пути в 05:51:00; последний поезд по 1 пути в 01:35:00, по 2 пути в 01:30:00";"";"";"2";"[]";"действует";"[Geometry[type=Point, coordinates=[37.65339994, 55.73970887]]]";"{type=Point, coordinates=[37.65339994, 55.73970887]}";"1774043";
"";"";"Таганская, вход-выход 4 в вестибюль";"4";"да";"Центральный административный округ";"Таганский район";"37.65359843";"55.73944860";"подземный";"Таганская";"Таганско-Краснопресненская линия";"не является объектом культурного наследия";"открытие в 05:30:00; закрытие в 01:00:00; первый поезд по 1 пути в 05:53:00, по 2 пути в 05:53:00; последний поезд по 1 пути в 01:35:00, по 2 пути в 01:30:00";"открытие в 05:30:00; закрытие в 01:00:00; первый поезд по 1 пути в 05:48:00, по 2 пути в 05:51:00; последний поезд по 1 пути в 01:35:00, по 2 пути в 01:30:00";"";"";"2";"[]";"действует";"[Geometry[type=Point, coordinates=[37.65359843, 55.7394486]]]";"{type=Point, coordinates=[37.65359843, 55.7394486]}";"1774044";
"";"";"Чистые пруды, вход 2 в вестибюль";"2";"да";"Центральный административный округ";"Басманный район";"37.63825287";"55.76501439";"наземный отдельностоящий";"Чистые пруды";"Сокольническая линия";"объект культурного наследия регионального значения";"открытие в 05:30:00; закрытие в 01:00:00; первый поезд по 1 пути в 05:36:00, по 2 пути в 06:00:00; последний поезд по 1 пути в 01:19:00, по 2 пути в 01:52:00";"открытие в 05:30:00; закрытие в 01:00:00; первый поезд по 1 пути в 05:36:00, по 2 пути в 06:00:00; последний поезд по 1 пути в 01:19:00, по 2 пути в 01:52:00";"";"";"3";"[{global_id=3354, RepairOfEscalators=11.09.2023-30.11.2023}]";"действует";"[Geometry[type=Point, coordinates=[37.63825287, 55.76501439]]]";"{type=Point, coordinates=[37.63825287, 55.76501439]}";"1774045";
"";"";"Шоссе Энтузиастов, вход-выход 4 в вестибюль";"4";"да";"Восточный административный округ";"район Соколиная Гора";"37.75167778";"55.75853290";"подземный";"Шоссе Энтузиастов";"Калининская линия";"не является объектом культурного наследия";"открытие в 05:30:00; закрытие в 01:00:00; первый поезд по 1 пути в 05:38:00, по 2 пути в 05:52:00; последний поезд по 1 пути в 01:13:00, по 2 пути в 01:13:00";"открытие в 05:30:00; закрытие в 01:00:00; первый поезд по 1 пути в 05:38:00, по 2 пути в 05:52:00; последний поезд по 1 пути в 01:13:00, по 2 пути в 01:13:00";"";"";"6";"[{global_id=2973, RepairOfEscalators=20.10.2022-01.03.2024}, {global_id=3664, RepairOfEscalators=30.03.2024-28.06.2024}, {global_id=3770, RepairOfEscalators=08.07.2024-31.07.2024}, {global_id=3853, RepairOfEscalators=31.07.2024-12.08.2024}, {global_id=3857, RepairOfEscalators=12.08.2024-30.08.2024}, {global_id=3877, RepairOfEscalators=02.09.2024-28.12.2024}, {global_id=4045, RepairOfEscalators=17.01.2025-30.09.2025}]";"действует";"[Geometry[type=Point, coordinates=[37.75167778, 55.7585329]]]";"{type=Point, coordinates=[37.75167778, 55.7585329]}";"1774046";
"";"";"Таганская, вход-выход 1 в вестибюль";"1";"да";"Центральный административный округ";"Таганский район";"37.65363339";"55.74236743";"подземный";"Таганская";"Кольцевая линия";"не является объектом культурного наследия";"открытие в 05:30:00; закрытие в 01:00:00; первый поезд по 1 пути в 05:48:00, по 2 пути в 05:50:00; последний поезд по 1 пути в 01:32:00, по 2 пути в 01:26:00";"открытие в 05:30:00; закрытие в 01:00:00; первый поезд по 1 пути в 05:50:00, по 2 пути в 05:48:00; последний поезд по 1 пути в 01:38:00, по 2 пути в 01:24:00";"";"";"3";"[]";"действует";"[Geometry[type=Point, coordinates=[37.65363339, 55.74236743]]]";"{type=Point, coordinates=[37.65363339, 55.74236743]}";"1774047";
"";"";"Текстильщики, вход-выход 5 в западный вестибюль";"5";"да";"Юго-Восточный административный округ";"район Текстильщики";"37.73003727";"55.70823387";"подземный";"Текстильщики";"Таганско-Краснопресненская линия";"не является объектом культурного наследия";"открытие в 05:30:00; закрытие в 01:00:00; первый поезд по 1 пути в 06:01:00, по 2 пути в 05:41:00; последний поезд по 1 пути в 01:44:00, по 2 пути в 01:21:00";"открытие в 05:30:00; закрытие в 01:00:00; первый поезд по 1 пути в 05:57:00, по 2 пути в 05:41:00; последний поезд по 1 пути в 01:44:00, по 2 пути в 01:21:00";"";"";"5";"[{global_id=2939, RepairOfEscalators=07.09.2022-07.12.2022}, {global_id=3382, RepairOfEscalators=06.10.2023-09.10.2023}, {global_id=3404, RepairOfEscalators=23.10.2023-22.12.2023}, {global_id=3413, RepairOfEscalators=20.10.2023-22.10.2023}, {global_id=3508, RepairOfEscalators=24.01.2024-13.03.2024}, {global_id=3837, RepairOfEscalators=12.08.2024-29.08.2024}]";"действует";"[Geometry[type=Point, coordinates=[37.73003727, 55.70823387]]]";"{type=Point, coordinates=[37.73003727, 55.70823387]}";"1774049";
"";"";"Текстильщики, вход-выход 2 в восточный вестибюль";"2";"да";"Юго-Восточный административный округ";"район Текстильщики";"37.73363679";"55.70896381";"подземный";"Текстильщики";"Таганско-Краснопресненская линия";"не является объектом культурного наследия";"открытие в 05:30:00; закрытие в 01:00:00; первый поезд по 1 пути в 06:01:00, по 2 пути в 05:41:00; последний поезд по 1 пути в 01:44:00, по 2 пути в 01:21:00";"открытие в 05:30:00; закрытие в 01:00:00; первый поезд по 1 пути в 05:57:00, по 2 пути в 05:41:00; последний поезд по 1 пути в 01:44:00, по 2 пути в 01:21:00";"";"";"5";"[{global_id=3232, RepairOfEscalators=06.07.2023-20.10.2023}, {global_id=3919, RepairOfEscalators=04.10.2024-05.10.2024}]";"действует";"[Geometry[type=Point, coordinates=[37.73363679, 55.70896381]]]";"{type=Point, coordinates=[37.73363679, 55.70896381]}";"1774050";
"";"";"Текстильщики, вход-выход 3 в восточный вестибюль";"3";"да";"Юго-Восточный административный округ";"район Текстильщики";"37.73315399";"55.70953927";"подземный";"Текстильщики";"Таганско-Краснопресненская линия";"не является объектом культурного наследия";"открытие в 05:30:00; закрытие в 01:00:00; первый поезд по 1 пути в 06:01:00, по 2 пути в 05:41:00; последний поезд по 1 пути в 01:44:00, по 2 пути в 01:21:00";"открытие в 05:30:00; закрытие в 01:00:00; первый поезд по 1 пути в 05:57:00, по 2 пути в 05:41:00; последний поезд по 1 пути в 01:44:00, по 2 пути в 01:21:00";"";"";"5";"[{global_id=3233, RepairOfEscalators=06.07.2023-20.10.2023}, {global_id=3920, RepairOfEscalators=04.10.2024-05.10.2024}]";"действует";"[Geometry[type=Point, coordinates=[37.73315399, 55.70953927]]]";"{type=Point, coordinates=[37.73315399, 55.70953927]}";"1774051";
"";"";"Текстильщики, вход-выход 1 в восточный вестибюль";"1";"да";"Юго-Восточный административный округ";"район Текстильщики";"37.73316472";"55.70896684";"подземный";"Текстильщики";"Таганско-Краснопресненская линия";"не является объектом культурного наследия";"открытие в 05:30:00; закрытие в 01:00:00; первый поезд по 1 пути в 06:01:00, по 2 пути в 05:41:00; последний поезд по 1 пути в 01:44:00, по 2 пути в 01:21:00";"открытие в 05:30:00; закрытие в 01:00:00; первый поезд по 1 пути в 05:57:00, по 2 пути в 05:41:00; последний поезд по 1 пути в 01:44:00, по 2 пути в 01:21:00";"";"";"5";"[{global_id=3231, RepairOfEscalators=06.07.2023-20.10.2023}, {global_id=3918, RepairOfEscalators=04.10.2024-05.10.2024}]";"действует";"[Geometry[type=Point, coordinates=[37.73316472, 55.70896684]]]";"{type=Point, coordinates=[37.73316472, 55.70896684]}";"1774053";
"";"";"Домодедовская, вход-выход 1 в южный вестибюль";"1";"да";"Южный административный округ";"район Орехово-Борисово Северное";"37.72086138";"55.61158722";"подземный";"Домодедовская";"Замоскворецкая линия";"не является объектом культурного наследия";"открытие в 05:25:00; закрытие в 01:00:00; первый поезд по 1 пути в 05:32:00, по 2 пути в 05:59:00; последний поезд по 1 пути в 01:10:00, по 2 пути в 01:59:00";"открытие в 05:25:00; закрытие в 01:00:00; первый поезд по 1 пути в 05:32:00, по 2 пути в 05:59:00; последний поезд по 1 пути в 01:10:00, по 2 пути в 01:59:00";"";"";"8";"[]";"действует";"[Geometry[type=Point, coordinates=[37.72086138, 55.61158722]]]";"{type=Point, coordinates=[37.72086138, 55.61158722]}";"1774054";
"";"";"Алма-Атинская, вход-выход 1 в южный вестибюль 1";"1";"да";"Южный административный округ";"район Братеево";"37.76594295";"55.63308462";"наземный отдельностоящий";"Алма-Атинская";"Замоскворецкая линия";"не является объектом культурного наследия";"открытие в 05:30:00; закрытие в 01:00:00; первый поезд по 1 пути в 05:47:00, последний поезд по 1 пути в 01:03:00";"открытие в 05:30:00; закрытие в 01:00:00; первый поезд по 1 пути в 05:47:00; последний поезд по 1 пути в 01:03:00";"";"";"3";"[{global_id=3403, RepairOfEscalators=25.10.2023-21.12.2023}, {global_id=3900, RepairOfEscalators=11.09.2024-28.11.2024}]";"действует";"[Geometry[type=Point, coordinates=[37.76594295, 55.63308462]]]";"{type=Point, coordinates=[37.76594295, 55.63308462]}";"1774055";
"";"";"Площадь Ильича, вход-выход 2 в вестибюль";"2";"да";"Центральный административный округ";"Таганский район";"37.67885141";"55.74644321";"подземный";"Площадь Ильича";"Калининская линия";"не является объектом культурного наследия";"открытие в 05:30:00; закрытие в 01:00:00; первый поезд по 1 пути в 05:44:00, по 2 пути в 05:45:00; последний поезд по 1 пути в 01:19:00, по 2 пути в 01:08:00";"открытие в 05:30:00; закрытие в 01:00:00; первый поезд по 1 пути в 05:44:00, по 2 пути в 05:45:00; последний поезд по 1 пути в 01:19:00, по 2 пути в 01:08:00";"";"";"3";"[{global_id=2968, RepairOfEscalators=18.11.2022-30.12.2022}, {global_id=3443, RepairOfEscalators=17.01.2024-28.02.2024}, {global_id=3718, RepairOfEscalators=02.07.2024-15.10.2027}]";"действует";"[Geometry[type=Point, coordinates=[37.67885141, 55.74644321]]]";"{type=Point, coordinates=[37.67885141, 55.74644321]}";"1774056";
"";"";"Шоссе Энтузиастов, вход-выход 3 в вестибюль";"3";"да";"Восточный административный округ";"район Соколиная Гора";"37.75124863";"55.75845122";"подземный";"Шоссе Энтузиастов";"Калининская линия";"не является объектом культурного наследия";"открытие в 05:30:00; закрытие в 01:00:00; первый поезд по 1 пути в 05:38:45, по 2 пути в 05:52:45; последний поезд по 1 пути в 01:13:00, по 2 пути в 01:13:00";"открытие в 05:30:00; закрытие в 01:00:00; первый поезд по 1 пути в 05:38:00, по 2 пути в 05:52:00; последний поезд по 1 пути в 01:13:00, по 2 пути в 01:13:00";"";"";"6";"[{global_id=2972, RepairOfEscalators=20.10.2022-01.03.2024}, {global_id=3663, RepairOfEscalators=30.03.2024-28.06.2024}, {global_id=3769, RepairOfEscalators=08.07.2024-31.07.2024}, {global_id=3777, RepairOfEscalators=31.07.2024-12.08.2024}, {global_id=3856, RepairOfEscalators=12.08.2024-30.08.2024}, {global_id=3876, RepairOfEscalators=02.09.2024-28.12.2024}, {global_id=4044, RepairOfEscalators=17.01.2025-30.09.2025}]";"действует";"[Geometry[type=Point, coordinates=[37.75124863, 55.75845122]]]";"{type=Point, coordinates=[37.75124863, 55.75845122]}";"1774059";
"";"";"Шоссе Энтузиастов, вход-выход 2 в вестибюль";"2";"да";"Восточный административный округ";"район Соколиная Гора";"37.75173143";"55.75842948";"подземный";"Шоссе Энтузиастов";"Калининская линия";"не является объектом культурного наследия";"открытие в 05:30:00; закрытие в 01:00:00; первый поезд по 1 пути в 05:38:45, по 2 пути в 05:52:45; последний поезд по 1 пути в 01:13:00, по 2 пути в 01:13:00";"открытие в 05:30:00; закрытие в 01:00:00; первый поезд по 1 пути в 05:38:00, по 2 пути в 05:52:00; последний поезд по 1 пути в 01:13:00, по 2 пути в 01:13:00";"";"";"6";"[{global_id=2971, RepairOfEscalators=20.10.2022-01.03.2024}, {global_id=3662, RepairOfEscalators=30.03.2024-28.06.2024}, {global_id=3768, RepairOfEscalators=08.07.2024-31.07.2024}, {global_id=3776, RepairOfEscalators=31.07.2024-12.08.2024}, {global_id=3855, RepairOfEscalators=12.08.2024-30.08.2024}, {global_id=3875, RepairOfEscalators=02.09.2024-28.12.2024}, {global_id=4043, RepairOfEscalators=17.01.2025-30.09.2025}]";"действует";"[Geometry[type=Point, coordinates=[37.75173143, 55.75842948]]]";"{type=Point, coordinates=[37.75173143, 55.75842948]}";"1774060";
"";"";"Перово, вход-выход 7 в западный вестибюль";"7";"да";"Восточный административный округ";"район Перово";"37.78467775";"55.75127969";"подземный";"Перово";"Калининская линия";"не является объектом культурного наследия";"открытие в 05:25:00; закрытие в 01:00:00; первый поезд по 1 пути в 05:33:00, по 2 пути в 05:56:00; последний поезд по 1 пути в 01:09:00, по 2 пути в 01:17:00";"открытие в 05:25:00; закрытие в 01:00:00; первый поезд по 1 пути в 05:33:00, по 2 пути в 05:56:00; последний поезд по 1 пути в 01:09:00, по 2 пути в 01:17:00";"";"";"4";"[]";"действует";"[Geometry[type=Point, coordinates=[37.78467775, 55.75127969]]]";"{type=Point, coordinates=[37.78467775, 55.75127969]}";"1774061";
"";"";"Домодедовская, вход-выход 3 из южного вестибюля";"3";"да";"Южный административный округ";"район Орехово-Борисово Южное";"37.72039889";"55.61080419";"подземный";"Домодедовская";"Замоскворецкая линия";"не является объектом культурного наследия";"открытие в 05:25:00; закрытие в 01:00:00; первый поезд по 1 пути в 05:32:00, по 2 пути в 05:59:00; последний поезд по 1 пути в 01:10:00, по 2 пути в 01:59:00";"открытие в 05:25:00; закрытие в 01:00:00; первый поезд по 1 пути в 05:32:00, по 2 пути в 05:59:00; последний поезд по 1 пути в 01:10:00, по 2 пути в 01:59:00";"";"";"8";"[]";"действует";"[Geometry[type=Point, coordinates=[37.72039889, 55.61080419]]]";"{type=Point, coordinates=[37.72039889, 55.61080419]}";"1774062";
"";"";"Шаболовская, вход в вестибюль";"";"да";"Южный административный округ";"Донской район";"37.60815418";"55.71880140";"наземный отдельностоящий";"Шаболовская";"Калужско-Рижская линия";"не является объектом культурного наследия";"открытие в 05:30:00; закрытие в 01:00:00; первый поезд по 1 пути в 05:45:00, по 2 пути в 05:56:00; последний поезд по 1 пути в 01:28:00, по 2 пути в 01:34:00";"открытие в 05:30:00; закрытие в 01:00:00; первый поезд по 1 пути в 05:45:00, по 2 пути в 05:56:00; последний поезд по 1 пути в 01:28:00, по 2 пути в 01:34:00";"";"";"4";"[{global_id=3040, RepairOfEscalators=03.12.2022-30.12.2022}, {global_id=3124, RepairOfEscalators=30.12.2022-31.07.2023}, {global_id=3292, RepairOfEscalators=31.07.2023-31.10.2023}]";"действует";"[Geometry[type=Point, coordinates=[37.60815418, 55.7188014]]]";"{type=Point, coordinates=[37.60815418, 55.7188014]}";"1774063";
"";"";"Шипиловская, вход-выход 5 в северный вестибюль";"5";"да";"Южный административный округ";"район Зябликово";"37.74387753";"55.62224226";"подземный";"Шипиловская";"Люблинско-Дмитровская линия";"не является объектом культурного наследия";"открытие в 05:30:00; закрытие в 01:00:00; первый поезд по 1 пути в 05:51:00, по 2 пути в 05:47:00; последний поезд по 1 пути в 02:07:00, по 2 пути в 01:04:00";"открытие в 05:30:00; закрытие в 01:00:00; первый поезд по 1 пути в 05:46:00, по 2 пути в 05:42:00; последний поезд по 1 пути в 02:07:00, по 2 пути в 01:04:00";"";"";"2";"[]";"действует";"[Geometry[type=Point, coordinates=[37.74387753, 55.62224226]]]";"{type=Point, coordinates=[37.74387753, 55.62224226]}";"1774064";
"";"";"Шипиловская, вход-выход 1 в южный вестибюль";"1";"да";"Южный административный округ";"район Зябликово";"37.74417794";"55.62037424";"подземный";"Шипиловская";"Люблинско-Дмитровская линия";"не является объектом культурного наследия";"открытие в 05:30:00; закрытие в 01:00:00; первый поезд по 1 пути в 05:51:00, по 2 пути в 05:47:00; последний поезд по 1 пути в 02:07:00, по 2 пути в 01:04:00";"открытие в 05:30:00; закрытие в 01:00:00; первый поезд по 1 пути в 05:46:00, по 2 пути в 05:42:00; последний поезд по 1 пути в 02:07:00, по 2 пути в 01:04:00";"";"";"4";"[{global_id=3421, RepairOfEscalators=02.11.2023-26.12.2023}, {global_id=4014, RepairOfEscalators=05.02.2025-31.03.2025}, {global_id=4055, RepairOfEscalators=02.04.2025-29.05.2025}]";"действует";"[Geometry[type=Point, coordinates=[37.74417794, 55.62037424]]]";"{type=Point, coordinates=[37.74417794, 55.62037424]}";"1774065";
"";"";"Шипиловская, вход-выход 4 в северный вестибюль";"4";"да";"Южный административный округ";"район Зябликово";"37.74240232";"55.62208992";"подземный";"Шипиловская";"Люблинско-Дмитровская линия";"не является объектом культурного наследия";"открытие в 05:30:00; закрытие в 01:00:00; первый поезд по 1 пути в 05:51:00, по 2 пути в 05:47:00; последний поезд по 1 пути в 02:07:00, по 2 пути в 01:04:00";"открытие в 05:30:00; закрытие в 01:00:00; первый поезд по 1 пути в 05:46:00, по 2 пути в 05:42:00; последний поезд по 1 пути в 02:07:00, по 2 пути в 01:04:00";"";"";"2";"[]";"действует";"[Geometry[type=Point, coordinates=[37.74240232, 55.62208992]]]";"{type=Point, coordinates=[37.74240232, 55.62208992]}";"1774066";
"";"";"Щёлковская, вход-выход 4 в северный вестибюль";"4";"да";"Восточный административный округ";"район Северное Измайлово";"37.79933636";"55.80996159";"подземный";"Щёлковская";"Арбатско-Покровская линия";"не является объектом культурного наследия";"открытие в 05:30:00; закрытие в 01:00:00; первый поезд по 1 пути в 05:40:00; последний поезд по 1 пути в 01:03:00";"открытие в 05:30:00; закрытие в 01:00:00; первый поезд по 1 пути в 05:58:00; последний поезд по 1 пути в 01:03:00";"";"";"9";"[]";"действует";"[Geometry[type=Point, coordinates=[37.79933636, 55.80996159]]]";"{type=Point, coordinates=[37.79933636, 55.80996159]}";"1774067";
"";"";"Щёлковская, вход-выход 1 в северный вестибюль";"1";"да";"Восточный административный округ";"район Северное Измайлово";"37.79831712";"55.80975617";"подземный";"Щёлковская";"Арбатско-Покровская линия";"не является объектом культурного наследия";"открытие в 05:30:00; закрытие в 01:00:00; первый поезд по 1 пути в 05:40:00; последний поезд по 1 пути в 01:03:00";"открытие в 05:30:00; закрытие в 01:00:00; первый поезд по 1 пути в 05:58:00; последний поезд по 1 пути в 01:03:00";"";"";"9";"[]";"действует";"[Geometry[type=Point, coordinates=[37.79831712, 55.80975617]]]";"{type=Point, coordinates=[37.79831712, 55.80975617]}";"1774068";
"";"";"Щёлковская, вход-выход 6 в южный вестибюль";"6";"да";"Восточный административный округ";"район Северное Измайлово";"37.79842441";"55.80835641";"подземный";"Щёлковская";"Арбатско-Покровская линия";"не является объектом культурного наследия";"открытие в 05:30:00; закрытие в 01:00:00; первый поезд по 1 пути в 05:40:00; последний поезд по 1 пути в 01:03:00";"открытие в 05:30:00; закрытие в 01:00:00; первый поезд по 1 пути в 05:58:00; последний поезд по 1 пути в 01:03:00";"";"";"3";"[]";"действует";"[Geometry[type=Point, coordinates=[37.79842441, 55.80835641]]]";"{type=Point, coordinates=[37.79842441, 55.80835641]}";"1774069";
"";"";"Щёлковская, вход-выход 3 в северный вестибюль";"3";"да";"Восточный административный округ";"район Гольяново";"37.79882138";"55.81067852";"подземный";"Щёлковская";"Арбатско-Покровская линия";"не является объектом культурного наследия";"открытие в 05:30:00; закрытие в 01:00:00; первый поезд по 1 пути в 05:40:00; последний поезд по 1 пути в 01:03:00";"открытие в 05:30:00; закрытие в 01:00:00; первый поезд по 1 пути в 05:58:00; последний поезд по 1 пути в 01:03:00";"";"";"9";"[]";"действует";"[Geometry[type=Point, coordinates=[37.79882138, 55.81067852]]]";"{type=Point, coordinates=[37.79882138, 55.81067852]}";"1774070";
"";"";"Щёлковская, вход-выход 2 в северный вестибюль";"2";"да";"Восточный административный округ";"район Гольяново";"37.79826348";"55.81063623";"подземный";"Щёлковская";"Арбатско-Покровская линия";"не является объектом культурного наследия";"открытие в 05:30:00; закрытие в 01:00:00; первый поезд по 1 пути в 05:40:00; последний поезд по 1 пути в 01:03:00";"открытие в 05:30:00; закрытие в 01:00:00; первый поезд по 1 пути в 05:58:00; последний поезд по 1 пути в 01:03:00";"";"";"9";"[]";"действует";"[Geometry[type=Point, coordinates=[37.79826348, 55.81063623]]]";"{type=Point, coordinates=[37.79826348, 55.81063623]}";"1774071";
"";"";"Щёлковская, вход-выход 5 в южный вестибюль";"5";"да";"Восточный административный округ";"район Северное Измайлово";"37.79885893";"55.80835943";"подземный";"Щёлковская";"Арбатско-Покровская линия";"не является объектом культурного наследия";"открытие в 05:30:00; закрытие в 01:00:00; первый поезд по 1 пути в 05:40:00; последний поезд по 1 пути в 01:03:00";"открытие в 05:30:00; закрытие в 01:00:00; первый поезд по 1 пути в 05:58:00; последний поезд по 1 пути в 01:03:00";"";"";"3";"[]";"действует";"[Geometry[type=Point, coordinates=[37.79885893, 55.80835943]]]";"{type=Point, coordinates=[37.79885893, 55.80835943]}";"1774072";
"";"";"Щукинская, вход-выход 1 в вестибюль 2";"1";"да";"Северо-Западный административный округ";"район Щукино";"37.46270769";"55.80913462";"подземный";"Щукинская";"Таганско-Краснопресненская линия";"не является объектом культурного наследия";"открытие в 05:30:00; закрытие в 01:00:00; первый поезд по 1 пути в 05:51:00, по 2 пути в 05:43:00; последний поезд по 1 пути в 01:12:00, по 2 пути в 01:53:00";"открытие в 05:30:00; закрытие в 01:00:00; первый поезд по 1 пути в 05:50:00, по 2 пути в 05:42:00; последний поезд по 1 пути в 01:12:00, по 2 пути в 01:53:00";"";"";"4";"[{global_id=3647, RepairOfEscalators=25.03.2024-27.03.2024}]";"действует";"[Geometry[type=Point, coordinates=[37.46270769, 55.80913462]]]";"{type=Point, coordinates=[37.46270769, 55.80913462]}";"1774073";
"";"";"Щукинская, вход-выход 2 в вестибюль 2";"2";"да";"Северо-Западный административный округ";"район Щукино";"37.46320121";"55.80948505";"подземный";"Щукинская";"Таганско-Краснопресненская линия";"не является объектом культурного наследия";"открытие в 05:30:00; закрытие в 01:00:00; первый поезд по 1 пути в 05:51:00, по 2 пути в 05:43:00; последний поезд по 1 пути в 01:12:00, по 2 пути в 01:53:00";"открытие в 05:30:00; закрытие в 01:00:00; первый поезд по 1 пути в 05:50:00, по 2 пути в 05:42:00; последний поезд по 1 пути в 01:12:00, по 2 пути в 01:53:00";"";"";"4";"[]";"действует";"[Geometry[type=Point, coordinates=[37.46320121, 55.80948505]]]";"{type=Point, coordinates=[37.46320121, 55.80948505]}";"1774074";
"";"";"Щукинская, вход-выход 4 в вестибюль 1";"4";"да";"Северо-Западный административный округ";"район Щукино";"37.46542638";"55.80774914";"подземный";"Щукинская";"Таганско-Краснопресненская линия";"не является объектом культурного наследия";"открытие в 05:30:00; закрытие в 01:00:00; первый поезд по 1 пути в 05:51:00, по 2 пути в 05:43:00; последний поезд по 1 пути в 01:12:00, по 2 пути в 01:53:00";"открытие в 05:30:00; закрытие в 01:00:00; первый поезд по 1 пути в 05:50:00, по 2 пути в 05:42:00; последний поезд по 1 пути в 01:12:00, по 2 пути в 01:53:00";"";"";"3";"[{global_id=3606, RepairOfEscalators=25.03.2024-09.04.2024}]";"действует";"[Geometry[type=Point, coordinates=[37.46542638, 55.80774914]]]";"{type=Point, coordinates=[37.46542638, 55.80774914]}";"1774075";
"";"";"Щукинская, вход-выход 3 в вестибюль 1";"3";"да";"Северо-Западный административный округ";"район Щукино";"37.46590382";"55.80804219";"подземный";"Щукинская";"Таганско-Краснопресненская линия";"не является объектом культурного наследия";"открытие в 05:30:00; закрытие в 01:00:00; первый поезд по 1 пути в 05:51:00, по 2 пути в 05:43:00; последний поезд по 1 пути в 01:12:00, по 2 пути в 01:53:00";"открытие в 05:30:00; закрытие в 01:00:00; первый поезд по 1 пути в 05:50:00, по 2 пути в 05:42:00; последний поезд по 1 пути в 01:12:00, по 2 пути в 01:53:00";"";"";"3";"[{global_id=3605, RepairOfEscalators=25.03.2024-09.04.2024}]";"действует";"[Geometry[type=Point, coordinates=[37.46590382, 55.80804219]]]";"{type=Point, coordinates=[37.46590382, 55.80804219]}";"1774076";
"";"";"Электрозаводская, вход-выход 1 в вестибюль";"1";"да";"Восточный административный округ";"район Соколиная Гора";"37.70537507";"55.78208775";"наземный отдельностоящий";"Электрозаводская";"Арбатско-Покровская линия";"объект культурного наследия регионального значения";"открытие в 05:30:00; закрытие в 01:00:00; первый поезд по 1 пути в 05:35:00, по 2 пути в 05:56:00; последний поезд по 1 пути в 01:16:00, по 2 пути в 01:53:00";"открытие в 05:30:00; закрытие в 01:00:00; первый поезд по 1 пути в 05:35:00, по 2 пути в 05:56:00; последний поезд по 1 пути в 01:16:00, по 2 пути в 01:53:00";"";"";"2";"[]";"действует";"[Geometry[type=Point, coordinates=[37.70537507, 55.78208775]]]";"{type=Point, coordinates=[37.70537507, 55.78208775]}";"1774077";
"";"";"Юго-Западная, вход-выход 3 в южный вестибюль";"3";"да";"Западный административный округ";"район Тропарёво-Никулино";"37.48207107";"55.66277150";"подземный";"Юго-Западная";"Сокольническая линия";"не является объектом культурного наследия";"открытие в 05:30:00; закрытие в 01:00:00; первый поезд по 1 пути в 05:54:00, по 2 пути в 05:58:00; последний поезд по 1 пути в 01:44:00, по 2 пути в 01:27:00";"открытие в 05:30:00; закрытие в 01:00:00; первый поезд по 1 пути в 05:46:00, по 2 пути в 05:41:00; последний поезд по 1 пути в 01:44:00, по 2 пути в 01:27:00";"";"";"5";"[]";"действует";"[Geometry[type=Point, coordinates=[37.48207107, 55.6627715]]]";"{type=Point, coordinates=[37.48207107, 55.6627715]}";"1774078";
"";"";"Юго-Западная, вход-выход 4 в южный вестибюль";"4";"да";"Западный административный округ";"район Тропарёво-Никулино";"37.48218373";"55.66303835";"подземный";"Юго-Западная";"Сокольническая линия";"не является объектом культурного наследия";"открытие в 05:30:00; закрытие в 01:00:00; первый поезд по 1 пути в 05:54:00, по 2 пути в 05:58:00; последний поезд по 1 пути в 01:44:00, по 2 пути в 01:27:00";"открытие в 05:30:00; закрытие в 01:00:00; первый поезд по 1 пути в 05:46:00, по 2 пути в 05:41:00; последний поезд по 1 пути в 01:44:00, по 2 пути в 01:27:00";"";"";"5";"[]";"действует";"[Geometry[type=Point, coordinates=[37.48218373, 55.66303835]]]";"{type=Point, coordinates=[37.48218373, 55.66303835]}";"1774079";
"";"";"Юго-Западная, вход-выход 2 в южный вестибюль";"2";"да";"Западный административный округ";"район Тропарёво-Никулино";"37.48313859";"55.66254407";"подземный";"Юго-Западная";"Сокольническая линия";"не является объектом культурного наследия";"открытие в 05:30:00; закрытие в 01:00:00; первый поезд по 1 пути в 05:54:00, по 2 пути в 05:58:00; последний поезд по 1 пути в 01:44:00, по 2 пути в 01:27:00";"открытие в 05:30:00; закрытие в 01:00:00; первый поезд по 1 пути в 05:46:00, по 2 пути в 05:41:00; последний поезд по 1 пути в 01:44:00, по 2 пути в 01:27:00";"";"";"5";"[]";"действует";"[Geometry[type=Point, coordinates=[37.48313859, 55.66254407]]]";"{type=Point, coordinates=[37.48313859, 55.66254407]}";"1774080";
"";"";"Юго-Западная, вход-выход 7 в северный вестибюль";"7";"да";"Западный административный округ";"район Тропарёво-Никулино";"37.48434811";"55.66459474";"подземный";"Юго-Западная";"Сокольническая линия";"не является объектом культурного наследия";"открытие в 05:30:00; закрытие в 01:00:00; первый поезд по 1 пути в 05:54:00, по 2 пути в 05:58:00; последний поезд по 1 пути в 01:44:00, по 2 пути в 01:27:00";"открытие в 05:30:00; закрытие в 01:00:00; первый поезд по 1 пути в 05:46:00, по 2 пути в 05:41:00; последний поезд по 1 пути в 01:44:00, по 2 пути в 01:27:00";"";"";"3";"[]";"действует";"[Geometry[type=Point, coordinates=[37.48434811, 55.66459474]]]";"{type=Point, coordinates=[37.48434811, 55.66459474]}";"1774081";
"";"";"Юго-Западная, вход-выход 8 в северный вестибюль";"8";"да";"Западный административный округ";"район Тропарёво-Никулино";"37.48418718";"55.66432487";"подземный";"Юго-Западная";"Сокольническая линия";"не является объектом культурного наследия";"открытие в 05:30:00; закрытие в 01:00:00; первый поезд по 1 пути в 05:54:00, по 2 пути в 05:58:00; последний поезд по 1 пути в 01:44:00, по 2 пути в 01:27:00";"открытие в 05:30:00; закрытие в 01:00:00; первый поезд по 1 пути в 05:46:00, по 2 пути в 05:41:00; последний поезд по 1 пути в 01:44:00, по 2 пути в 01:27:00";"";"";"3";"[]";"действует";"[Geometry[type=Point, coordinates=[37.48418718, 55.66432487]]]";"{type=Point, coordinates=[37.48418718, 55.66432487]}";"1774082";
"";"";"Юго-Западная, вход-выход 1 в южный вестибюль";"1";"да";"Западный административный округ";"район Тропарёво-Никулино";"37.48328343";"55.66279273";"подземный";"Юго-Западная";"Сокольническая линия";"не является объектом культурного наследия";"открытие в 05:30:00; закрытие в 01:00:00; первый поезд по 1 пути в 05:54:00, по 2 пути в 05:58:00; последний поезд по 1 пути в 01:44:00, по 2 пути в 01:27:00";"открытие в 05:30:00; закрытие в 01:00:00; первый поезд по 1 пути в 05:46:00, по 2 пути в 05:41:00; последний поезд по 1 пути в 01:44:00, по 2 пути в 01:27:00";"";"";"5";"[]";"действует";"[Geometry[type=Point, coordinates=[37.48328343, 55.66279273]]]";"{type=Point, coordinates=[37.48328343, 55.66279273]}";"1774083";
"";"";"Юго-Западная, вход-выход 5 в северный вестибюль";"5";"да";"Западный административный округ";"район Тропарёво-Никулино";"37.48315721";"55.66455778";"подземный";"Юго-Западная";"Сокольническая линия";"не является объектом культурного наследия";"открытие в 05:30:00; закрытие в 01:00:00; первый поезд по 1 пути в 05:54:00, по 2 пути в 05:58:00; последний поезд по 1 пути в 01:44:00, по 2 пути в 01:27:00";"открытие в 05:30:00; закрытие в 01:00:00; первый поезд по 1 пути в 05:46:00, по 2 пути в 05:41:00; последний поезд по 1 пути в 01:44:00, по 2 пути в 01:27:00";"";"";"3";"[]";"действует";"[Geometry[type=Point, coordinates=[37.48315721, 55.66455778]]]";"{type=Point, coordinates=[37.48315721, 55.66455778]}";"1774084";
"";"";"Юго-Западная, вход-выход 6 в северный вестибюль";"6";"да";"Западный административный округ";"район Тропарёво-Никулино";"37.48340398";"55.66480945";"подземный";"Юго-Западная";"Сокольническая линия";"не является объектом культурного наследия";"открытие в 05:30:00; закрытие в 01:00:00; первый поезд по 1 пути в 05:54:00, по 2 пути в 05:58:00; последний поезд по 1 пути в 01:44:00, по 2 пути в 01:27:00";"открытие в 05:30:00; закрытие в 01:00:00; первый поезд по 1 пути в 05:46:00, по 2 пути в 05:41:00; последний поезд по 1 пути в 01:44:00, по 2 пути в 01:27:00";"";"";"3";"[]";"действует";"[Geometry[type=Point, coordinates=[37.48340398, 55.66480945]]]";"{type=Point, coordinates=[37.48340398, 55.66480945]}";"1774085";
"";"";"Южная, вход-выход 4 в южный вестибюль";"4";"да";"Южный административный округ";"район Чертаново Центральное";"37.60763935";"55.62145472";"подземный";"Южная";"Серпуховско-Тимирязевская линия";"не является объектом культурного наследия";"открытие в 05:30:00; закрытие в 01:00:00; первый поезд по 1 пути в 05:40:00, по 2 пути в 06:03:00; последний поезд по 1 пути в 01:11:00, по 2 пути в 01:51:00";"открытие в 05:30:00; закрытие в 01:00:00; первый поезд по 1 пути в 05:44:00, по 2 пути в 05:44:00; последний поезд по 1 пути в 01:11:00, по 2 пути в 01:51:00";"";"";"2";"[{global_id=2917, RepairOfEscalators=05.08.2022-06.08.2022}, {global_id=3310, RepairOfEscalators=02.08.2023-15.09.2023}, {global_id=4021, RepairOfEscalators=12.02.2025-12.03.2025}, {global_id=4036, RepairOfEscalators=05.03.2025-28.03.2025}]";"действует";"[Geometry[type=Point, coordinates=[37.60763935, 55.62145472]]]";"{type=Point, coordinates=[37.60763935, 55.62145472]}";"1774086";
"";"";"Южная, вход-выход 6 в северный вестибюль";"6";"да";"Южный административный округ";"район Чертаново Северное";"37.60907970";"55.62361295";"подземный";"Южная";"Серпуховско-Тимирязевская линия";"не является объектом культурного наследия";"открытие в 05:30:00; закрытие в 01:00:00; первый поезд по 1 пути в 05:40:00, по 2 пути в 06:03:00; последний поезд по 1 пути в 01:11:00, по 2 пути в 01:51:00";"открытие в 05:30:00; закрытие в 01:00:00; первый поезд по 1 пути в 05:44:00, по 2 пути в 05:44:00; последний поезд по 1 пути в 01:11:00, по 2 пути в 01:51:00";"";"";"3";"[{global_id=3514, RepairOfEscalators=25.01.2024-12.03.2024}, {global_id=3929, RepairOfEscalators=06.11.2024-28.12.2024}]";"действует";"[Geometry[type=Point, coordinates=[37.6090797, 55.62361295]]]";"{type=Point, coordinates=[37.6090797, 55.62361295]}";"1774087";
"";"";"Южная, вход-выход 2 в южный вестибюль";"2";"да";"Южный административный округ";"район Чертаново Центральное";"37.60892145";"55.62097206";"подземный";"Южная";"Серпуховско-Тимирязевская линия";"не является объектом культурного наследия";"открытие в 05:30:00; закрытие в 01:00:00; первый поезд по 1 пути в 05:40:00, по 2 пути в 06:03:00; последний поезд по 1 пути в 01:11:00, по 2 пути в 01:51:00";"открытие в 05:30:00; закрытие в 01:00:00; первый поезд по 1 пути в 05:44:00, по 2 пути в 05:44:00; последний поезд по 1 пути в 01:11:00, по 2 пути в 01:51:00";"";"";"2";"[{global_id=2915, RepairOfEscalators=05.08.2022-06.08.2022}, {global_id=3308, RepairOfEscalators=02.08.2023-15.09.2023}, {global_id=4019, RepairOfEscalators=12.02.2025-12.03.2025}, {global_id=4034, RepairOfEscalators=05.03.2025-28.03.2025}]";"действует";"[Geometry[type=Point, coordinates=[37.60892145, 55.62097206]]]";"{type=Point, coordinates=[37.60892145, 55.62097206]}";"1774088";
"";"";"Южная, вход-выход 7 в северный вестибюль";"7";"да";"Южный административный округ";"район Чертаново Северное";"37.61005602";"55.62348603";"подземный";"Южная";"Серпуховско-Тимирязевская линия";"не является объектом культурного наследия";"открытие в 05:30:00; закрытие в 01:00:00; первый поезд по 1 пути в 05:40:00, по 2 пути в 06:03:00; последний поезд по 1 пути в 01:11:00, по 2 пути в 01:51:00";"открытие в 05:30:00; закрытие в 01:00:00; первый поезд по 1 пути в 05:44:00, по 2 пути в 05:44:00; последний поезд по 1 пути в 01:11:00, по 2 пути в 01:51:00";"";"";"3";"[{global_id=3515, RepairOfEscalators=25.01.2024-12.03.2024}, {global_id=3930, RepairOfEscalators=06.11.2024-28.12.2024}]";"действует";"[Geometry[type=Point, coordinates=[37.61005602, 55.62348603]]]";"{type=Point, coordinates=[37.61005602, 55.62348603]}";"1774089";
"";"";"Сретенский бульвар, вход-выход 8 в вестибюль";"8";"да";"Центральный административный округ";"Красносельский район";"37.63631469";"55.76630331";"подземный";"Сретенский бульвар";"Люблинско-Дмитровская линия";"не является объектом культурного наследия";"открытие в 05:30:00; закрытие в 01:00:00; первый поезд по 1 пути в 05:48:00, по 2 пути в 05:49:00; последний поезд по 1 пути в 01:34:00, по 2 пути в 01:38:00";"открытие в 05:30:00; закрытие в 01:00:00; первый поезд по 1 пути в 05:50:00, по 2 пути в 05:49:00; последний поезд по 1 пути в 01:34:00, по 2 пути в 01:38:00";"";"";"2";"[{global_id=3041, RepairOfEscalators=01.11.2022-30.12.2022}, {global_id=3849, RepairOfEscalators=19.08.2024-05.09.2024}, {global_id=3917, RepairOfEscalators=10.10.2024-28.11.2024}, {global_id=3963, RepairOfEscalators=15.01.2025-30.04.2025}]";"действует";"[Geometry[type=Point, coordinates=[37.63631469, 55.76630331]]]";"{type=Point, coordinates=[37.63631469, 55.76630331]}";"1774090";
"";"";"Савёловская, вход-выход 5 в вестибюль";"5";"да";"Северо-Восточный административный округ";"район Марьина Роща";"37.59005819";"55.79358111";"подземный";"Савёловская";"Серпуховско-Тимирязевская линия";"не является объектом культурного наследия";"открытие в 05:30:00; закрытие в 01:00:00; первый поезд по 1 пути в 06:00:00, по 2 пути в 05:39:00; последний поезд по 1 пути в 01:42:00, по 2 пути в 01:20:00";"открытие в 05:30:00; закрытие в 01:00:00; первый поезд по 1 пути в 06:00:00, по 2 пути в 05:39:00; последний поезд по 1 пути в 01:42:00, по 2 пути в 01:20:00";"";"";"9";"[{global_id=3071, RepairOfEscalators=13.09.2022-23.06.2023}, {global_id=3270, RepairOfEscalators=23.06.2023-18.07.2023}]";"действует";"[Geometry[type=Point, coordinates=[37.59005819, 55.79358111]]]";"{type=Point, coordinates=[37.59005819, 55.79358111]}";"1774092";
"";"";"Савёловская, вход-выход 6 в вестибюль 1";"6";"да";"Северный административный округ";"Савёловский район";"37.58519525";"55.79378936";"наземный отдельностоящий";"Савёловская";"Серпуховско-Тимирязевская линия";"не является объектом культурного наследия";"открытие в 05:30:00; закрытие в 01:00:00; первый поезд по 1 пути в 06:00:00, по 2 пути в 05:39:00; последний поезд по 1 пути в 01:42:00, по 2 пути в 01:20:00";"открытие в 05:30:00; закрытие в 01:00:00; первый поезд по 1 пути в 06:00:00, по 2 пути в 05:39:00; последний поезд по 1 пути в 01:42:00, по 2 пути в 01:20:00";"";"";"9";"[{global_id=3072, RepairOfEscalators=13.09.2022-23.06.2023}, {global_id=3271, RepairOfEscalators=23.06.2023-18.07.2023}]";"действует";"[Geometry[type=Point, coordinates=[37.58519525, 55.79378936]]]";"{type=Point, coordinates=[37.58519525, 55.79378936]}";"1774093";
"";"";"Савёловская, вход-выход 7 в вестибюль 1";"7";"да";"Северный административный округ";"Савёловский район";"37.58440668";"55.79339346";"наземный отдельностоящий";"Савёловская";"Большая кольцевая линия";"не является объектом культурного наследия";"открытие в 05:30:00; закрытие в 01:00:00; первый поезд по 1 пути в 05:43:00, по 2 пути в 05:49:00; последний поезд по 1 пути в 01:09:00 , по 2 пути в 01:13:00";"открытие в 05:30:00; закрытие в 01:00:00; первый поезд по 1 пути в 05:45:00, по 2 пути в 05:49:00; последний поезд по 1 пути в 01:09:00 , по 2 пути в 01:10:00";"";"";"3";"[{global_id=3006, RepairOfEscalators=13.09.2022-30.11.2022}]";"действует";"[Geometry[type=Point, coordinates=[37.58440668, 55.79339346]]]";"{type=Point, coordinates=[37.58440668, 55.79339346]}";"1774094";
"";"";"Тимирязевская, вход-выход 6 в вестибюль (А)";"6";"да";"Северо-Восточный административный округ";"Бутырский район";"37.57592879";"55.81979959";"подземный";"Тимирязевская";"Серпуховско-Тимирязевская линия";"не является объектом культурного наследия";"открытие в 05:30:00; закрытие в 01:00:00; первый поезд по 1 пути в 06:04:00, по 2 пути в 05:35:00; последний поезд по 1 пути в 01:46:00, по 2 пути в 01:17:00";"открытие в 05:30:00; закрытие в 01:00:00; первый поезд по 1 пути в 06:04:00, по 2 пути в 05:35:00; последний поезд по 1 пути в 01:46:00, по 2 пути в 01:17:00";"";"";"5";"[{global_id=3042, RepairOfEscalators=31.12.2022-30.06.2023}, {global_id=3259, RepairOfEscalators=28.06.2023-07.07.2023}, {global_id=3278, RepairOfEscalators=07.07.2023-14.07.2023}, {global_id=3365, RepairOfEscalators=31.08.2023-29.12.2023}, {global_id=3527, RepairOfEscalators=20.01.2024-13.02.2024}]";"действует";"[Geometry[type=Point, coordinates=[37.57592879, 55.81979959]]]";"{type=Point, coordinates=[37.57592879, 55.81979959]}";"1774096";
"";"";"Тимирязевская, вход-выход 4 в вестибюль";"4";"да";"Северный административный округ";"Тимирязевский район";"37.57436676";"55.81901882";"подземный";"Тимирязевская";"Серпуховско-Тимирязевская линия";"не является объектом культурного наследия";"открытие в 05:30:00; закрытие в 01:00:00; первый поезд по 1 пути в 06:04:00, по 2 пути в 05:35:00; последний поезд по 1 пути в 01:46:00, по 2 пути в 01:17:00";"открытие в 05:30:00; закрытие в 01:00:00; первый поезд по 1 пути в 06:04:00, по 2 пути в 05:35:00; последний поезд по 1 пути в 01:46:00, по 2 пути в 01:17:00";"";"";"5";"[{global_id=3043, RepairOfEscalators=22.12.2022-30.12.2022}, {global_id=3102, RepairOfEscalators=31.12.2022-30.06.2023}, {global_id=3261, RepairOfEscalators=28.06.2023-07.07.2025}, {global_id=3280, RepairOfEscalators=07.07.2023-14.07.2023}, {global_id=3367, RepairOfEscalators=31.08.2023-29.12.2023}, {global_id=3529, RepairOfEscalators=20.01.2024-13.02.2024}]";"действует";"[Geometry[type=Point, coordinates=[37.57436676, 55.81901882]]]";"{type=Point, coordinates=[37.57436676, 55.81901882]}";"1774097";
"";"";"Шипиловская, вход-выход 3 в южный вестибюль";"3";"да";"Южный административный округ";"район Зябликово";"37.74315334";"55.62028981";"подземный";"Шипиловская";"Люблинско-Дмитровская линия";"не является объектом культурного наследия";"открытие в 05:30:00; закрытие в 01:00:00; первый поезд по 1 пути в 05:51:00, по 2 пути в 05:47:00; последний поезд по 1 пути в 02:07:00, по 2 пути в 01:04:00";"открытие в 05:30:00; закрытие в 01:00:00; первый поезд по 1 пути в 05:46:00, по 2 пути в 05:42:00; последний поезд по 1 пути в 02:07:00, по 2 пути в 01:04:00";"";"";"4";"[{global_id=3423, RepairOfEscalators=02.11.2023-26.12.2023}, {global_id=4016, RepairOfEscalators=05.02.2025-31.03.2025}, {global_id=4057, RepairOfEscalators=02.04.2025-29.05.2025}]";"действует";"[Geometry[type=Point, coordinates=[37.74315334, 55.62028981]]]";"{type=Point, coordinates=[37.74315334, 55.62028981]}";"1774098";
"";"";"Ясенево, вход-выход 3 в южный вестибюль";"3";"да";"Юго-Западный административный округ";"район Ясенево";"37.53480692";"55.60553327";"подземный";"Ясенево";"Калужско-Рижская линия";"не является объектом культурного наследия";"открытие в 05:30:00; закрытие в 01:00:00; первый поезд по 1 пути в 05:45:00, по 2 пути в 05:51:00; последний поезд по 1 пути в 01:05:00, по 2 пути в 01:57:00";"открытие в 05:30:00; закрытие в 01:00:00; первый поезд по 1 пути в 05:44:00, по 2 пути в 05:49:00; последний поезд по 1 пути в 01:05:00, по 2 пути в 01:57:00";"";"";"3";"[{global_id=4089, RepairOfEscalators=05.03.2025-29.04.2025}]";"действует";"[Geometry[type=Point, coordinates=[37.53480692, 55.60553327]]]";"{type=Point, coordinates=[37.53480692, 55.60553327]}";"1774099";
"";"";"Ясенево, вход-выход 2 в южный вестибюль";"2";"да";"Юго-Западный административный округ";"район Ясенево";"37.53513415";"55.60611329";"подземный";"Ясенево";"Калужско-Рижская линия";"не является объектом культурного наследия";"открытие в 05:30:00; закрытие в 01:00:00; первый поезд по 1 пути в 05:45:00, по 2 пути в 05:51:00; последний поезд по 1 пути в 01:05:00, по 2 пути в 01:57:00";"открытие в 05:30:00; закрытие в 01:00:00; первый поезд по 1 пути в 05:44:00, по 2 пути в 05:49:00; последний поезд по 1 пути в 01:05:00, по 2 пути в 01:57:00";"";"";"3";"[{global_id=4088, RepairOfEscalators=05.03.2025-29.04.2025}]";"действует";"[Geometry[type=Point, coordinates=[37.53513415, 55.60611329]]]";"{type=Point, coordinates=[37.53513415, 55.60611329]}";"1774100";
"";"";"Ясенево, вход-выход 8 в северный вестибюль";"8";"да";"Юго-Западный административный округ";"район Ясенево";"37.53306885";"55.60654204";"подземный";"Ясенево";"Калужско-Рижская линия";"не является объектом культурного наследия";"открытие в 05:30:00; закрытие в 01:00:00; первый поезд по 1 пути в 05:45:00, по 2 пути в 05:51:00; последний поезд по 1 пути в 01:05:00, по 2 пути в 01:57:00";"открытие в 05:30:00; закрытие в 01:00:00; первый поезд по 1 пути в 05:44:00, по 2 пути в 05:49:00; последний поезд по 1 пути в 01:05:00, по 2 пути в 01:57:00";"";"";"3";"[]";"действует";"[Geometry[type=Point, coordinates=[37.53306885, 55.60654204]]]";"{type=Point, coordinates=[37.53306885, 55.60654204]}";"1774101";
"";"";"Ясенево, вход-выход 6 в северный вестибюль";"6";"да";"Юго-Западный административный округ";"район Ясенево";"37.53125567";"55.60660221";"подземный";"Ясенево";"Калужско-Рижская линия";"не является объектом культурного наследия";"открытие в 05:30:00; закрытие в 01:00:00; первый поезд по 1 пути в 05:45:00, по 2 пути в 05:51:00; последний поезд по 1 пути в 01:05:00, по 2 пути в 01:57:00";"открытие в 05:30:00; закрытие в 01:00:00; первый поезд по 1 пути в 05:44:00, по 2 пути в 05:49:00; последний поезд по 1 пути в 01:05:00, по 2 пути в 01:57:00";"";"";"3";"[]";"действует";"[Geometry[type=Point, coordinates=[37.53125567, 55.60660221]]]";"{type=Point, coordinates=[37.53125567, 55.60660221]}";"1774102";
"";"";"Ясенево, вход-выход 7 в северный вестибюль";"7";"да";"Юго-Западный административный округ";"район Ясенево";"37.53153462";"55.60688766";"подземный";"Ясенево";"Калужско-Рижская линия";"не является объектом культурного наследия";"открытие в 05:30:00; закрытие в 01:00:00; первый поезд по 1 пути в 05:45:00, по 2 пути в 05:51:00; последний поезд по 1 пути в 01:05:00, по 2 пути в 01:57:00";"открытие в 05:30:00; закрытие в 01:00:00; первый поезд по 1 пути в 05:44:00, по 2 пути в 05:49:00; последний поезд по 1 пути в 01:05:00, по 2 пути в 01:57:00";"";"";"3";"[]";"действует";"[Geometry[type=Point, coordinates=[37.53153462, 55.60688766]]]";"{type=Point, coordinates=[37.53153462, 55.60688766]}";"1774103";
"";"";"Ясенево, вход-выход 5 в северный вестибюль";"5";"да";"Юго-Западный административный округ";"район Ясенево";"37.53142197";"55.60628639";"подземный";"Ясенево";"Калужско-Рижская линия";"не является объектом культурного наследия";"открытие в 05:30:00; закрытие в 01:00:00; первый поезд по 1 пути в 05:45:00, по 2 пути в 05:51:00; последний поезд по 1 пути в 01:05:00, по 2 пути в 01:57:00";"открытие в 05:30:00; закрытие в 01:00:00; первый поезд по 1 пути в 05:44:00, по 2 пути в 05:49:00; последний поезд по 1 пути в 01:05:00, по 2 пути в 01:57:00";"";"";"3";"[]";"действует";"[Geometry[type=Point, coordinates=[37.53142197, 55.60628639]]]";"{type=Point, coordinates=[37.53142197, 55.60628639]}";"1774104";
"";"";"Ясенево, вход-выход 4 в южный вестибюль";"4";"да";"Юго-Западный административный округ";"район Ясенево";"37.53426511";"55.60565170";"подземный";"Ясенево";"Калужско-Рижская линия";"не является объектом культурного наследия";"открытие в 05:30:00; закрытие в 01:00:00; первый поезд по 1 пути в 05:45:00, по 2 пути в 05:51:00; последний поезд по 1 пути в 01:05:00, по 2 пути в 01:57:00";"открытие в 05:30:00; закрытие в 01:00:00; первый поезд по 1 пути в 05:44:00, по 2 пути в 05:49:00; последний поезд по 1 пути в 01:05:00, по 2 пути в 01:57:00";"";"";"3";"[{global_id=4090, RepairOfEscalators=05.03.2025-29.04.2025}]";"действует";"[Geometry[type=Point, coordinates=[37.53426511, 55.6056517]]]";"{type=Point, coordinates=[37.53426511, 55.6056517]}";"1774105";
"";"";"Ясенево, вход-выход 1 в южный вестибюль";"1";"да";"Юго-Западный административный округ";"район Ясенево";"37.53455479";"55.60623723";"подземный";"Ясенево";"Калужско-Рижская линия";"не является объектом культурного наследия";"открытие в 05:30:00; закрытие в 01:00:00; первый поезд по 1 пути в 05:45:00, по 2 пути в 05:51:00; последний поезд по 1 пути в 01:05:00, по 2 пути в 01:57:00";"открытие в 05:30:00; закрытие в 01:00:00; первый поезд по 1 пути в 05:44:00, по 2 пути в 05:49:00; последний поезд по 1 пути в 01:05:00, по 2 пути в 01:57:00";"";"";"3";"[{global_id=4087, RepairOfEscalators=05.03.2025-29.04.2025}]";"действует";"[Geometry[type=Point, coordinates=[37.53455479, 55.60623723]]]";"{type=Point, coordinates=[37.53455479, 55.60623723]}";"1774106";
"";"";"Цветной бульвар, вход-выход 1 в вестибюль";"1";"да";"Центральный административный округ";"Тверской район";"37.62070698";"55.77165653";"наземный, встроенный в здание";"Цветной бульвар";"Серпуховско-Тимирязевская линия";"не является объектом культурного наследия";"открытие в 05:30:00; закрытие в 01:00:00; первый поезд по 1 пути в 05:56:00, по 2 пути в 05:43:00; последний поезд по 1 пути в 01:38:00, по 2 пути в 01:25:00";"открытие в 05:30:00; закрытие в 01:00:00; первый поезд по 1 пути в 05:56:00, по 2 пути в 05:43:00; последний поезд по 1 пути в 01:38:00, по 2 пути в 01:25:00";"";"";"3";"[{global_id=3255, RepairOfEscalators=04.07.2023-31.01.2024}, {global_id=4075, RepairOfEscalators=12.05.2025-28.08.2025}]";"действует";"[Geometry[type=Point, coordinates=[37.62070698, 55.77165653]]]";"{type=Point, coordinates=[37.62070698, 55.77165653]}";"1774107";
"";"";"Домодедовская, вход-выход 10 в северный вестибюль";"10";"да";"Южный административный округ";"район Орехово-Борисово Южное";"37.71728485";"55.60987257";"подземный";"Домодедовская";"Замоскворецкая линия";"не является объектом культурного наследия";"открытие в 05:25:00; закрытие в 01:00:00; первый поезд по 1 пути в 05:32:00, по 2 пути в 05:59:00; последний поезд по 1 пути в 01:10:00, по 2 пути в 01:59:00";"открытие в 05:25:00; закрытие в 01:00:00; первый поезд по 1 пути в 05:32:00, по 2 пути в 05:59:00; последний поезд по 1 пути в 01:10:00, по 2 пути в 01:59:00";"";"";"7";"[{global_id=3787, RepairOfEscalators=22.07.2024-30.08.2024}, {global_id=3881, RepairOfEscalators=16.09.2024-24.10.2024}, {global_id=3950, RepairOfEscalators=26.11.2024-28.12.2024}]";"действует";"[Geometry[type=Point, coordinates=[37.71728485, 55.60987257]]]";"{type=Point, coordinates=[37.71728485, 55.60987257]}";"1774109";
"";"";"Домодедовская, вход-выход 8 в северный вестибюль";"8";"да";"Южный административный округ";"район Орехово-Борисово Южное";"37.71654456";"55.61062561";"подземный";"Домодедовская";"Замоскворецкая линия";"не является объектом культурного наследия";"открытие в 05:25:00; закрытие в 01:00:00; первый поезд по 1 пути в 05:32:00, по 2 пути в 05:59:00; последний поезд по 1 пути в 01:10:00, по 2 пути в 01:59:00";"открытие в 05:25:00; закрытие в 01:00:00; первый поезд по 1 пути в 05:32:00, по 2 пути в 05:59:00; последний поезд по 1 пути в 01:10:00, по 2 пути в 01:59:00";"";"";"7";"[{global_id=3795, RepairOfEscalators=22.07.2024-30.08.2024}, {global_id=3889, RepairOfEscalators=16.09.2024-24.10.2024}, {global_id=3958, RepairOfEscalators=26.11.2024-28.12.2024}]";"действует";"[Geometry[type=Point, coordinates=[37.71654456, 55.61062561]]]";"{type=Point, coordinates=[37.71654456, 55.61062561]}";"1774110";
"";"";"Домодедовская, вход-выход 4 в северный вестибюль";"4";"да";"Южный административный округ";"район Орехово-Борисово Северное";"37.71814047";"55.61117767";"подземный";"Домодедовская";"Замоскворецкая линия";"не является объектом культурного наследия";"открытие в 05:25:00; закрытие в 01:00:00; первый поезд по 1 пути в 05:32:00, по 2 пути в 05:59:00; последний поезд по 1 пути в 01:10:00, по 2 пути в 01:59:00";"открытие в 05:25:00; закрытие в 01:00:00; первый поезд по 1 пути в 05:32:00, по 2 пути в 05:59:00; последний поезд по 1 пути в 01:10:00, по 2 пути в 01:59:00";"";"";"7";"[{global_id=3791, RepairOfEscalators=22.07.2024-30.08.2024}, {global_id=3885, RepairOfEscalators=16.09.2024-24.10.2024}, {global_id=3954, RepairOfEscalators=26.11.2024-28.12.2024}]";"действует";"[Geometry[type=Point, coordinates=[37.71814047, 55.61117767]]]";"{type=Point, coordinates=[37.71814047, 55.61117767]}";"1774111";
"";"";"Бульвар Дмитрия Донского, вход-выход 3 в южный вестибюль";"3";"да";"Юго-Западный административный округ";"район Северное Бутово";"37.57591285";"55.56859110";"подземный";"Бульвар Дмитрия Донского";"Серпуховско-Тимирязевская линия";"не является объектом культурного наследия";"открытие в 05:30:00; закрытие в 01:00:00; первый поезд по 1 пути в 05:42:00; последний поезд по 1 пути в 01:03:00";"открытие в 05:30:00; закрытие в 01:00:00; первый поезд по 1 пути в 06:03:00; последний поезд по 1 пути в 01:03:00";"";"";"7";"[]";"действует";"[Geometry[type=Point, coordinates=[37.57591285, 55.5685911]]]";"{type=Point, coordinates=[37.57591285, 55.5685911]}";"1774113";
"";"";"Улица Скобелевская, вход-выход 2 в северный вестибюль";"2";"да";"Юго-Западный административный округ";"район Южное Бутово";"37.55603914";"55.54843590";"наземный отдельностоящий";"Улица Скобелевская";"Бутовская линия";"не является объектом культурного наследия";"открытие в 05:30:00; закрытие в 01:00:00; первый поезд по 1 пути в 05:59:00, по 2 пути в 05:46:00; последний поезд по 1 пути в 01:10:00, по 2 пути в 01:17:00";"открытие в 05:30:00; закрытие в 01:00:00; первый поезд по 1 пути в 05:59:00, по 2 пути в 05:46:00; последний поезд по 1 пути в 01:10:00, по 2 пути в 01:17:00";"";"";"3";"[{global_id=3416, RepairOfEscalators=13.10.2023-16.10.2023}, {global_id=3878, RepairOfEscalators=24.04.2024-19.12.2024}, {global_id=4102, RepairOfEscalators=26.08.2025-30.09.2025}]";"действует";"[Geometry[type=Point, coordinates=[37.55603914, 55.5484359]]]";"{type=Point, coordinates=[37.55603914, 55.5484359]}";"1774114";
"";"";"Выхино, вход-выход 2 в вестибюль";"2";"да";"Юго-Восточный административный округ";"район Выхино-Жулебино";"37.81859251";"55.71535164";"наземный отдельностоящий";"Выхино";"Таганско-Краснопресненская линия";"не является объектом культурного наследия";"открытие в 05:25:00; закрытие в 01:00:00; первый поезд по 1 пути в 05:56:00, по 2 пути в 05:32:00; последний поезд по 1 пути в 01:53:00, по 2 пути в 01:12:00";"открытие в 05:25:00; закрытие в 01:00:00; первый поезд по 1 пути в 05:56:00, по 2 пути в 05:32:00; последний поезд по 1 пути в 01:53:00, по 2 пути в 01:12:00";"";"";"3";"[]";"действует";"[Geometry[type=Point, coordinates=[37.81859251, 55.71535164]]]";"{type=Point, coordinates=[37.81859251, 55.71535164]}";"1774115";
"";"";"Жулебино, вход-выход 9 в вестибюль 2";"9";"да";"Юго-Восточный административный округ";"район Выхино-Жулебино";"37.85688019";"55.68652378";"подземный";"Жулебино";"Таганско-Краснопресненская линия";"не является объектом культурного наследия";"открытие в 05:30:00; закрытие в 01:00:00; первый поезд по 1 пути в 05:54:00, по 2 пути в 05:46:00; последний поезд по 1 пути в 02:00:00, по 2 пути в 01:05:00";"открытие в 05:30:00; закрытие в 01:00:00; первый поезд по 1 пути в 05:53:00, по 2 пути в 05:40:00; последний поезд по 1 пути в 02:00:00, по 2 пути в 01:05:00";"";"";"2";"[{global_id=4030, RepairOfEscalators=02.04.2025-29.05.2025}, {global_id=4041, RepairOfEscalators=03.02.2025-31.03.2025}]";"действует";"[Geometry[type=Point, coordinates=[37.85688019, 55.68652378]]]";"{type=Point, coordinates=[37.85688019, 55.68652378]}";"1774116";
"";"";"Каширская, вход в вестибюль 2";"";"да";"Южный административный округ";"район Москворечье-Сабурово";"37.64789866";"55.65447326";"наземный отдельностоящий";"Каширская";"Большая кольцевая линия";"не является объектом культурного наследия";"открытие в 05:30:00; закрытие в 01:00:00; первый поезд по 1 пути в 05:35:00, по 2 пути в 05:49:00; последний поезд по 1 пути в 01:08:00, по 2 пути в 01:08:00";"открытие в 05:30:00; закрытие в 01:00:00; первый поезд по 1 пути в 05:35:00, по 2 пути в 05:49:00; последний поезд по 1 пути в 01:06:00, по 2 пути в 01:04:00";"";"";"6";"[]";"действует";"[Geometry[type=Point, coordinates=[37.64789866, 55.65447326]]]";"{type=Point, coordinates=[37.64789866, 55.65447326]}";"1774117";
"";"";"Каширская, выход 1 из вестибюля 2";"1";"да";"Южный административный округ";"район Москворечье-Сабурово";"37.64780210";"55.65414872";"наземный отдельностоящий";"Каширская";"Большая кольцевая линия";"не является объектом культурного наследия";"открытие в 05:30:00; закрытие в 01:00:00; первый поезд по 1 пути в 05:35:00, по 2 пути в 05:49:00; последний поезд по 1 пути в 01:08:00, по 2 пути в 01:08:00";"открытие в 05:30:00; закрытие в 01:00:00; первый поезд по 1 пути в 05:35:00, по 2 пути в 05:49:00; последний поезд по 1 пути в 01:06:00, по 2 пути в 01:04:00";"";"";"6";"[{global_id=3007, RepairOfEscalators=14.11.2022-23.12.2022}, {global_id=3126, RepairOfEscalators=12.01.2023-30.06.2023}, {global_id=3623, RepairOfEscalators=29.03.2024-28.06.2024}]";"действует";"[Geometry[type=Point, coordinates=[37.6478021, 55.65414872]]]";"{type=Point, coordinates=[37.6478021, 55.65414872]}";"1774120";
"";"";"Кантемировская, вход-выход 4 в северный вестибюль";"4";"да";"Южный административный округ";"район Царицыно";"37.65551456";"55.63644039";"подземный";"Кантемировская";"Замоскворецкая линия";"не является объектом культурного наследия";"открытие в 05:30:00; закрытие в 01:00:00; первый поезд по 1 пути в 05:41:00, по 2 пути в 05:55:00; последний поезд по 1 пути в 01:19:00, по 2 пути в 01:51:00";"открытие в 05:30:00; закрытие в 01:00:00; первый поезд по 1 пути в 05:41:00, по 2 пути в 05:55:00; последний поезд по 1 пути в 01:19:00, по 2 пути в 01:51:00";"";"";"4";"[]";"действует";"[Geometry[type=Point, coordinates=[37.65551456, 55.63644039]]]";"{type=Point, coordinates=[37.65551456, 55.63644039]}";"1774121";
"";"";"Кантемировская, вход-выход 2 в южный вестибюль";"2";"да";"Южный административный округ";"район Царицыно";"37.65781053";"55.63483819";"подземный";"Кантемировская";"Замоскворецкая линия";"не является объектом культурного наследия";"открытие в 05:30:00; закрытие в 01:00:00; первый поезд по 1 пути в 05:41:00, по 2 пути в 05:55:00; последний поезд по 1 пути в 01:19:00, по 2 пути в 01:51:00";"открытие в 05:30:00; закрытие в 01:00:00; первый поезд по 1 пути в 05:41:00, по 2 пути в 05:55:00; последний поезд по 1 пути в 01:19:00, по 2 пути в 01:51:00";"";"";"4";"[]";"действует";"[Geometry[type=Point, coordinates=[37.65781053, 55.63483819]]]";"{type=Point, coordinates=[37.65781053, 55.63483819]}";"1774122";
"";"";"Домодедовская, вход-выход 12 в северный вестибюль";"12";"да";"Южный административный округ";"район Орехово-Борисово Южное";"37.71824508";"55.61003654";"подземный";"Домодедовская";"Замоскворецкая линия";"не является объектом культурного наследия";"открытие в 05:25:00; закрытие в 01:00:00; первый поезд по 1 пути в 05:32:00, по 2 пути в 05:59:00; последний поезд по 1 пути в 01:10:00, по 2 пути в 01:59:00";"открытие в 05:25:00; закрытие в 01:00:00; первый поезд по 1 пути в 05:32:00, по 2 пути в 05:59:00; последний поезд по 1 пути в 01:10:00, по 2 пути в 01:59:00";"";"";"7";"[{global_id=3789, RepairOfEscalators=22.07.2024-30.08.2024}, {global_id=3883, RepairOfEscalators=16.09.2024-24.10.2024}, {global_id=3952, RepairOfEscalators=26.11.2024-28.12.2024}]";"действует";"[Geometry[type=Point, coordinates=[37.71824508, 55.61003654]]]";"{type=Point, coordinates=[37.71824508, 55.61003654]}";"1774125";
"";"";"Сретенский бульвар, вход-выход 7 в вестибюль";"7";"да";"Центральный административный округ";"Красносельский район";"37.63668484";"55.76632751";"подземный";"Сретенский бульвар";"Люблинско-Дмитровская линия";"не является объектом культурного наследия";"открытие в 05:30:00; закрытие в 01:00:00; первый поезд по 1 пути в 05:48:00, по 2 пути в 05:49:00; последний поезд по 1 пути в 01:34:00, по 2 пути в 01:38:00";"открытие в 05:30:00; закрытие в 01:00:00; первый поезд по 1 пути в 05:50:00, по 2 пути в 05:49:00; последний поезд по 1 пути в 01:34:00, по 2 пути в 01:38:00";"";"";"2";"[{global_id=3045, RepairOfEscalators=01.11.2022-30.12.2022}, {global_id=3684, RepairOfEscalators=22.04.2024-01.07.2024}, {global_id=3848, RepairOfEscalators=19.08.2024-05.09.2024}, {global_id=3916, RepairOfEscalators=10.10.2024-28.11.2024}, {global_id=3962, RepairOfEscalators=15.01.2025-30.04.2025}]";"действует";"[Geometry[type=Point, coordinates=[37.63668484, 55.76632751]]]";"{type=Point, coordinates=[37.63668484, 55.76632751]}";"1774126";
"";"";"Достоевская, вход-выход 1 в вестибюль";"1";"да";"Центральный административный округ";"Тверской район";"37.61392105";"55.78160608";"подземный";"Достоевская";"Люблинско-Дмитровская линия";"не является объектом культурного наследия";"открытие в 05:30:00; закрытие в 01:00:00; первый поезд по 1 пути в 05:43:00, по 2 пути в 05:45:00; последний поезд по 1 пути в 01:29:00, по 2 пути в 01:42:00";"открытие в 05:30:00; закрытие в 01:00:00; первый поезд по 1 пути в 05:45:00, по 2 пути в 05:53:00; последний поезд по 1 пути в 01:29:00, по 2 пути в 01:42:00";"";"";"3";"[]";"действует";"[Geometry[type=Point, coordinates=[37.61392105, 55.78160608]]]";"{type=Point, coordinates=[37.61392105, 55.78160608]}";"1774130";
"";"";"Достоевская, вход-выход 2 в вестибюль";"2";"да";"Центральный административный округ";"Тверской район";"37.61419463";"55.78130434";"подземный";"Достоевская";"Люблинско-Дмитровская линия";"не является объектом культурного наследия";"открытие в 05:30:00; закрытие в 01:00:00; первый поезд по 1 пути в 05:43:00, по 2 пути в 05:45:00; последний поезд по 1 пути в 01:29:00, по 2 пути в 01:42:00";"открытие в 05:30:00; закрытие в 01:00:00; первый поезд по 1 пути в 05:45:00, по 2 пути в 05:53:00; последний поезд по 1 пути в 01:29:00, по 2 пути в 01:42:00";"";"";"3";"[]";"действует";"[Geometry[type=Point, coordinates=[37.61419463, 55.78130434]]]";"{type=Point, coordinates=[37.61419463, 55.78130434]}";"1774131";
"";"";"Достоевская, вход-выход 3 в вестибюль";"3";"да";"Центральный административный округ";"Тверской район";"37.613435";"55.781204";"подземный";"Достоевская";"Люблинско-Дмитровская линия";"не является объектом культурного наследия";"открытие в 05:30:00; закрытие в 01:00:00; первый поезд по 1 пути в 05:43:00, по 2 пути в 05:45:00; последний поезд по 1 пути в 01:29:00, по 2 пути в 01:42:00";"открытие в 05:30:00; закрытие в 01:00:00; первый поезд по 1 пути в 05:45:00, по 2 пути в 05:53:00; последний поезд по 1 пути в 01:29:00, по 2 пути в 01:42:00";"";"";"3";"[]";"действует";"[Geometry[type=Point, coordinates=[37.613435, 55.781204]]]";"{type=Point, coordinates=[37.613435, 55.781204]}";"1774132";
"";"";"Марьина роща, вход-выход 3 в вестибюль 1";"3";"да";"Северо-Восточный административный округ";"район Марьина Роща";"37.61595433";"55.79375415";"подземный";"Марьина Роща";"Люблинско-Дмитровская линия";"не является объектом культурного наследия";"открытие в 05:30:00; закрытие в 01:00:00; первый поезд по 1 пути в 05:40:00; по 2 пути в 05:48:00; последний поезд по 1 пути в 01:26:00, по 2 пути в 01:45:00";"открытие в 05:30:00; закрытие в 01:00:00; первый поезд по 1 пути в 05:42:00; по 2 пути в 05:47:00; последний поезд по 1 пути в 01:26:00, по 2 пути в 01:45:00";"";"";"3";"[{global_id=3975, RepairOfEscalators=14.01.2024-29.04.2025}]";"действует";"[Geometry[type=Point, coordinates=[37.61595433, 55.79375415]]]";"{type=Point, coordinates=[37.61595433, 55.79375415]}";"1774133";
"";"";"Бульвар Дмитрия Донского, вход-выход 2 в южный вестибюль";"2";"да";"Юго-Западный административный округ";"район Северное Бутово";"37.57654585";"55.56798315";"подземный";"Бульвар Дмитрия Донского";"Серпуховско-Тимирязевская линия";"не является объектом культурного наследия";"открытие в 05:30:00; закрытие в 01:00:00; первый поезд по 1 пути в 05:42:00; последний поезд по 1 пути в 01:03:00";"открытие в 05:30:00; закрытие в 01:00:00; первый поезд по 1 пути в 06:03:00; последний поезд по 1 пути в 01:03:00";"";"";"7";"[]";"действует";"[Geometry[type=Point, coordinates=[37.57654585, 55.56798315]]]";"{type=Point, coordinates=[37.57654585, 55.56798315]}";"1774134";
"";"";"Бульвар Дмитрия Донского, вход-выход 10 в северный вестибюль";"10";"да";"Юго-Западный административный округ";"район Северное Бутово";"37.57785268";"55.56994759";"подземный";"Бульвар Дмитрия Донского";"Серпуховско-Тимирязевская линия";"не является объектом культурного наследия";"открытие в 05:30:00; закрытие в 01:00:00; первый поезд по 1 пути в 05:42:00; последний поезд по 1 пути в 01:03:00";"открытие в 05:30:00; закрытие в 01:00:00; первый поезд по 1 пути в 06:03:00; последний поезд по 1 пути в 01:03:00";"";"";"6";"[]";"действует";"[Geometry[type=Point, coordinates=[37.57785268, 55.56994759]]]";"{type=Point, coordinates=[37.57785268, 55.56994759]}";"1774136";
"";"";"Аннино, вход-выход 3 в северный вестибюль";"3";"да";"Южный административный округ";"район Чертаново Южное";"37.59711785";"55.58349476";"подземный";"Аннино";"Серпуховско-Тимирязевская линия";"не является объектом культурного наследия";"открытие в 05:30:00; закрытие в 01:00:00; первый поезд по 1 пути в 05:45:00, по 2 пути в 05:50:00; последний поезд по 1 пути в 01:05:00, по 2 пути в 01:58:00";"открытие в 05:30:00; закрытие в 01:00:00; первый поезд по 1 пути в 05:59:00, по 2 пути в 05:51:00; последний поезд по 1 пути в 01:05:00, по 2 пути в 01:58:00";"";"";"2";"[]";"действует";"[Geometry[type=Point, coordinates=[37.59711785, 55.58349476]]]";"{type=Point, coordinates=[37.59711785, 55.58349476]}";"1774139";
"";"";"Улица академика Янгеля, вход-выход 6 в северный вестибюль";"6";"да";"Южный административный округ";"район Чертаново Южное";"37.60193871";"55.59615272";"подземный";"Улица академика Янгеля";"Серпуховско-Тимирязевская линия";"не является объектом культурного наследия";"открытие в 05:30:00; закрытие в 01:00:00; первый поезд по 1 пути в 05:48:00, по 2 пути в 05:48:00; последний поезд по 1 пути в 01:07:00, по 2 пути в 01:56:00";"открытие в 05:30:00; закрытие в 01:00:00; первый поезд по 1 пути в 05:59:00, по 2 пути в 05:49:00; последний поезд по 1 пути в 01:07:00, по 2 пути в 01:56:00";"";"";"3";"[]";"действует";"[Geometry[type=Point, coordinates=[37.60193871, 55.59615272]]]";"{type=Point, coordinates=[37.60193871, 55.59615272]}";"1774142";
"";"";"Пражская, вход-выход 7 в южный вестибюль";"7";"да";"Южный административный округ";"район Чертаново Центральное";"37.60291038";"55.61078264";"подземный";"Пражская";"Серпуховско-Тимирязевская линия";"не является объектом культурного наследия";"открытие в 05:30:00; закрытие в 01:00:00; первый поезд по 1 пути в 05:40:00, по 2 пути в 06:01:00; последний поезд по 1 пути в 01:10:00, по 2 пути в 01:53:00";"открытие в 05:30:00; закрытие в 01:00:00; первый поезд по 1 пути в 05:50:00, по 2 пути в 05:46:00; последний поезд по 1 пути в 01:10:00, по 2 пути в 01:53:00";"";"";"5";"[{global_id=3301, RepairOfEscalators=19.07.2023-19.09.2023}, {global_id=3653, RepairOfEscalators=15.04.2024-18.04.2024}, {global_id=3820, RepairOfEscalators=19.08.2024-30.09.2024}]";"действует";"[Geometry[type=Point, coordinates=[37.60291038, 55.61078264]]]";"{type=Point, coordinates=[37.60291038, 55.61078264]}";"1774143";
"";"";"Пражская, вход-выход 3 в южный вестибюль";"3";"да";"Южный административный округ";"район Чертаново Центральное";"37.60448752";"55.61067579";"подземный";"Пражская";"Серпуховско-Тимирязевская линия";"не является объектом культурного наследия";"открытие в 05:30:00; закрытие в 01:00:00; первый поезд по 1 пути в 05:40:00, по 2 пути в 06:01:00; последний поезд по 1 пути в 01:10:00, по 2 пути в 01:53:00";"открытие в 05:30:00; закрытие в 01:00:00; первый поезд по 1 пути в 05:50:00, по 2 пути в 05:46:00; последний поезд по 1 пути в 01:10:00, по 2 пути в 01:53:00";"";"";"5";"[{global_id=3297, RepairOfEscalators=19.07.2023-19.09.2023}, {global_id=3649, RepairOfEscalators=15.04.2024-18.04.2024}, {global_id=3816, RepairOfEscalators=19.08.2024-30.09.2024}]";"действует";"[Geometry[type=Point, coordinates=[37.60448752, 55.61067579]]]";"{type=Point, coordinates=[37.60448752, 55.61067579]}";"1774144";
"";"";"Пражская, вход-выход 9 в северный вестибюль";"9";"да";"Южный административный округ";"район Чертаново Центральное";"37.60461845";"55.61332423";"подземный";"Пражская";"Серпуховско-Тимирязевская линия";"не является объектом культурного наследия";"открытие в 05:30:00; закрытие в 01:00:00; первый поезд по 1 пути в 05:40:00, по 2 пути в 06:01:00; последний поезд по 1 пути в 01:10:00, по 2 пути в 01:53:00";"открытие в 05:30:00; закрытие в 01:00:00; первый поезд по 1 пути в 05:50:00, по 2 пути в 05:46:00; последний поезд по 1 пути в 01:10:00, по 2 пути в 01:53:00";"";"";"3";"[{global_id=3212, RepairOfEscalators=05.06.2023-01.09.2023}, {global_id=3639, RepairOfEscalators=18.04.2024-22.04.2024}, {global_id=3822, RepairOfEscalators=19.08.2024-30.09.2024}]";"действует";"[Geometry[type=Point, coordinates=[37.60461845, 55.61332423]]]";"{type=Point, coordinates=[37.60461845, 55.61332423]}";"1774145";
"";"";"Пражская, вход-выход 11 в северный вестибюль";"11";"да";"Южный административный округ";"район Чертаново Центральное";"37.60416784";"55.61340013";"подземный";"Пражская";"Серпуховско-Тимирязевская линия";"не является объектом культурного наследия";"открытие в 05:30:00; закрытие в 01:00:00; первый поезд по 1 пути в 05:40:00, по 2 пути в 06:01:00; последний поезд по 1 пути в 01:10:00, по 2 пути в 01:53:00";"открытие в 05:30:00; закрытие в 01:00:00; первый поезд по 1 пути в 05:50:00, по 2 пути в 05:46:00; последний поезд по 1 пути в 01:10:00, по 2 пути в 01:53:00";"";"";"3";"[{global_id=2959, RepairOfEscalators=10.10.2022-30.12.2022}, {global_id=3210, RepairOfEscalators=05.06.2023-01.09.2023}, {global_id=3813, RepairOfEscalators=19.08.2024-30.09.2024}]";"действует";"[Geometry[type=Point, coordinates=[37.60416784, 55.61340013]]]";"{type=Point, coordinates=[37.60416784, 55.61340013]}";"1774146";
"";"";"Южная, вход-выход 3 в южный вестибюль";"3";"да";"Южный административный округ";"район Чертаново Центральное";"37.60795049";"55.62114812";"подземный";"Южная";"Серпуховско-Тимирязевская линия";"не является объектом культурного наследия";"открытие в 05:30:00; закрытие в 01:00:00; первый поезд по 1 пути в 05:40:00, по 2 пути в 06:03:00; последний поезд по 1 пути в 01:11:00, по 2 пути в 01:51:00";"открытие в 05:30:00; закрытие в 01:00:00; первый поезд по 1 пути в 05:44:00, по 2 пути в 05:44:00; последний поезд по 1 пути в 01:11:00, по 2 пути в 01:51:00";"";"";"2";"[{global_id=2916, RepairOfEscalators=05.08.2022-06.08.2022}, {global_id=3309, RepairOfEscalators=02.08.2023-15.09.2023}, {global_id=4020, RepairOfEscalators=12.02.2025-12.03.2025}, {global_id=4035, RepairOfEscalators=05.03.2025-28.03.2025}]";"действует";"[Geometry[type=Point, coordinates=[37.60795049, 55.62114812]]]";"{type=Point, coordinates=[37.60795049, 55.62114812]}";"1774147";
"";"";"Южная, вход-выход 1 в южный вестибюль";"1";"да";"Южный административный округ";"район Чертаново Северное";"37.60929964";"55.62171577";"подземный";"Южная";"Серпуховско-Тимирязевская линия";"не является объектом культурного наследия";"открытие в 05:30:00; закрытие в 01:00:00; первый поезд по 1 пути в 05:40:00, по 2 пути в 06:03:00; последний поезд по 1 пути в 01:11:00, по 2 пути в 01:51:00";"открытие в 05:30:00; закрытие в 01:00:00; первый поезд по 1 пути в 05:44:00, по 2 пути в 05:44:00; последний поезд по 1 пути в 01:11:00, по 2 пути в 01:51:00";"";"";"2";"[{global_id=2914, RepairOfEscalators=05.08.2022-06.08.2022}, {global_id=3307, RepairOfEscalators=02.08.2023-15.09.2023}, {global_id=4018, RepairOfEscalators=12.02.2025-12.03.2025}, {global_id=4033, RepairOfEscalators=05.03.2025-28.03.2025}]";"действует";"[Geometry[type=Point, coordinates=[37.60929964, 55.62171577]]]";"{type=Point, coordinates=[37.60929964, 55.62171577]}";"1774148";
"";"";"Южная, вход-выход 5 в северный вестибюль";"5";"да";"Южный административный округ";"район Чертаново Северное";"37.60841719";"55.62340047";"подземный";"Южная";"Серпуховско-Тимирязевская линия";"не является объектом культурного наследия";"открытие в 05:30:00; закрытие в 01:00:00; первый поезд по 1 пути в 05:40:00, по 2 пути в 06:03:00; последний поезд по 1 пути в 01:11:00, по 2 пути в 01:51:00";"открытие в 05:30:00; закрытие в 01:00:00; первый поезд по 1 пути в 05:44:00, по 2 пути в 05:44:00; последний поезд по 1 пути в 01:11:00, по 2 пути в 01:51:00";"";"";"3";"[{global_id=3513, RepairOfEscalators=25.01.2024-12.03.2024}, {global_id=3928, RepairOfEscalators=06.11.2024-28.12.2024}]";"действует";"[Geometry[type=Point, coordinates=[37.60841719, 55.62340047]]]";"{type=Point, coordinates=[37.60841719, 55.62340047]}";"1774149";
"";"";"Южная, вход-выход 8 в северный вестибюль";"8";"да";"Южный административный округ";"район Чертаново Северное";"37.60969124";"55.62274292";"подземный";"Южная";"Серпуховско-Тимирязевская линия";"не является объектом культурного наследия";"открытие в 05:30:00; закрытие в 01:00:00; первый поезд по 1 пути в 05:40:00, по 2 пути в 06:03:00; последний поезд по 1 пути в 01:11:00, по 2 пути в 01:51:00";"открытие в 05:30:00; закрытие в 01:00:00; первый поезд по 1 пути в 05:44:00, по 2 пути в 05:44:00; последний поезд по 1 пути в 01:11:00, по 2 пути в 01:51:00";"";"";"3";"[{global_id=3516, RepairOfEscalators=25.01.2024-12.03.2024}, {global_id=3931, RepairOfEscalators=06.11.2024-28.12.2024}]";"действует";"[Geometry[type=Point, coordinates=[37.60969124, 55.62274292]]]";"{type=Point, coordinates=[37.60969124, 55.62274292]}";"1774150";
"";"";"Чертановская, вход-выход 4 в северный вестибюль";"4";"да";"Южный административный округ";"район Чертаново Северное";"37.60458689";"55.64109252";"подземный";"Чертановская";"Серпуховско-Тимирязевская линия";"не является объектом культурного наследия";"открытие в 05:25:00; закрытие в 01:00:00; первый поезд по 1 пути в 05:31:00, по 2 пути в 06:09:00; последний поезд по 1 пути в 01:15:00, по 2 пути в 01:49:00";"открытие в 05:25:00; закрытие в 01:00:00; первый поезд по 1 пути в 05:31:00, по 2 пути в 06:09:00; последний поезд по 1 пути в 01:15:00, по 2 пути в 01:49:00";"";"";"3";"[{global_id=3322, RepairOfEscalators=11.08.2023-03.11.2023}]";"действует";"[Geometry[type=Point, coordinates=[37.60458689, 55.64109252]]]";"{type=Point, coordinates=[37.60458689, 55.64109252]}";"1774151";
"";"";"Чертановская, вход-выход 3 в северный вестибюль";"3";"да";"Юго-Западный административный округ";"район Зюзино";"37.60481942";"55.64173870";"подземный";"Чертановская";"Серпуховско-Тимирязевская линия";"не является объектом культурного наследия";"открытие в 05:25:00; закрытие в 01:00:00; первый поезд по 1 пути в 05:31:00, по 2 пути в 06:09:00; последний поезд по 1 пути в 01:15:00, по 2 пути в 01:49:00";"открытие в 05:25:00; закрытие в 01:00:00; первый поезд по 1 пути в 05:31:00, по 2 пути в 06:09:00; последний поезд по 1 пути в 01:15:00, по 2 пути в 01:49:00";"";"";"3";"[{global_id=3321, RepairOfEscalators=11.08.2023-03.11.2023}]";"действует";"[Geometry[type=Point, coordinates=[37.60481942, 55.6417387]]]";"{type=Point, coordinates=[37.60481942, 55.6417387]}";"1774152";
"";"";"Чертановская, вход-выход 2 в северный вестибюль";"2";"да";"Юго-Западный административный округ";"район Зюзино";"37.60518420";"55.64190557";"подземный";"Чертановская";"Серпуховско-Тимирязевская линия";"не является объектом культурного наследия";"открытие в 05:25:00; закрытие в 01:00:00; первый поезд по 1 пути в 05:31:00, по 2 пути в 06:09:00; последний поезд по 1 пути в 01:15:00, по 2 пути в 01:49:00";"открытие в 05:25:00; закрытие в 01:00:00; первый поезд по 1 пути в 05:31:00, по 2 пути в 06:09:00; последний поезд по 1 пути в 01:15:00, по 2 пути в 01:49:00";"";"";"3";"[{global_id=3320, RepairOfEscalators=11.08.2023-03.11.2023}]";"действует";"[Geometry[type=Point, coordinates=[37.6051842, 55.64190557]]]";"{type=Point, coordinates=[37.6051842, 55.64190557]}";"1774153";
"";"";"Чертановская, вход-выход 6 в северный вестибюль";"6";"да";"Южный административный округ";"район Чертаново Северное";"37.60549348";"55.64048874";"подземный";"Чертановская";"Серпуховско-Тимирязевская линия";"не является объектом культурного наследия";"открытие в 05:25:00; закрытие в 01:00:00; первый поезд по 1 пути в 05:31:00, по 2 пути в 06:09:00; последний поезд по 1 пути в 01:15:00, по 2 пути в 01:49:00";"открытие в 05:25:00; закрытие в 01:00:00; первый поезд по 1 пути в 05:31:00, по 2 пути в 06:09:00; последний поезд по 1 пути в 01:15:00, по 2 пути в 01:49:00";"";"";"3";"[{global_id=3324, RepairOfEscalators=11.08.2023-03.11.2023}]";"действует";"[Geometry[type=Point, coordinates=[37.60549348, 55.64048874]]]";"{type=Point, coordinates=[37.60549348, 55.64048874]}";"1774154";
"";"";"Чертановская, вход-выход 7 в северный вестибюль";"7";"да";"Южный административный округ";"район Чертаново Северное";"37.60556607";"55.64042116";"подземный";"Чертановская";"Серпуховско-Тимирязевская линия";"не является объектом культурного наследия";"открытие в 05:25:00; закрытие в 01:00:00; первый поезд по 1 пути в 05:31:00, по 2 пути в 06:09:00; последний поезд по 1 пути в 01:15:00, по 2 пути в 01:49:00";"открытие в 05:25:00; закрытие в 01:00:00; первый поезд по 1 пути в 05:31:00, по 2 пути в 06:09:00; последний поезд по 1 пути в 01:15:00, по 2 пути в 01:49:00";"";"";"3";"[{global_id=3325, RepairOfEscalators=11.08.2023-03.11.2023}]";"действует";"[Geometry[type=Point, coordinates=[37.60556607, 55.64042116]]]";"{type=Point, coordinates=[37.60556607, 55.64042116]}";"1774155";
"";"";"Нагатинская, вход-выход 6 в северный вестибюль";"6";"да";"Южный административный округ";"район Нагатино-Садовники";"37.62366698";"55.68382276";"подземный";"Нагатинская";"Серпуховско-Тимирязевская линия";"не является объектом культурного наследия";"открытие в 05:30:00; закрытие в 01:00:00; первый поезд по 1 пути в 05:39:00, по 2 пути в 06:00:00; последний поезд по 1 пути в 01:22:00, по 2 пути в 01:41:00";"открытие в 05:30:00; закрытие в 01:00:00; первый поезд по 1 пути в 05:39:00, по 2 пути в 06:00:00; последний поезд по 1 пути в 01:22:00, по 2 пути в 01:41:00";"";"";"6";"[]";"действует";"[Geometry[type=Point, coordinates=[37.62366698, 55.68382276]]]";"{type=Point, coordinates=[37.62366698, 55.68382276]}";"1774157";
"";"";"Нагатинская, вход-выход 4 в северный вестибюль";"4";"да";"Южный административный округ";"Нагорный район";"37.62274430";"55.68414099";"подземный";"Нагатинская";"Серпуховско-Тимирязевская линия";"не является объектом культурного наследия";"открытие в 05:30:00; закрытие в 01:00:00; первый поезд по 1 пути в 05:39:00, по 2 пути в 06:00:00; последний поезд по 1 пути в 01:22:00, по 2 пути в 01:41:00";"открытие в 05:30:00; закрытие в 01:00:00; первый поезд по 1 пути в 05:39:00, по 2 пути в 06:00:00; последний поезд по 1 пути в 01:22:00, по 2 пути в 01:41:00";"";"";"6";"[]";"действует";"[Geometry[type=Point, coordinates=[37.6227443, 55.68414099]]]";"{type=Point, coordinates=[37.6227443, 55.68414099]}";"1774158";
"";"";"Чеховская, вход-выход 14 в вестибюль";"14";"да";"Центральный административный округ";"Тверской район";"37.60817054";"55.76604793";"подземный";"Чеховская";"Серпуховско-Тимирязевская линия";"не является объектом культурного наследия";"открытие в 05:30:00; закрытие в 01:00:00; первый поезд по 1 пути в 05:54:00, по 2 пути в 05:46:00; последний поезд по 1 пути в 01:36:00, по 2 пути в 01:27:00";"открытие в 05:30:00; закрытие в 01:00:00; первый поезд по 1 пути в 05:54:00, по 2 пути в 05:46:00; последний поезд по 1 пути в 01:36:00, по 2 пути в 01:27:00";"";"";"2";"[{global_id=3160, RepairOfEscalators=11.04.2023-28.04.2023}, {global_id=3357, RepairOfEscalators=11.09.2023-14.09.2023}, {global_id=3393, RepairOfEscalators=09.09.2023-15.12.2023}, {global_id=4023, RepairOfEscalators=03.03.2025-28.03.2025}, {global_id=4049, RepairOfEscalators=13.03.2025-29.04.2025}]";"действует";"[Geometry[type=Point, coordinates=[37.60817054, 55.76604793]]]";"{type=Point, coordinates=[37.60817054, 55.76604793]}";"1774159";
"";"";"Чеховская, вход-выход 12 в вестибюль";"12";"да";"Центральный административный округ";"Тверской район";"37.60811153";"55.76559428";"подземный";"Чеховская";"Серпуховско-Тимирязевская линия";"не является объектом культурного наследия";"открытие в 05:30:00; закрытие в 01:00:00; первый поезд по 1 пути в 05:54:00, по 2 пути в 05:46:00; последний поезд по 1 пути в 01:36:00, по 2 пути в 01:27:00";"открытие в 05:30:00; закрытие в 01:00:00; первый поезд по 1 пути в 05:54:00, по 2 пути в 05:46:00; последний поезд по 1 пути в 01:36:00, по 2 пути в 01:27:00";"";"";"2";"[{global_id=3159, RepairOfEscalators=11.04.2023-28.04.2023}, {global_id=3356, RepairOfEscalators=11.09.2023-14.09.2023}, {global_id=3392, RepairOfEscalators=09.09.2023-15.12.2023}, {global_id=4022, RepairOfEscalators=03.03.2025-28.03.2025}, {global_id=4048, RepairOfEscalators=13.03.2025-29.04.2025}]";"действует";"[Geometry[type=Point, coordinates=[37.60811153, 55.76559428]]]";"{type=Point, coordinates=[37.60811153, 55.76559428]}";"1774161";
"";"";"Белорусская, вход-выход 4 в вестибюль";"4";"да";"Центральный административный округ";"Тверской район";"37.58218133";"55.77726212";"наземный, встроенный в здание";"Белорусская";"Замоскворецкая линия";"выявленный объект культурного наследия";"открытие в 05:30:00, закрытие в 01:00:00, первый поезд по 1 пути в 05:51:00, по 2 пути в 05:37:00, последний поезд по 1 пути в 01:46:00, по 2 пути в 01:23:00";"открытие в 05:30:00, закрытие в 01:00:00, первый поезд по 1 пути в 05:51:00, по 2 пути в 05:37:00, последний поезд по 1 пути в 01:46:00, по 2 пути в 01:23:00";"";"";"4";"[{global_id=3086, RepairOfEscalators=06.02.2023-15.03.2023}]";"действует";"[Geometry[type=Point, coordinates=[37.58218133, 55.77726212]]]";"{type=Point, coordinates=[37.58218133, 55.77726212]}";"1774165";
"";"";"Маяковская, вход-выход 2 в южный вестибюль";"2";"да";"Центральный административный округ";"Тверской район";"37.59714769";"55.76958192";"подземный";"Маяковская";"Замоскворецкая линия";"объект культурного наследия регионального значения";"открытие в 05:30:00; закрытие в 01:00:00; первый поезд по 1 пути в 06:00:00, по 2 пути в 05:39:00; последний поезд по 1 пути в 01:44:00, по 2 пути в 01:25:00";"открытие в 05:30:00; закрытие в 01:00:00; первый поезд по 1 пути в 06:00:00, по 2 пути в 05:39:00; последний поезд по 1 пути в 01:44:00, по 2 пути в 01:25:00";"";"";"3";"[]";"действует";"[Geometry[type=Point, coordinates=[37.59714769, 55.76958192]]]";"{type=Point, coordinates=[37.59714769, 55.76958192]}";"1774167";
"";"";"Новокузнецкая, вход-выход 1 в вестибюль";"1";"да";"Центральный административный округ";"район Замоскворечье";"37.62919995";"55.74227110";"наземный отдельностоящий";"Новокузнецкая";"Замоскворецкая линия";"объект культурного наследия регионального значения";"открытие в 05:30:00; закрытие в 01:00:00; первый поезд по 1 пути в 05:53:00, по 2 пути в 05:46:00; последний поезд по 1 пути в 01:37:00, по 2 пути в 01:32:00";"открытие в 05:30:00; закрытие в 01:00:00; первый поезд по 1 пути в 05:53:00, по 2 пути в 05:46:00; последний поезд по 1 пути в 01:37:00, по 2 пути в 01:32:00";"";"";"2";"[]";"действует";"[Geometry[type=Point, coordinates=[37.62919995, 55.7422711]]]";"{type=Point, coordinates=[37.62919995, 55.7422711]}";"1774170";
"";"";"Измайловская, вход-выход 5 в западный вестибюль";"5";"да";"Восточный административный округ";"район Измайлово";"37.77984008";"55.78765987";"наземный отдельностоящий";"Измайловская";"Арбатско-Покровская линия";"не является объектом культурного наследия";"открытие в 05:30:00; закрытие в 01:00:00; первый поезд по 1 пути в 05:45:00, по 2 пути в 06:01:00; последний поезд по 1 пути в 01:08:00, по 2 пути в 02:01:00";"открытие в 05:30:00; закрытие в 01:00:00; первый поезд по 1 пути в 05:43:00, по 2 пути в 06:01:00; последний поезд по 1 пути в 01:08:00, по 2 пути в 02:01:00";"";"";"2";"[]";"действует";"[Geometry[type=Point, coordinates=[37.77984008, 55.78765987]]]";"{type=Point, coordinates=[37.77984008, 55.78765987]}";"1774171";
"";"";"Измайловская, вход-выход 2 в восточный вестибюль";"2";"да";"Восточный административный округ";"район Измайлово";"37.78344162";"55.78766323";"подземный";"Измайловская";"Арбатско-Покровская линия";"не является объектом культурного наследия";"открытие в 05:30:00; закрытие в 01:00:00; первый поезд по 1 пути в 05:45:00, по 2 пути в 06:01:00; последний поезд по 1 пути в 01:08:00, по 2 пути в 02:01:00";"открытие в 05:30:00; закрытие в 01:00:00; первый поезд по 1 пути в 05:43:00, по 2 пути в 06:01:00; последний поезд по 1 пути в 01:08:00, по 2 пути в 02:01:00";"";"";"2";"[]";"действует";"[Geometry[type=Point, coordinates=[37.78344162, 55.78766323]]]";"{type=Point, coordinates=[37.78344162, 55.78766323]}";"1774172";
"";"";"Речной вокзал, вход-выход 2 в южный вестибюль";"2";"да";"Северный административный округ";"район Левобережный";"37.47668667";"55.85429078";"наземный отдельностоящий";"Речной вокзал";"Замоскворецкая линия";"не является объектом культурного наследия";"открытие в 05:30:00; закрытие в 01:00:00; первый поезд по 1 пути в 05:50:00, по 62 пути в 05:51:00; последний поезд по 1 пути в 02:02:00, по 2 пути в 01:07:00";"открытие в 05:30:00; закрытие в 01:00:00; первый поезд по 1 пути в 05:52:00, по 2 пути в 05:40:00; последний поезд по 1 пути в 02:02:00, по 2 пути в 01:07:00";"";"";"3";"[{global_id=3640, RepairOfEscalators=23.04.2024-25.04.2024}, {global_id=3836, RepairOfEscalators=29.07.2024-30.08.2024}, {global_id=4037, RepairOfEscalators=05.03.2025-28.03.2025}]";"действует";"[Geometry[type=Point, coordinates=[37.47668667, 55.85429078]]]";"{type=Point, coordinates=[37.47668667, 55.85429078]}";"1774180";
"";"";"Войковская, вход-выход 2 в северный вестибюль";"2";"да";"Северный административный округ";"Войковский район";"37.49684637";"55.81964397";"подземный";"Войковская";"Замоскворецкая линия";"не является объектом культурного наследия";"открытие в 05:30:00; закрытие в 01:00:00; первый поезд по 1 пути в 05:57:00, по 2 пути в 05:46:00; последний поезд по 1 пути в 01:56:00, по 2 пути в 01:13:00";"открытие в 05:30:00; закрытие в 01:00:00; первый поезд по 1 пути в 05:57:00, по 2 пути в 05:46:00; последний поезд по 1 пути в 01:56:00, по 2 пути в 01:13:00";"";"";"3";"[]";"действует";"[Geometry[type=Point, coordinates=[37.49684637, 55.81964397]]]";"{type=Point, coordinates=[37.49684637, 55.81964397]}";"1774183";
"";"";"Сокол, выход 2 из восточного вестибюля";"2";"да";"Северный административный округ";"район Аэропорт";"37.51533754";"55.80547499";"подземный";"Сокол";"Замоскворецкая линия";"выявленный объект культурного наследия";"открытие в 05:20:00; закрытие в 01:01:00; первый поезд по 1 пути в 05:54:00, по 2 пути в 05:29:00; последний поезд по 1 пути в 01:53:00, по 2 пути в 01:16:00";"открытие в 05:20:00; закрытие в 01:01:00; первый поезд по 1 пути в 05:54:00, по 2 пути в 05:29:00; последний поезд по 1 пути в 01:53:00, по 2 пути в 01:16:00";"";"";"3";"[]";"действует";"[Geometry[type=Point, coordinates=[37.51533754, 55.80547499]]]";"{type=Point, coordinates=[37.51533754, 55.80547499]}";"1774184";
"";"";"Речной вокзал, вход-выход 1 в северный вестибюль";"1";"да";"Северный административный округ";"район Левобережный";"37.47572581";"55.85577204";"наземный отдельностоящий";"Речной вокзал";"Замоскворецкая линия";"не является объектом культурного наследия";"открытие в 05:30:00; закрытие в 01:00:00; первый поезд по 1 пути в 05:50:00, по 62 пути в 05:51:00; последний поезд по 1 пути в 02:02:00, по 2 пути в 01:07:00";"открытие в 05:30:00; закрытие в 01:00:00; первый поезд по 1 пути в 05:52:00, по 2 пути в 05:40:00; последний поезд по 1 пути в 02:02:00, по 2 пути в 01:07:00";"";"";"4";"[{global_id=2949, RepairOfEscalators=26.09.2022-28.10.2022}, {global_id=3476, RepairOfEscalators=04.12.2023-31.01.2024}, {global_id=3641, RepairOfEscalators=17.04.2024-23.04.2024}, {global_id=3835, RepairOfEscalators=29.07.2024-30.08.2024}]";"действует";"[Geometry[type=Point, coordinates=[37.47572581, 55.85577204]]]";"{type=Point, coordinates=[37.47572581, 55.85577204]}";"1774187";
"";"";"Тургеневская, вход-выход 5 в вестибюль";"5";"да";"Центральный административный округ";"Красносельский район";"37.63748615";"55.76571723";"подземный";"Тургеневская";"Калужско-Рижская линия";"не является объектом культурного наследия";"открытие в 05:30:00; закрытие в 01:00:00; первый поезд по 1 пути в 05:46:00, по 2 пути в 05:46:00; последний поезд по 1 пути в 01:38:00, по 2 пути в 01:24:00";"открытие в 05:30:00; закрытие в 01:00:00; первый поезд по 1 пути в 05:45:00, по 2 пути в 05:46:00; последний поезд по 1 пути в 01:38:00, по 2 пути в 01:24:00";"";"";"3";"[{global_id=3046, RepairOfEscalators=01.11.2022-30.12.2022}, {global_id=3687, RepairOfEscalators=22.04.2024-01.07.2024}, {global_id=3846, RepairOfEscalators=19.08.2024-05.09.2024}, {global_id=3914, RepairOfEscalators=10.10.2024-28.11.2024}, {global_id=3966, RepairOfEscalators=15.01.2025-27.03.2025}]";"действует";"[Geometry[type=Point, coordinates=[37.63748615, 55.76571723]]]";"{type=Point, coordinates=[37.63748615, 55.76571723]}";"1774190";
"";"";"Сухаревская, вход-выход 4 в вестибюль";"4";"да";"Центральный административный округ";"Мещанский район";"37.63283288";"55.77296590";"подземный";"Сухаревская";"Калужско-Рижская линия";"не является объектом культурного наследия";"открытие в 05:30:00; закрытие в 01:00:00; первый поезд по 1 пути в 05:48:00, по 2 пути в 05:44:00; последний поезд по 1 пути в 01:39:00, по 2 пути в 01:22:00";"открытие в 05:30:00; закрытие в 01:00:00; первый поезд по 1 пути в 05:47:00, по 2 пути в 05:44:00; последний поезд по 1 пути в 01:39:00, по 2 пути в 01:22:00";"";"";"4";"[{global_id=2980, RepairOfEscalators=19.10.2022-03.11.2022}, {global_id=3904, RepairOfEscalators=26.09.2024-07.11.2024}]";"действует";"[Geometry[type=Point, coordinates=[37.63283288, 55.7729659]]]";"{type=Point, coordinates=[37.63283288, 55.7729659]}";"1774191";
"";"";"Сухаревская, вход-выход 3 в вестибюль";"3";"да";"Центральный административный округ";"Мещанский район";"37.63191020";"55.77300824";"подземный";"Сухаревская";"Калужско-Рижская линия";"не является объектом культурного наследия";"открытие в 05:30:00; закрытие в 01:00:00; первый поезд по 1 пути в 05:48:00, по 2 пути в 05:44:00; последний поезд по 1 пути в 01:39:00, по 2 пути в 01:22:00";"открытие в 05:30:00; закрытие в 01:00:00; первый поезд по 1 пути в 05:47:00, по 2 пути в 05:44:00; последний поезд по 1 пути в 01:39:00, по 2 пути в 01:22:00";"";"";"4";"[{global_id=2981, RepairOfEscalators=19.10.2022-03.11.2022}, {global_id=3903, RepairOfEscalators=26.09.2024-07.11.2024}]";"действует";"[Geometry[type=Point, coordinates=[37.6319102, 55.77300824]]]";"{type=Point, coordinates=[37.6319102, 55.77300824]}";"1774192";
"";"";"Ботанический сад, вход-выход 3 в северный вестибюль";"3";"да";"Северо-Восточный административный округ";"район Свиблово";"37.63849227";"55.84634446";"подземный";"Ботанический сад";"Калужско-Рижская линия";"не является объектом культурного наследия";"открытие в 05:25:00; закрытие в 01:00:00; первый поезд по 1 пути в 06:01:00, по 2 пути в 05:31:00; последний поезд по 1 пути в 01:52:00, по 2 пути в 01:10:00";"открытие в 05:25:00; закрытие в 01:00:00; первый поезд по 1 пути в 06:00:00, по 2 пути в 05:31:00; последний поезд по 1 пути в 01:52:00, по 2 пути в 01:10:00";"";"";"4";"[]";"действует";"[Geometry[type=Point, coordinates=[37.63849227, 55.84634446]]]";"{type=Point, coordinates=[37.63849227, 55.84634446]}";"1774198";
"";"";"Перово, вход-выход 3 в западный вестибюль";"3";"да";"Восточный административный округ";"район Новогиреево";"37.78507471";"55.75061711";"подземный";"Перово";"Калининская линия";"не является объектом культурного наследия";"открытие в 05:25:00; закрытие в 01:00:00; первый поезд по 1 пути в 05:33:00, по 2 пути в 05:56:00; последний поезд по 1 пути в 01:09:00, по 2 пути в 01:17:00";"открытие в 05:25:00; закрытие в 01:00:00; первый поезд по 1 пути в 05:33:00, по 2 пути в 05:56:00; последний поезд по 1 пути в 01:09:00, по 2 пути в 01:17:00";"";"";"4";"[]";"действует";"[Geometry[type=Point, coordinates=[37.78507471, 55.75061711]]]";"{type=Point, coordinates=[37.78507471, 55.75061711]}";"1774199";
"";"";"Новогиреево, вход-выход 8 в западный вестибюль";"8";"да";"Восточный административный округ";"район Новогиреево";"37.81528665";"55.75214727";"подземный";"Новогиреево";"Калининская линия";"не является объектом культурного наследия";"открытие в 05:25:00; закрытие в 01:00:00; первый поезд по 1 пути в 05:30:00, по 2 пути в 05:59:00; последний поезд по 1 пути в 01:07:00, по 2 пути в 01:20:00";"открытие в 05:25:00; закрытие в 01:00:00; первый поезд по 1 пути в 05:30:00, по 2 пути в 05:59:00; последний поезд по 1 пути в 01:07:00, по 2 пути в 01:20:00";"";"";"3";"[]";"действует";"[Geometry[type=Point, coordinates=[37.81528665, 55.75214727]]]";"{type=Point, coordinates=[37.81528665, 55.75214727]}";"1774200";
"";"";"Новогиреево, вход-выход 6 в западный вестибюль";"6";"да";"Восточный административный округ";"район Новогиреево";"37.81430496";"55.75182658";"подземный";"Новогиреево";"Калининская линия";"не является объектом культурного наследия";"открытие в 05:25:00; закрытие в 01:00:00; первый поезд по 1 пути в 05:30:00, по 2 пути в 05:59:00; последний поезд по 1 пути в 01:07:00, по 2 пути в 01:20:00";"открытие в 05:25:00; закрытие в 01:00:00; первый поезд по 1 пути в 05:30:00, по 2 пути в 05:59:00; последний поезд по 1 пути в 01:07:00, по 2 пути в 01:20:00";"";"";"3";"[]";"действует";"[Geometry[type=Point, coordinates=[37.81430496, 55.75182658]]]";"{type=Point, coordinates=[37.81430496, 55.75182658]}";"1774201";
"";"";"Новогиреево, вход-выход 2 в восточный вестибюль";"2";"да";"Восточный административный округ";"район Новогиреево";"37.81885398";"55.75159665";"подземный";"Новогиреево";"Калининская линия";"не является объектом культурного наследия";"открытие в 05:25:00; закрытие в 01:00:00; первый поезд по 1 пути в 05:30:00, по 2 пути в 05:59:00; последний поезд по 1 пути в 01:07:00, по 2 пути в 01:20:00";"открытие в 05:25:00; закрытие в 01:00:00; первый поезд по 1 пути в 05:30:00, по 2 пути в 05:59:00; последний поезд по 1 пути в 01:07:00, по 2 пути в 01:20:00";"";"";"6";"[]";"действует";"[Geometry[type=Point, coordinates=[37.81885398, 55.75159665]]]";"{type=Point, coordinates=[37.81885398, 55.75159665]}";"1774202";
"";"";"Новогиреево, вход-выход 4 в восточный вестибюль";"4";"да";"Восточный административный округ";"район Новогиреево";"37.81805469";"55.75126990";"подземный";"Новогиреево";"Калининская линия";"не является объектом культурного наследия";"открытие в 05:25:00; закрытие в 01:00:00; первый поезд по 1 пути в 05:30:00, по 2 пути в 05:59:00; последний поезд по 1 пути в 01:07:00, по 2 пути в 01:20:00";"открытие в 05:25:00; закрытие в 01:00:00; первый поезд по 1 пути в 05:30:00, по 2 пути в 05:59:00; последний поезд по 1 пути в 01:07:00, по 2 пути в 01:20:00";"";"";"6";"[]";"действует";"[Geometry[type=Point, coordinates=[37.81805469, 55.7512699]]]";"{type=Point, coordinates=[37.81805469, 55.7512699]}";"1774203";
"";"";"Тёплый стан, вход-выход 2 в южный вестибюль";"2";"да";"Юго-Западный административный округ";"район Ясенево";"37.50813442";"55.61780074";"подземный";"Тёплый стан";"Калужско-Рижская линия";"не является объектом культурного наследия";"открытие в 05:30:00; закрытие в 01:00:00; первый поезд по 1 пути в 05:49:00, по 2 пути в 05:48:00; последний поезд по 1 пути в 01:08:00, по 2 пути в 01:54:00";"открытие в 05:30:00; закрытие в 01:00:00; первый поезд по 1 пути в 05:48:00, по 2 пути в 05:46:00; последний поезд по 1 пути в 01:08:00, по 2 пути в 01:54:00";"";"";"8";"[]";"действует";"[Geometry[type=Point, coordinates=[37.50813442, 55.61780074]]]";"{type=Point, coordinates=[37.50813442, 55.61780074]}";"1774204";
"";"";"Тёплый стан, вход-выход 4 в южный вестибюль";"4";"да";"Юго-Западный административный округ";"район Ясенево";"37.50783938";"55.61750683";"подземный";"Тёплый стан";"Калужско-Рижская линия";"не является объектом культурного наследия";"открытие в 05:30:00; закрытие в 01:00:00; первый поезд по 1 пути в 05:49:00, по 2 пути в 05:48:00; последний поезд по 1 пути в 01:08:00, по 2 пути в 01:54:00";"открытие в 05:30:00; закрытие в 01:00:00; первый поезд по 1 пути в 05:48:00, по 2 пути в 05:46:00; последний поезд по 1 пути в 01:08:00, по 2 пути в 01:54:00";"";"";"8";"[]";"действует";"[Geometry[type=Point, coordinates=[37.50783938, 55.61750683]]]";"{type=Point, coordinates=[37.50783938, 55.61750683]}";"1774205";
"";"";"Тёплый стан, вход-выход 3 в южный вестибюль";"3";"да";"Юго-Западный административный округ";"район Ясенево";"37.50838118";"55.61730949";"подземный";"Тёплый стан";"Калужско-Рижская линия";"не является объектом культурного наследия";"открытие в 05:30:00; закрытие в 01:00:00; первый поезд по 1 пути в 05:49:00, по 2 пути в 05:48:00; последний поезд по 1 пути в 01:08:00, по 2 пути в 01:54:00";"открытие в 05:30:00; закрытие в 01:00:00; первый поезд по 1 пути в 05:48:00, по 2 пути в 05:46:00; последний поезд по 1 пути в 01:08:00, по 2 пути в 01:54:00";"";"";"8";"[]";"действует";"[Geometry[type=Point, coordinates=[37.50838118, 55.61730949]]]";"{type=Point, coordinates=[37.50838118, 55.61730949]}";"1774206";
"";"";"Тёплый стан, вход-выход 9 в северный вестибюль";"9";"да";"Юго-Западный административный округ";"район Тёплый Стан";"37.50550317";"55.62013277";"подземный";"Тёплый стан";"Калужско-Рижская линия";"не является объектом культурного наследия";"открытие в 05:30:00; закрытие в 01:00:00; первый поезд по 1 пути в 05:49:00, по 2 пути в 05:48:00; последний поезд по 1 пути в 01:08:00, по 2 пути в 01:54:00";"открытие в 05:30:00; закрытие в 01:00:00; первый поезд по 1 пути в 05:48:00, по 2 пути в 05:46:00; последний поезд по 1 пути в 01:08:00, по 2 пути в 01:54:00";"";"";"6";"[]";"действует";"[Geometry[type=Point, coordinates=[37.50550317, 55.62013277]]]";"{type=Point, coordinates=[37.50550317, 55.62013277]}";"1774207";
"";"";"Коньково, вход-выход 2 в южный вестибюль";"2";"да";"Юго-Западный административный округ";"район Коньково";"37.51913612";"55.63182049";"подземный";"Коньково";"Калужско-Рижская линия";"не является объектом культурного наследия";"открытие в 05:30:00; закрытие в 01:00:00; первый поезд по 1 пути в 05:52:00, по 2 пути в 05:45:00; последний поезд по 1 пути в 01:11:00, по 2 пути в 01:51:00";"открытие в 05:30:00; закрытие в 01:00:00; первый поезд по 1 пути в 05:50:00, по 2 пути в 05:43:00; последний поезд по 1 пути в 01:11:00, по 2 пути в 01:51:00";"";"";"3";"[]";"действует";"[Geometry[type=Point, coordinates=[37.51913612, 55.63182049]]]";"{type=Point, coordinates=[37.51913612, 55.63182049]}";"1774208";
"";"";"Коньково, вход-выход 3 в южный вестибюль";"3";"да";"Юго-Западный административный округ";"район Тёплый Стан";"37.51782184";"55.63213004";"подземный";"Коньково";"Калужско-Рижская линия";"не является объектом культурного наследия";"открытие в 05:30:00; закрытие в 01:00:00; первый поезд по 1 пути в 05:52:00, по 2 пути в 05:45:00; последний поезд по 1 пути в 01:11:00, по 2 пути в 01:51:00";"открытие в 05:30:00; закрытие в 01:00:00; первый поезд по 1 пути в 05:50:00, по 2 пути в 05:43:00; последний поезд по 1 пути в 01:11:00, по 2 пути в 01:51:00";"";"";"3";"[]";"действует";"[Geometry[type=Point, coordinates=[37.51782184, 55.63213004]]]";"{type=Point, coordinates=[37.51782184, 55.63213004]}";"1774209";
"";"";"Коньково, вход-выход 5 в северный вестибюль";"5";"да";"Юго-Западный административный округ";"район Тёплый Стан";"37.51917860";"55.63408962";"подземный";"Коньково";"Калужско-Рижская линия";"не является объектом культурного наследия";"открытие в 05:30:00; закрытие в 01:00:00; первый поезд по 1 пути в 05:52:00, по 2 пути в 05:45:00; последний поезд по 1 пути в 01:11:00, по 2 пути в 01:51:00";"открытие в 05:30:00; закрытие в 01:00:00; первый поезд по 1 пути в 05:50:00, по 2 пути в 05:43:00; последний поезд по 1 пути в 01:11:00, по 2 пути в 01:51:00";"";"";"3";"[]";"действует";"[Geometry[type=Point, coordinates=[37.5191786, 55.63408962]]]";"{type=Point, coordinates=[37.5191786, 55.63408962]}";"1774210";
"";"";"Коньково, вход-выход 7 в северный вестибюль";"7";"да";"Юго-Западный административный округ";"район Коньково";"37.51932881";"55.63478454";"подземный";"Коньково";"Калужско-Рижская линия";"не является объектом культурного наследия";"открытие в 05:30:00; закрытие в 01:00:00; первый поезд по 1 пути в 05:52:00, по 2 пути в 05:45:00; последний поезд по 1 пути в 01:11:00, по 2 пути в 01:51:00";"открытие в 05:30:00; закрытие в 01:00:00; первый поезд по 1 пути в 05:50:00, по 2 пути в 05:43:00; последний поезд по 1 пути в 01:11:00, по 2 пути в 01:51:00";"";"";"3";"[]";"действует";"[Geometry[type=Point, coordinates=[37.51932881, 55.63478454]]]";"{type=Point, coordinates=[37.51932881, 55.63478454]}";"1774211";
"";"";"Беляево, вход-выход 2 в южный вестибюль";"2";"да";"Юго-Западный административный округ";"район Коньково";"37.52520602";"55.64162206";"подземный";"Беляево";"Калужско-Рижская линия";"не является объектом культурного наследия";"открытие в 05:30:00; закрытие в 01:00:00; первый поезд по 1 пути в 05:42:00, по 2 пути в 05:43:00; последний поезд по 1 пути в 01:12:00, по 2 пути в 01:49:00";"открытие в 05:30:00; закрытие в 01:00:00; первый поезд по 1 пути в 05:52:00, по 2 пути в 05:52:00; последний поезд по 1 пути в 01:12:00, по 2 пути в 01:49:00";"";"";"3";"[]";"действует";"[Geometry[type=Point, coordinates=[37.52520602, 55.64162206]]]";"{type=Point, coordinates=[37.52520602, 55.64162206]}";"1774212";
"";"";"Беляево, вход-выход 3 в южный вестибюль";"3";"да";"Юго-Западный административный округ";"район Коньково";"37.52602142";"55.64170095";"подземный";"Беляево";"Калужско-Рижская линия";"не является объектом культурного наследия";"открытие в 05:30:00; закрытие в 01:00:00; первый поезд по 1 пути в 05:42:00, по 2 пути в 05:43:00; последний поезд по 1 пути в 01:12:00, по 2 пути в 01:49:00";"открытие в 05:30:00; закрытие в 01:00:00; первый поезд по 1 пути в 05:52:00, по 2 пути в 05:52:00; последний поезд по 1 пути в 01:12:00, по 2 пути в 01:49:00";"";"";"3";"[]";"действует";"[Geometry[type=Point, coordinates=[37.52602142, 55.64170095]]]";"{type=Point, coordinates=[37.52602142, 55.64170095]}";"1774213";
"";"";"Беляево, вход-выход 6 в северный вестибюль";"6";"да";"Юго-Западный административный округ";"район Коньково";"37.52659351";"55.64359196";"подземный";"Беляево";"Калужско-Рижская линия";"не является объектом культурного наследия";"открытие в 05:30:00; закрытие в 01:00:00; первый поезд по 1 пути в 05:42:00, по 2 пути в 05:43:00; последний поезд по 1 пути в 01:12:00, по 2 пути в 01:49:00";"открытие в 05:30:00; закрытие в 01:00:00; первый поезд по 1 пути в 05:52:00, по 2 пути в 05:52:00; последний поезд по 1 пути в 01:12:00, по 2 пути в 01:49:00";"";"";"3";"[{global_id=3313, RepairOfEscalators=04.08.2023-11.08.2023}]";"действует";"[Geometry[type=Point, coordinates=[37.52659351, 55.64359196]]]";"{type=Point, coordinates=[37.52659351, 55.64359196]}";"1774214";
"";"";"Беляево, вход-выход 7 в северный вестибюль";"7";"да";"Юго-Западный административный округ";"район Коньково";"37.52737671";"55.64367084";"подземный";"Беляево";"Калужско-Рижская линия";"не является объектом культурного наследия";"открытие в 05:30:00; закрытие в 01:00:00; первый поезд по 1 пути в 05:42:00, по 2 пути в 05:43:00; последний поезд по 1 пути в 01:12:00, по 2 пути в 01:49:00";"открытие в 05:30:00; закрытие в 01:00:00; первый поезд по 1 пути в 05:52:00, по 2 пути в 05:52:00; последний поезд по 1 пути в 01:12:00, по 2 пути в 01:49:00";"";"";"3";"[{global_id=3314, RepairOfEscalators=04.08.2023-11.08.2023}]";"действует";"[Geometry[type=Point, coordinates=[37.52737671, 55.64367084]]]";"{type=Point, coordinates=[37.52737671, 55.64367084]}";"1774215";
"";"";"Новые Черёмушки, вход-выход 2 в южный вестибюль";"2";"да";"Юго-Западный административный округ";"район Черёмушки";"37.55391881";"55.66927189";"подземный";"Новые Черёмушки";"Калужско-Рижская линия";"не является объектом культурного наследия";"открытие в 05:30:00; закрытие в 01:00:00; первый поезд по 1 пути в 05:35:00, по 2 пути в 05:47:00; последний поезд по 1 пути в 01:18:00, по 2 пути в 01:44:00";"открытие в 05:30:00; закрытие в 01:00:00; первый поезд по 1 пути в 05:35:00, по 2 пути в 05:47:00; последний поезд по 1 пути в 01:18:00, по 2 пути в 01:44:00";"";"";"2";"[]";"действует";"[Geometry[type=Point, coordinates=[37.55391881, 55.66927189]]]";"{type=Point, coordinates=[37.55391881, 55.66927189]}";"1774217";
"";"";"Новые Черёмушки, вход-выход 5 в северный вестибюль";"5";"да";"Юго-Западный административный округ";"район Черёмушки";"37.55509941";"55.67105387";"подземный";"Новые Черёмушки";"Калужско-Рижская линия";"не является объектом культурного наследия";"открытие в 05:30:00; закрытие в 01:00:00; первый поезд по 1 пути в 05:35:00, по 2 пути в 05:47:00; последний поезд по 1 пути в 01:18:00, по 2 пути в 01:44:00";"открытие в 05:30:00; закрытие в 01:00:00; первый поезд по 1 пути в 05:35:00, по 2 пути в 05:47:00; последний поезд по 1 пути в 01:18:00, по 2 пути в 01:44:00";"";"";"3";"[]";"действует";"[Geometry[type=Point, coordinates=[37.55509941, 55.67105387]]]";"{type=Point, coordinates=[37.55509941, 55.67105387]}";"1774218";
"";"";"Октябрьская, выход 2 из вестибюля";"2";"да";"Центральный административный округ";"район Якиманка";"37.61084798";"55.72939117";"наземный, встроенный в здание";"Октябрьская";"Кольцевая линия";"не является объектом культурного наследия";"открытие в 05:30:00; закрытие в 01:00:00; первый поезд по 1 пути в 05:56:00, по 2 пути в 05:43:00; последний поезд по 1 пути в 01:38:00, по 2 пути в 01:20:00";"открытие в 05:30:00; закрытие в 01:00:00; первый поезд по 1 пути в 05:56:00, по 2 пути в 05:42:00; последний поезд по 1 пути в 01:38:00, по 2 пути в 01:19:00";"";"";"3";"[{global_id=3008, RepairOfEscalators=09.11.2022-01.12.2022}, {global_id=3411, RepairOfEscalators=23.10.2023-21.12.2023}]";"действует";"[Geometry[type=Point, coordinates=[37.61084798, 55.72939117]]]";"{type=Point, coordinates=[37.61084798, 55.72939117]}";"1774220";
"";"";"Калужская, вход-выход 4 в южный вестибюль";"4";"да";"Юго-Западный административный округ";"Обручевский район";"37.53916143";"55.65634903";"подземный";"Калужская";"Калужско-Рижская линия";"не является объектом культурного наследия";"открытие в 05:30:00; закрытие в 01:00:00; первый поезд по 1 пути в 05:45:00, по 2 пути в 05:40:00; последний поезд по 1 пути в 01:15:00, по 2 пути в 01:47:00";"открытие в 05:30:00; закрытие в 01:00:00; первый поезд по 1 пути в 05:51:00, по 2 пути в 05:49:00; последний поезд по 1 пути в 01:15:00, по 2 пути в 01:47:00";"";"";"4";"[{global_id=3869, RepairOfEscalators=09.09.2024-18.12.2024}]";"действует";"[Geometry[type=Point, coordinates=[37.53916143, 55.65634903]]]";"{type=Point, coordinates=[37.53916143, 55.65634903]}";"1774222";
"";"";"Калужская, вход-выход 2 в южный вестибюль";"2";"да";"Юго-Западный административный округ";"район Черёмушки";"37.53999292";"55.65605731";"подземный";"Калужская";"Калужско-Рижская линия";"не является объектом культурного наследия";"открытие в 05:30:00; закрытие в 01:00:00; первый поезд по 1 пути в 05:45:00, по 2 пути в 05:40:00; последний поезд по 1 пути в 01:15:00, по 2 пути в 01:47:00";"открытие в 05:30:00; закрытие в 01:00:00; первый поезд по 1 пути в 05:51:00, по 2 пути в 05:49:00; последний поезд по 1 пути в 01:15:00, по 2 пути в 01:47:00";"";"";"4";"[{global_id=3867, RepairOfEscalators=09.09.2024-18.12.2024}]";"действует";"[Geometry[type=Point, coordinates=[37.53999292, 55.65605731]]]";"{type=Point, coordinates=[37.53999292, 55.65605731]}";"1774223";
"";"";"Свиблово, вход-выход 4 в южный вестибюль";"4";"да";"Северо-Восточный административный округ";"район Свиблово";"37.65107783";"55.85457226";"подземный";"Свиблово";"Калужско-Рижская линия";"не является объектом культурного наследия";"открытие в 05:20:00; закрытие в 01:00:00; первый поезд по 1 пути в 06:04:00, по 2 пути в 05:29:00; последний поезд по 1 пути в 01:54:00, по 2 пути в 01:08:00";"открытие в 05:20:00; закрытие в 01:00:00; первый поезд по 1 пути в 06:02:00, по 2 пути в 05:29:00; последний поезд по 1 пути в 01:54:00, по 2 пути в 01:08:00";"";"";"2";"[]";"действует";"[Geometry[type=Point, coordinates=[37.65107783, 55.85457226]]]";"{type=Point, coordinates=[37.65107783, 55.85457226]}";"1774225";
"";"";"Бабушкинская, вход-выход 5 в южный вестибюль";"5";"да";"Северо-Восточный административный округ";"Бабушкинский район";"37.66318968";"55.86841895";"подземный";"Бабушкинская";"Калужско-Рижская линия";"не является объектом культурного наследия";"открытие в 05:30:00; закрытие в 01:00:00; первый поезд по 1 пути в 06:06:00, по 2 пути в 05:42:00; последний поезд по 1 пути в 01:57:00, по 2 пути в 01:05:00";"открытие в 05:30:00; закрытие в 01:00:00; первый поезд по 1 пути в 06:05:00, по 2 пути в 05:42:00; последний поезд по 1 пути в 01:57:00, по 2 пути в 01:05:00";"";"";"5";"[{global_id=3465, RepairOfEscalators=17.11.2023-31.12.2023}, {global_id=3945, RepairOfEscalators=17.11.2024-28.12.2024}]";"действует";"[Geometry[type=Point, coordinates=[37.66318968, 55.86841895]]]";"{type=Point, coordinates=[37.66318968, 55.86841895]}";"1774226";
"";"";"Бабушкинская, вход-выход 2 в северный вестибюль";"2";"да";"Северо-Восточный административный округ";"Бабушкинский район";"37.66438912";"55.87074397";"подземный";"Бабушкинская";"Калужско-Рижская линия";"не является объектом культурного наследия";"открытие в 05:30:00; закрытие в 01:00:00; первый поезд по 1 пути в 06:06:00, по 2 пути в 05:42:00; последний поезд по 1 пути в 01:57:00, по 2 пути в 01:05:00";"открытие в 05:30:00; закрытие в 01:00:00; первый поезд по 1 пути в 06:05:00, по 2 пути в 05:42:00; последний поезд по 1 пути в 01:57:00, по 2 пути в 01:05:00";"";"";"6";"[]";"действует";"[Geometry[type=Point, coordinates=[37.66438912, 55.87074397]]]";"{type=Point, coordinates=[37.66438912, 55.87074397]}";"1774227";
"";"";"Бабушкинская, вход-выход 3 в северный вестибюль";"3";"да";"Северо-Восточный административный округ";"Бабушкинский район";"37.66524742";"55.87059618";"подземный";"Бабушкинская";"Калужско-Рижская линия";"не является объектом культурного наследия";"открытие в 05:30:00; закрытие в 01:00:00; первый поезд по 1 пути в 06:06:00, по 2 пути в 05:42:00; последний поезд по 1 пути в 01:57:00, по 2 пути в 01:05:00";"открытие в 05:30:00; закрытие в 01:00:00; первый поезд по 1 пути в 06:05:00, по 2 пути в 05:42:00; последний поезд по 1 пути в 01:57:00, по 2 пути в 01:05:00";"";"";"6";"[]";"действует";"[Geometry[type=Point, coordinates=[37.66524742, 55.87059618]]]";"{type=Point, coordinates=[37.66524742, 55.87059618]}";"1774228";
"";"";"Перово, вход-выход 4 в западный вестибюль";"4";"да";"Восточный административный округ";"район Перово";"37.78476894";"55.75055357";"подземный";"Перово";"Калининская линия";"не является объектом культурного наследия";"открытие в 05:25:00; закрытие в 01:00:00; первый поезд по 1 пути в 05:33:00, по 2 пути в 05:56:00; последний поезд по 1 пути в 01:09:00, по 2 пути в 01:17:00";"открытие в 05:25:00; закрытие в 01:00:00; первый поезд по 1 пути в 05:33:00, по 2 пути в 05:56:00; последний поезд по 1 пути в 01:09:00, по 2 пути в 01:17:00";"";"";"4";"[]";"действует";"[Geometry[type=Point, coordinates=[37.78476894, 55.75055357]]]";"{type=Point, coordinates=[37.78476894, 55.75055357]}";"1774233";
"";"";"Новые Черёмушки, вход-выход 8 в северный вестибюль";"8";"да";"Юго-Западный административный округ";"район Черёмушки";"37.55564121";"55.67087499";"подземный";"Новые Черёмушки";"Калужско-Рижская линия";"не является объектом культурного наследия";"открытие в 05:30:00; закрытие в 01:00:00; первый поезд по 1 пути в 05:35:00, по 2 пути в 05:47:00; последний поезд по 1 пути в 01:18:00, по 2 пути в 01:44:00";"открытие в 05:30:00; закрытие в 01:00:00; первый поезд по 1 пути в 05:35:00, по 2 пути в 05:47:00; последний поезд по 1 пути в 01:18:00, по 2 пути в 01:44:00";"";"";"3";"[]";"действует";"[Geometry[type=Point, coordinates=[37.55564121, 55.67087499]]]";"{type=Point, coordinates=[37.55564121, 55.67087499]}";"1774234";
"";"";"Профсоюзная, вход-выход 3 в южный вестибюль";"3";"да";"Юго-Западный административный округ";"район Черёмушки";"37.56165190";"55.67713750";"подземный";"Профсоюзная";"Калужско-Рижская линия";"не является объектом культурного наследия";"открытие в 05:30:00; закрытие в 01:00:00; первый поезд по 1 пути в 05:36:00, по 2 пути в 06:05:00; последний поезд по 1 пути в 01:20:00, по 2 пути в 01:42:00";"открытие в 05:30:00; закрытие в 01:00:00; первый поезд по 1 пути в 05:36:00, по 2 пути в 06:05:00; последний поезд по 1 пути в 01:20:00, по 2 пути в 01:42:00";"";"";"4";"[]";"действует";"[Geometry[type=Point, coordinates=[37.5616519, 55.6771375]]]";"{type=Point, coordinates=[37.5616519, 55.6771375]}";"1774235";
"";"";"Профсоюзная, вход-выход 2 в южный вестибюль";"2";"да";"Юго-Западный административный округ";"район Черёмушки";"37.56218835";"55.67695866";"подземный";"Профсоюзная";"Калужско-Рижская линия";"не является объектом культурного наследия";"открытие в 05:30:00; закрытие в 01:00:00; первый поезд по 1 пути в 05:36:00, по 2 пути в 06:05:00; последний поезд по 1 пути в 01:20:00, по 2 пути в 01:42:00";"открытие в 05:30:00; закрытие в 01:00:00; первый поезд по 1 пути в 05:36:00, по 2 пути в 06:05:00; последний поезд по 1 пути в 01:20:00, по 2 пути в 01:42:00";"";"";"4";"[]";"временно закрыт";"[Geometry[type=Point, coordinates=[37.56218835, 55.67695866]]]";"{type=Point, coordinates=[37.56218835, 55.67695866]}";"1774236";
"";"";"Профсоюзная, вход-выход 5 в северный вестибюль";"5";"да";"Юго-Западный административный округ";"Академический район";"37.56336370";"55.67874208";"подземный";"Профсоюзная";"Калужско-Рижская линия";"не является объектом культурного наследия";"открытие в 05:30:00; закрытие в 01:00:00; первый поезд по 1 пути в 05:36:00, по 2 пути в 06:05:00; последний поезд по 1 пути в 01:20:00, по 2 пути в 01:42:00";"открытие в 05:30:00; закрытие в 01:00:00; первый поезд по 1 пути в 05:36:00, по 2 пути в 06:05:00; последний поезд по 1 пути в 01:20:00, по 2 пути в 01:42:00";"";"";"3";"[]";"действует";"[Geometry[type=Point, coordinates=[37.5633637, 55.67874208]]]";"{type=Point, coordinates=[37.5633637, 55.67874208]}";"1774237";
"";"";"Профсоюзная, вход-выход 8 в северный вестибюль";"8";"да";"Юго-Западный административный округ";"Академический район";"37.56392697";"55.67856021";"подземный";"Профсоюзная";"Калужско-Рижская линия";"не является объектом культурного наследия";"открытие в 05:30:00; закрытие в 01:00:00; первый поезд по 1 пути в 05:36:00, по 2 пути в 06:05:00; последний поезд по 1 пути в 01:20:00, по 2 пути в 01:42:00";"открытие в 05:30:00; закрытие в 01:00:00; первый поезд по 1 пути в 05:36:00, по 2 пути в 06:05:00; последний поезд по 1 пути в 01:20:00, по 2 пути в 01:42:00";"";"";"3";"[]";"действует";"[Geometry[type=Point, coordinates=[37.56392697, 55.67856021]]]";"{type=Point, coordinates=[37.56392697, 55.67856021]}";"1774238";
"";"";"Академическая, вход-выход 3 в южный вестибюль";"3";"да";"Юго-Западный административный округ";"Академический район";"37.57214394";"55.68700066";"подземный";"Академическая";"Калужско-Рижская линия";"не является объектом культурного наследия";"открытие в 05:30:00; закрытие в 01:00:00; первый поезд по 1 пути в 05:38:00, по 2 пути в 06:03:00; последний поезд по 1 пути в 01:21:00, по 2 пути в 01:40:00";"открытие в 05:30:00; закрытие в 01:00:00; первый поезд по 1 пути в 05:38:00, по 2 пути в 06:03:00; последний поезд по 1 пути в 01:21:00, по 2 пути в 01:40:00";"";"";"4";"[{global_id=3009, RepairOfEscalators=09.11.2022-09.12.2022}, {global_id=3545, RepairOfEscalators=31.01.2024-19.03.2024}, {global_id=3862, RepairOfEscalators=25.08.2024-06.09.2024}]";"действует";"[Geometry[type=Point, coordinates=[37.57214394, 55.68700066]]]";"{type=Point, coordinates=[37.57214394, 55.68700066]}";"1774239";
"";"";"Академическая, вход-выход 2 в южный вестибюль";"2";"да";"Юго-Западный административный округ";"Академический район";"37.57279840";"55.68675216";"подземный";"Академическая";"Калужско-Рижская линия";"не является объектом культурного наследия";"открытие в 05:30:00; закрытие в 01:00:00; первый поезд по 1 пути в 05:38:00, по 2 пути в 06:03:00; последний поезд по 1 пути в 01:21:00, по 2 пути в 01:40:00";"открытие в 05:30:00; закрытие в 01:00:00; первый поезд по 1 пути в 05:38:00, по 2 пути в 06:03:00; последний поезд по 1 пути в 01:21:00, по 2 пути в 01:40:00";"";"";"4";"[{global_id=3010, RepairOfEscalators=09.11.2022-09.12.2022}, {global_id=3544, RepairOfEscalators=31.01.2024-19.03.2024}, {global_id=3861, RepairOfEscalators=25.08.2024-06.09.2024}]";"действует";"[Geometry[type=Point, coordinates=[37.5727984, 55.68675216]]]";"{type=Point, coordinates=[37.5727984, 55.68675216]}";"1774240";
"";"";"Академическая, вход-выход 6 в северный вестибюль";"6";"да";"Юго-Западный административный округ";"Академический район";"37.57410736";"55.68882937";"подземный";"Академическая";"Калужско-Рижская линия";"не является объектом культурного наследия";"открытие в 05:30:00; закрытие в 01:00:00; первый поезд по 1 пути в 05:38:00, по 2 пути в 06:03:00; последний поезд по 1 пути в 01:21:00, по 2 пути в 01:40:00";"открытие в 05:30:00; закрытие в 01:00:00; первый поезд по 1 пути в 05:38:00, по 2 пути в 06:03:00; последний поезд по 1 пути в 01:21:00, по 2 пути в 01:40:00";"";"";"2";"[]";"действует";"[Geometry[type=Point, coordinates=[37.57410736, 55.68882937]]]";"{type=Point, coordinates=[37.57410736, 55.68882937]}";"1774241";
"";"";"Академическая, вход-выход 7 в северный вестибюль";"7";"да";"Юго-Западный административный округ";"Академический район";"37.57484765";"55.68865721";"подземный";"Академическая";"Калужско-Рижская линия";"не является объектом культурного наследия";"открытие в 05:30:00; закрытие в 01:00:00; первый поезд по 1 пути в 05:38:00, по 2 пути в 06:03:00; последний поезд по 1 пути в 01:21:00, по 2 пути в 01:40:00";"открытие в 05:30:00; закрытие в 01:00:00; первый поезд по 1 пути в 05:38:00, по 2 пути в 06:03:00; последний поезд по 1 пути в 01:21:00, по 2 пути в 01:40:00";"";"";"2";"[]";"действует";"[Geometry[type=Point, coordinates=[37.57484765, 55.68865721]]]";"{type=Point, coordinates=[37.57484765, 55.68865721]}";"1774242";
"";"";"Шаболовская, выход 1 из вестибюля";"1";"да";"Южный административный округ";"Донской район";"37.60793357";"55.71871479";"наземный отдельностоящий";"Шаболовская";"Калужско-Рижская линия";"не является объектом культурного наследия";"открытие в 05:30:00; закрытие в 01:00:00; первый поезд по 1 пути в 05:45:00, по 2 пути в 05:56:00; последний поезд по 1 пути в 01:28:00, по 2 пути в 01:34:00";"открытие в 05:30:00; закрытие в 01:00:00; первый поезд по 1 пути в 05:45:00, по 2 пути в 05:56:00; последний поезд по 1 пути в 01:28:00, по 2 пути в 01:34:00";"";"";"4";"[{global_id=3047, RepairOfEscalators=03.12.2022-30.12.2022}, {global_id=3125, RepairOfEscalators=30.12.2022-31.07.2023}, {global_id=3293, RepairOfEscalators=31.07.2023-31.10.2023}]";"действует";"[Geometry[type=Point, coordinates=[37.60793357, 55.71871479]]]";"{type=Point, coordinates=[37.60793357, 55.71871479]}";"1774245";
"";"";"Китай-город, вход-выход 11 в южный вестибюль";"11";"да";"Центральный административный округ";"Таганский район";"37.63361053";"55.75323416";"подземный";"Китай-город";"Таганско-Краснопресненская линия";"не является объектом культурного наследия";"открытие в 05:30:00; закрытие в 01:00:00; первый поезд по 1 пути в 05:49:00, по 2 пути в 05:56:00; последний поезд по 1 пути в 01:32:00, по 2 пути в 01:33:00";"открытие в 05:30:00; закрытие в 01:00:00; первый поезд по 1 пути в 05:45:00, по 2 пути в 05:54:00; последний поезд по 1 пути в 01:32:00, по 2 пути в 01:33:00";"";"";"7";"[{global_id=3724, RepairOfEscalators=01.08.2024-06.09.2024}]";"действует";"[Geometry[type=Point, coordinates=[37.63361053, 55.75323416]]]";"{type=Point, coordinates=[37.63361053, 55.75323416]}";"1774247";
"";"";"Китай-город, вход-выход 14 в южный вестибюль";"14";"да";"Центральный административный округ";"Тверской район";"37.63311420";"55.75311303";"подземный";"Китай-город";"Таганско-Краснопресненская линия";"не является объектом культурного наследия";"открытие в 05:30:00; закрытие в 01:00:00; первый поезд по 1 пути в 05:49:00, по 2 пути в 05:56:00; последний поезд по 1 пути в 01:32:00, по 2 пути в 01:33:00";"открытие в 05:30:00; закрытие в 01:00:00; первый поезд по 1 пути в 05:45:00, по 2 пути в 05:54:00; последний поезд по 1 пути в 01:32:00, по 2 пути в 01:33:00";"";"";"7";"[{global_id=3726, RepairOfEscalators=01.08.2024-06.09.2024}]";"действует";"[Geometry[type=Point, coordinates=[37.6331142, 55.75311303]]]";"{type=Point, coordinates=[37.6331142, 55.75311303]}";"1774248";
"";"";"Китай-город, вход-выход 6 в северный вестибюль";"6";"да";"Центральный административный округ";"Басманный район";"37.63198540";"55.75721134";"подземный";"Китай-город";"Таганско-Краснопресненская линия";"не является объектом культурного наследия";"открытие в 05:30:00; закрытие в 01:00:00; первый поезд по 1 пути в 05:49:00, по 2 пути в 05:56:00; последний поезд по 1 пути в 01:32:00, по 2 пути в 01:33:00";"открытие в 05:30:00; закрытие в 01:00:00; первый поезд по 1 пути в 05:45:00, по 2 пути в 05:54:00; последний поезд по 1 пути в 01:32:00, по 2 пути в 01:33:00";"";"";"3";"[{global_id=3122, RepairOfEscalators=27.02.2023-30.05.2023}, {global_id=3735, RepairOfEscalators=23.05.2024-30.07.2024}]";"действует";"[Geometry[type=Point, coordinates=[37.6319854, 55.75721134]]]";"{type=Point, coordinates=[37.6319854, 55.75721134]}";"1774249";
"";"";"Зябликово, вход-выход 11 в южный вестибюль";"11";"да";"Южный административный округ";"район Зябликово";"37.74486894";"55.61107923";"подземный";"Зябликово";"Люблинско-Дмитровская линия";"не является объектом культурного наследия";"открытие в 05:30:00; закрытие в 01:00:00; первый поезд по 2 пути в 05:51:00; последний поезд по 2 пути в 01:03:00";"открытие в 05:30:00; закрытие в 01:00:00; первый поезд по 2 пути в 05:40:00; последний поезд по 2 пути в 01:03:00";"";"";"4";"[]";"действует";"[Geometry[type=Point, coordinates=[37.74486894, 55.61107923]]]";"{type=Point, coordinates=[37.74486894, 55.61107923]}";"1774257";
"";"";"Петровско-Разумовская, вход-выход 4 в вестибюль 1 (А)";"4";"да";"Северный административный округ";"Тимирязевский район";"37.57252517";"55.83327753";"подземный";"Петровско-Разумовская";"Серпуховско-Тимирязевская линия";"не является объектом культурного наследия";"открытие в 05:20:00; закрытие в 01:00:00; первый поезд по 1 пути в 06:07:00, по 2 пути в 05:32:00; последний поезд по 1 пути в 01:49:00, по 2 пути в 01:13:00";"открытие в 05:20:00; закрытие в 01:00:00; первый поезд по 1 пути в 06:07:00, по 2 пути в 05:32:00; последний поезд по 1 пути в 01:49:00, по 2 пути в 01:13:00";"";"";"3";"[{global_id=3048, RepairOfEscalators=27.03.2023-31.03.2023}, {global_id=3480, RepairOfEscalators=11.12.2023-28.05.2024}, {global_id=3923, RepairOfEscalators=22.11.2024-30.09.2025}]";"действует";"[Geometry[type=Point, coordinates=[37.57252517, 55.83327753]]]";"{type=Point, coordinates=[37.57252517, 55.83327753]}";"1774258";
"";"";"Владыкино, вход-выход 2 из южного вестибюля";"2";"да";"Северо-Восточный административный округ";"район Марфино";"37.58956016";"55.84603130";"наземный отдельностоящий";"Владыкино";"Серпуховско-Тимирязевская линия";"не является объектом культурного наследия";"открытие в 05:20:00; закрытие в 01:00:00; первый поезд по 1 пути в 06:10:00, по 2 пути в 05:29:00; последний поезд по 1 пути в 01:52:00, по 2 пути в 01:11:00";"открытие в 05:20:00; закрытие в 01:00:00; первый поезд по 1 пути в 06:10:00, по 2 пути в 05:29:00; последний поезд по 1 пути в 01:52:00, по 2 пути в 01:11:00";"";"";"3";"[{global_id=3620, RepairOfEscalators=08.04.2024-21.11.2024}, {global_id=3992, RepairOfEscalators=03.02.2025-31.03.2025}]";"действует";"[Geometry[type=Point, coordinates=[37.58956016, 55.8460313]]]";"{type=Point, coordinates=[37.58956016, 55.8460313]}";"1774259";
"";"";"Отрадное, вход-выход 7 в южный вестибюль";"7";"да";"Северо-Восточный административный округ";"район Отрадное";"37.60336772";"55.86251064";"подземный";"Отрадное";"Серпуховско-Тимирязевская линия";"не является объектом культурного наследия";"открытие в 05:30:00; закрытие в 01:00:00; первый поезд по 1 пути в 05:59:00, по 2 пути в 05:52:00; последний поезд по 1 пути в 01:54:00, по 2 пути в 01:08:00";"открытие в 05:30:00; закрытие в 01:00:00; первый поезд по 1 пути в 05:52:00, по 2 пути в 05:47:00; последний поезд по 1 пути в 01:54:00, по 2 пути в 01:08:00";"";"";"4";"[]";"действует";"[Geometry[type=Point, coordinates=[37.60336772, 55.86251064]]]";"{type=Point, coordinates=[37.60336772, 55.86251064]}";"1774261";
"";"";"Преображенская площадь, вход-выход 9 в южный вестибюль";"9";"да";"Восточный административный округ";"район Преображенское";"37.71353258";"55.79591650";"подземный";"Преображенская площадь";"Сокольническая линия";"не является объектом культурного наследия";"открытие в 05:25:00; закрытие в 01:00:00; первый поезд по 1 пути в 05:34:00, по 2 пути в 05:51:00; последний поезд по 1 пути в 01:09:00, по 2 пути в 02:02:00";"открытие в 05:25:00; закрытие в 01:00:00; первый поезд по 1 пути в 05:34:00, по 2 пути в 06:00:00; последний поезд по 1 пути в 01:09:00, по 2 пути в 02:02:00";"";"";"3";"[]";"действует";"[Geometry[type=Point, coordinates=[37.71353258, 55.7959165]]]";"{type=Point, coordinates=[37.71353258, 55.7959165]}";"1774262";
"";"";"Преображенская площадь, вход-выход 10 в южный вестибюль";"10";"да";"Восточный административный округ";"район Преображенское";"37.71381690";"55.79533627";"подземный";"Преображенская площадь";"Сокольническая линия";"не является объектом культурного наследия";"открытие в 05:25:00; закрытие в 01:00:00; первый поезд по 1 пути в 05:34:00, по 2 пути в 05:51:00; последний поезд по 1 пути в 01:09:00, по 2 пути в 02:02:00";"открытие в 05:25:00; закрытие в 01:00:00; первый поезд по 1 пути в 05:34:00, по 2 пути в 06:00:00; последний поезд по 1 пути в 01:09:00, по 2 пути в 02:02:00";"";"";"3";"[]";"действует";"[Geometry[type=Point, coordinates=[37.7138169, 55.79533627]]]";"{type=Point, coordinates=[37.7138169, 55.79533627]}";"1774263";
"";"";"Шипиловская, вход-выход 2 в южный вестибюль";"2";"да";"Южный административный округ";"район Зябликово";"37.74423695";"55.61995589";"подземный";"Шипиловская";"Люблинско-Дмитровская линия";"не является объектом культурного наследия";"открытие в 05:30:00; закрытие в 01:00:00; первый поезд по 1 пути в 05:51:00, по 2 пути в 05:47:00; последний поезд по 1 пути в 02:07:00, по 2 пути в 01:04:00";"открытие в 05:30:00; закрытие в 01:00:00; первый поезд по 1 пути в 05:46:00, по 2 пути в 05:42:00; последний поезд по 1 пути в 02:07:00, по 2 пути в 01:04:00";"";"";"4";"[{global_id=3422, RepairOfEscalators=02.11.2023-26.12.2023}, {global_id=4015, RepairOfEscalators=05.02.2025-31.03.2025}, {global_id=4056, RepairOfEscalators=02.04.2025-29.05.2025}]";"действует";"[Geometry[type=Point, coordinates=[37.74423695, 55.61995589]]]";"{type=Point, coordinates=[37.74423695, 55.61995589]}";"1774264";
"";"";"Братиславская, вход-выход 2 в южный вестибюль";"2";"да";"Юго-Восточный административный округ";"район Марьино";"37.74987255";"55.65904238";"подземный";"Братиславская";"Люблинско-Дмитровская линия";"не является объектом культурного наследия";"открытие в 05:30:00; закрытие в 01:00:00; первый поезд по 1 пути в 05:51:00, по 2 пути в 05:44:00; последний поезд по 1 пути в 01:59:00, по 2 пути в 01:12:00";"открытие в 05:30:00; закрытие в 01:00:00; первый поезд по 1 пути в 05:50:00, по 2 пути в 05:43:00; последний поезд по 1 пути в 01:59:00, по 2 пути в 01:12:00";"";"";"3";"[]";"действует";"[Geometry[type=Point, coordinates=[37.74987255, 55.65904238]]]";"{type=Point, coordinates=[37.74987255, 55.65904238]}";"1774265";
"";"";"Дубровка, вход-выход 1 в вестибюль";"1";"да";"Юго-Восточный административный округ";"Южнопортовый район";"37.67688212";"55.71804060";"подземный";"Дубровка";"Люблинско-Дмитровская линия";"не является объектом культурного наследия";"открытие в 05:30:00; закрытие в 01:00:00; первый поезд по 1 пути в 05:59:00, по 2 пути в 05:38:00; последний поезд по 1 пути в 01:45:00, по 2 пути в 01:27:00";"открытие в 05:30:00; закрытие в 01:00:00; первый поезд по 1 пути в 06:01:00, по 2 пути в 05:37:00; последний поезд по 1 пути в 01:45:00, по 2 пути в 01:27:00";"";"";"4";"[]";"действует";"[Geometry[type=Point, coordinates=[37.67688212, 55.7180406]]]";"{type=Point, coordinates=[37.67688212, 55.7180406]}";"1774266";
"";"";"Римская, вход-выход 4 в вестибюль";"4";"да";"Центральный административный округ";"Таганский район";"37.68013265";"55.74694470";"подземный";"Римская";"Люблинско-Дмитровская линия";"не является объектом культурного наследия";"открытие в 05:30:00; закрытие в 01:00:00; первый поезд по 1 пути в 05:54:00, по 2 пути в 05:43:00; последний поезд по 1 пути в 01:39:00, по 2 пути в 01:32:00";"открытие в 05:30:00; закрытие в 01:00:00; первый поезд по 1 пути в 05:56:00, по 2 пути в 05:43:00; последний поезд по 1 пути в 01:39:00, по 2 пути в 01:32:00";"";"";"4";"[{global_id=3419, RepairOfEscalators=02.11.2023-08.11.2023}, {global_id=3559, RepairOfEscalators=17.01.2024-28.02.2024}, {global_id=3631, RepairOfEscalators=03.04.2024-18.04.2024}, {global_id=3716, RepairOfEscalators=02.07.2024-15.10.2025}, {global_id=4078, RepairOfEscalators=04.04.2025-07.04.2025}]";"действует";"[Geometry[type=Point, coordinates=[37.68013265, 55.7469447]]]";"{type=Point, coordinates=[37.68013265, 55.7469447]}";"1774267";
"";"";"Чкаловская, вход-выход 7 в вестибюль";"7";"да";"Центральный административный округ";"Басманный район";"37.65825351";"55.75595768";"подземный";"Чкаловская";"Люблинско-Дмитровская линия";"не является объектом культурного наследия";"открытие в 05:30:00; закрытие в 01:00:00; первый поезд по 1 пути в 05:50:00, по 2 пути в 05:46:00; последний поезд по 1 пути в 01:36:00, по 2 пути в 01:35:00";"открытие в 05:30:00; закрытие в 01:00:00; первый поезд по 1 пути в 05:52:00, по 2 пути в 05:46:00; последний поезд по 1 пути в 01:36:00, по 2 пути в 01:35:00";"";"";"8";"[{global_id=3012, RepairOfEscalators=29.09.2022-30.12.2022}, {global_id=3128, RepairOfEscalators=02.03.2023-28.04.2023}, {global_id=3178, RepairOfEscalators=11.05.2023-08.09.2023}, {global_id=3257, RepairOfEscalators=12.07.2023-20.10.2023}, {global_id=3454, RepairOfEscalators=20.11.2023-09.12.2023}]";"действует";"[Geometry[type=Point, coordinates=[37.65825351, 55.75595768]]]";"{type=Point, coordinates=[37.65825351, 55.75595768]}";"1774268";
"";"";"Преображенская площадь, вход-выход 11 в южный вестибюль";"11";"да";"Восточный административный округ";"район Преображенское";"37.71418168";"55.79519121";"подземный";"Преображенская площадь";"Сокольническая линия";"не является объектом культурного наследия";"открытие в 05:25:00; закрытие в 01:00:00; первый поезд по 1 пути в 05:34:00, по 2 пути в 05:51:00; последний поезд по 1 пути в 01:09:00, по 2 пути в 02:02:00";"открытие в 05:25:00; закрытие в 01:00:00; первый поезд по 1 пути в 05:34:00, по 2 пути в 06:00:00; последний поезд по 1 пути в 01:09:00, по 2 пути в 02:02:00";"";"";"3";"[]";"действует";"[Geometry[type=Point, coordinates=[37.71418168, 55.79519121]]]";"{type=Point, coordinates=[37.71418168, 55.79519121]}";"1774270";
"";"";"Преображенская площадь, вход-выход 4 в северный вестибюль";"4";"да";"Восточный административный округ";"район Преображенское";"37.71744861";"55.79636923";"подземный";"Преображенская площадь";"Сокольническая линия";"не является объектом культурного наследия";"открытие в 05:25:00; закрытие в 01:00:00; первый поезд по 1 пути в 05:34:00, по 2 пути в 05:51:00; последний поезд по 1 пути в 01:09:00, по 2 пути в 02:02:00";"открытие в 05:25:00; закрытие в 01:00:00; первый поезд по 1 пути в 05:34:00, по 2 пути в 06:00:00; последний поезд по 1 пути в 01:09:00, по 2 пути в 02:02:00";"";"";"3";"[]";"действует";"[Geometry[type=Point, coordinates=[37.71744861, 55.79636923]]]";"{type=Point, coordinates=[37.71744861, 55.79636923]}";"1774271";
"";"";"Преображенская площадь, вход-выход 3 в северный вестибюль";"3";"да";"Восточный административный округ";"район Преображенское";"37.71739496";"55.79645989";"подземный";"Преображенская площадь";"Сокольническая линия";"не является объектом культурного наследия";"открытие в 05:25:00; закрытие в 01:00:00; первый поезд по 1 пути в 05:34:00, по 2 пути в 05:51:00; последний поезд по 1 пути в 01:09:00, по 2 пути в 02:02:00";"открытие в 05:25:00; закрытие в 01:00:00; первый поезд по 1 пути в 05:34:00, по 2 пути в 06:00:00; последний поезд по 1 пути в 01:09:00, по 2 пути в 02:02:00";"";"";"3";"[]";"действует";"[Geometry[type=Point, coordinates=[37.71739496, 55.79645989]]]";"{type=Point, coordinates=[37.71739496, 55.79645989]}";"1774272";
"";"";"Черкизовская, выход 1 из южного вестибюля";"1";"да";"Восточный административный округ";"район Преображенское";"37.74512096";"55.80280602";"наземный отдельностоящий";"Черкизовская";"Сокольническая линия";"не является объектом культурного наследия";"открытие в 05:25:00; закрытие в 01:00:00; первый поезд по 1 пути в 05:30:00, по 2 пути в 05:50:00; последний поезд по 1 пути в 01:05:00, по 2 пути в 02:06:00";"открытие в 05:25:00; закрытие в 01:00:00; первый поезд по 1 пути в 05:30:00, по 2 пути в 05:50:00; последний поезд по 1 пути в 01:05:00, по 2 пути в 02:06:00";"";"";"6";"[{global_id=3642, RepairOfEscalators=09.04.2024-29.11.2024}]";"действует";"[Geometry[type=Point, coordinates=[37.74512096, 55.80280602]]]";"{type=Point, coordinates=[37.74512096, 55.80280602]}";"1774273";
"";"";"Жулебино, вход-выход 4 в вестибюль 1";"4";"да";"Юго-Восточный административный округ";"район Выхино-Жулебино";"37.85416579";"55.68419325";"подземный";"Жулебино";"Таганско-Краснопресненская линия";"не является объектом культурного наследия";"открытие в 05:30:00; закрытие в 01:00:00; первый поезд по 1 пути в 05:54:00, по 2 пути в 05:46:00; последний поезд по 1 пути в 02:00:00, по 2 пути в 01:05:00";"открытие в 05:30:00; закрытие в 01:00:00; первый поезд по 1 пути в 05:53:00, по 2 пути в 05:40:00; последний поезд по 1 пути в 02:00:00, по 2 пути в 01:05:00";"";"";"2";"[]";"действует";"[Geometry[type=Point, coordinates=[37.85416579, 55.68419325]]]";"{type=Point, coordinates=[37.85416579, 55.68419325]}";"1774274";
"";"";"Лермонтовский проспект, вход-выход 6 в вестибюль 1";"6";"да";"Юго-Восточный административный округ";"район Выхино-Жулебино";"37.84992497";"55.70207707";"подземный";"Лермонтовский проспект";"Таганско-Краснопресненская линия";"не является объектом культурного наследия";"открытие в 05:30:00; закрытие в 01:00:00; первый поезд по 1 пути в 06:00:00, по 2 пути в 05:41:00; последний поезд по 1 пути в 01:57:00, по 2 пути в 01:08:00";"открытие в 05:30:00; закрытие в 01:00:00; первый поезд по 1 пути в 06:00:00, по 2 пути в 05:43:00; последний поезд по 1 пути в 01:57:00, по 2 пути в 01:08:00";"";"";"2";"[]";"действует";"[Geometry[type=Point, coordinates=[37.84992497, 55.70207707]]]";"{type=Point, coordinates=[37.84992497, 55.70207707]}";"1774275";
"";"";"Лермонтовский проспект, вход-выход 5 в вестибюль 1";"5";"да";"Юго-Восточный административный округ";"район Выхино-Жулебино";"37.85056870";"55.70174991";"подземный";"Лермонтовский проспект";"Таганско-Краснопресненская линия";"не является объектом культурного наследия";"открытие в 05:30:00; закрытие в 01:00:00; первый поезд по 1 пути в 06:00:00, по 2 пути в 05:41:00; последний поезд по 1 пути в 01:57:00, по 2 пути в 01:08:00";"открытие в 05:30:00; закрытие в 01:00:00; первый поезд по 1 пути в 06:00:00, по 2 пути в 05:43:00; последний поезд по 1 пути в 01:57:00, по 2 пути в 01:08:00";"";"";"2";"[]";"действует";"[Geometry[type=Point, coordinates=[37.8505687, 55.70174991]]]";"{type=Point, coordinates=[37.8505687, 55.70174991]}";"1774276";
"";"";"Лермонтовский проспект, вход-выход 2 в вестибюль 2";"2";"да";"Юго-Восточный административный округ";"район Выхино-Жулебино";"37.85262864";"55.70060481";"подземный";"Лермонтовский проспект";"Таганско-Краснопресненская линия";"не является объектом культурного наследия";"открытие в 05:30:00; закрытие в 01:00:00; первый поезд по 1 пути в 06:00:00, по 2 пути в 05:41:00; последний поезд по 1 пути в 01:57:00, по 2 пути в 01:08:00";"открытие в 05:30:00; закрытие в 01:00:00; первый поезд по 1 пути в 06:00:00, по 2 пути в 05:43:00; последний поезд по 1 пути в 01:57:00, по 2 пути в 01:08:00";"";"";"4";"[]";"действует";"[Geometry[type=Point, coordinates=[37.85262864, 55.70060481]]]";"{type=Point, coordinates=[37.85262864, 55.70060481]}";"1774278";
"";"";"Отрадное, вход-выход 6 в южный вестибюль";"6";"да";"Северо-Восточный административный округ";"район Отрадное";"37.60411337";"55.86227231";"подземный";"Отрадное";"Серпуховско-Тимирязевская линия";"не является объектом культурного наследия";"открытие в 05:30:00; закрытие в 01:00:00; первый поезд по 1 пути в 05:59:00, по 2 пути в 05:52:00; последний поезд по 1 пути в 01:54:00, по 2 пути в 01:08:00";"открытие в 05:30:00; закрытие в 01:00:00; первый поезд по 1 пути в 05:52:00, по 2 пути в 05:47:00; последний поезд по 1 пути в 01:54:00, по 2 пути в 01:08:00";"";"";"4";"[]";"действует";"[Geometry[type=Point, coordinates=[37.60411337, 55.86227231]]]";"{type=Point, coordinates=[37.60411337, 55.86227231]}";"1774279";
"";"";"Бибирево, вход-выход 5 в южный вестибюль";"5";"да";"Северо-Восточный административный округ";"район Бибирево";"37.60418044";"55.88388792";"подземный";"Бибирево";"Серпуховско-Тимирязевская линия";"не является объектом культурного наследия";"открытие в 05:30:00; закрытие в 01:00:00; первый поезд по 1 пути в 06:02:00, по 2 пути в 05:52:00; последний поезд по 1 пути в 01:57:00, по 2 пути в 01:05:00";"открытие в 05:30:00; закрытие в 01:00:00; первый поезд по 1 пути в 05:55:00, по 2 пути в 05:43:00; последний поезд по 1 пути в 01:57:00, по 2 пути в 01:05:00";"";"";"4";"[{global_id=3013, RepairOfEscalators=05.09.2022-25.11.2022}, {global_id=3336, RepairOfEscalators=14.08.2023-07.09.2023}]";"действует";"[Geometry[type=Point, coordinates=[37.60418044, 55.88388792]]]";"{type=Point, coordinates=[37.60418044, 55.88388792]}";"1774280";
"";"";"Бибирево, вход-выход 3 в южный вестибюль";"3";"да";"Северо-Восточный административный округ";"район Бибирево";"37.60481076";"55.88340852";"подземный";"Бибирево";"Серпуховско-Тимирязевская линия";"не является объектом культурного наследия";"открытие в 05:30:00; закрытие в 01:00:00; первый поезд по 1 пути в 06:02:00, по 2 пути в 05:52:00; последний поезд по 1 пути в 01:57:00, по 2 пути в 01:05:00";"открытие в 05:30:00; закрытие в 01:00:00; первый поезд по 1 пути в 05:55:00, по 2 пути в 05:43:00; последний поезд по 1 пути в 01:57:00, по 2 пути в 01:05:00";"";"";"4";"[{global_id=3014, RepairOfEscalators=05.09.2022-25.11.2022}, {global_id=3334, RepairOfEscalators=14.08.2023-07.09.2023}]";"действует";"[Geometry[type=Point, coordinates=[37.60481076, 55.88340852]]]";"{type=Point, coordinates=[37.60481076, 55.88340852]}";"1774281";
"";"";"Бибирево, вход-выход 2 в северный вестибюль";"2";"да";"Северо-Восточный административный округ";"район Бибирево";"37.60129471";"55.88445869";"подземный";"Бибирево";"Серпуховско-Тимирязевская линия";"не является объектом культурного наследия";"открытие в 05:30:00; закрытие в 01:00:00; первый поезд по 1 пути в 06:02:00, по 2 пути в 05:52:00; последний поезд по 1 пути в 01:57:00, по 2 пути в 01:05:00";"открытие в 05:30:00; закрытие в 01:00:00; первый поезд по 1 пути в 05:55:00, по 2 пути в 05:43:00; последний поезд по 1 пути в 01:57:00, по 2 пути в 01:05:00";"";"";"3";"[]";"действует";"[Geometry[type=Point, coordinates=[37.60129471, 55.88445869]]]";"{type=Point, coordinates=[37.60129471, 55.88445869]}";"1774282";
"";"";"Алтуфьево, вход-выход 8 в южный вестибюль";"8";"да";"Северо-Восточный административный округ";"район Лианозово";"37.58658991";"55.89709589";"подземный";"Алтуфьево";"Серпуховско-Тимирязевская линия";"не является объектом культурного наследия";"открытие в 05:30:00; закрытие в 01:00:00; первый поезд по 2 пути в 05:59:00; последний поезд по 2 пути в 01:03:00";"открытие в 05:30:00; закрытие в 01:00:00; первый поезд по 2 пути в 05:41:00; последний поезд по 2 пути в 01:03:00";"";"";"4";"[]";"действует";"[Geometry[type=Point, coordinates=[37.58658991, 55.89709589]]]";"{type=Point, coordinates=[37.58658991, 55.89709589]}";"1774283";
"";"";"Алтуфьево, вход-выход 6 в южный вестибюль";"6";"да";"Северо-Восточный административный округ";"район Бибирево";"37.58781836";"55.89666185";"подземный";"Алтуфьево";"Серпуховско-Тимирязевская линия";"не является объектом культурного наследия";"открытие в 05:30:00; закрытие в 01:00:00; первый поезд по 2 пути в 05:59:00; последний поезд по 2 пути в 01:03:00";"открытие в 05:30:00; закрытие в 01:00:00; первый поезд по 2 пути в 05:41:00; последний поезд по 2 пути в 01:03:00";"";"";"4";"[]";"действует";"[Geometry[type=Point, coordinates=[37.58781836, 55.89666185]]]";"{type=Point, coordinates=[37.58781836, 55.89666185]}";"1774284";
"";"";"Алтуфьево, вход-выход 3 в северный вестибюль";"3";"да";"Северо-Восточный административный округ";"район Бибирево";"37.58786444";"55.89921651";"подземный";"Алтуфьево";"Серпуховско-Тимирязевская линия";"не является объектом культурного наследия";"открытие в 05:30:00; закрытие в 01:00:00; первый поезд по 2 пути в 05:59:00; последний поезд по 2 пути в 01:03:00";"открытие в 05:30:00; закрытие в 01:00:00; первый поезд по 2 пути в 05:41:00; последний поезд по 2 пути в 01:03:00";"";"";"5";"[]";"действует";"[Geometry[type=Point, coordinates=[37.58786444, 55.89921651]]]";"{type=Point, coordinates=[37.58786444, 55.89921651]}";"1774285";
"";"";"Алтуфьево, вход-выход 1 в северный вестибюль";"1";"да";"Северо-Восточный административный округ";"район Лианозово";"37.58646296";"55.89878552";"подземный";"Алтуфьево";"Серпуховско-Тимирязевская линия";"не является объектом культурного наследия";"открытие в 05:30:00; закрытие в 01:00:00; первый поезд по 2 пути в 05:59:00; последний поезд по 2 пути в 01:03:00";"открытие в 05:30:00; закрытие в 01:00:00; первый поезд по 2 пути в 05:41:00; последний поезд по 2 пути в 01:03:00";"";"";"5";"[]";"действует";"[Geometry[type=Point, coordinates=[37.58646296, 55.89878552]]]";"{type=Point, coordinates=[37.58646296, 55.89878552]}";"1774286";
"";"";"Кропоткинская, выход 1 из южного вестибюля";"1";"да";"Центральный административный округ";"район Хамовники";"37.60164146";"55.74503457";"подземный";"Кропоткинская";"Сокольническая линия";"объект культурного наследия регионального значения";"открытие в 05:30:00; закрытие в 01:00:00; первый поезд по 1 пути в 05:43:00, по 2 пути в 05:53:00; последний поезд по 1 пути в 01:26:00, по 2 пути в 01:45:00";"открытие в 05:30:00; закрытие в 01:00:00; первый поезд по 1 пути в 05:43:00, по 2 пути в 05:53:00; последний поезд по 1 пути в 01:26:00, по 2 пути в 01:45:00";"";"";"3";"[]";"действует";"[Geometry[type=Point, coordinates=[37.60164146, 55.74503457]]]";"{type=Point, coordinates=[37.60164146, 55.74503457]}";"1774294";
"";"";"Охотный ряд, вход-выход 8 в северный вестибюль (А)";"8";"да";"Центральный административный округ";"Тверской район";"37.61752209";"55.75868643";"наземный отдельностоящий";"Охотный ряд";"Сокольническая линия";"выявленный объект культурного наследия";"открытие в 05:30:00; закрытие в 01:00:00; первый поезд по 1 пути в 05:40:00, по 2 пути в 05:56:00; последний поезд по 1 пути в 01:23:00, по 2 пути в 01:48:00";"открытие в 05:30:00; закрытие в 01:00:00; первый поезд по 1 пути в 05:40:00, по 2 пути в 05:56:00; последний поезд по 1 пути в 01:23:00, по 2 пути в 01:48:00";"";"";"3";"[]";"действует";"[Geometry[type=Point, coordinates=[37.61752209, 55.75868643]]]";"{type=Point, coordinates=[37.61752209, 55.75868643]}";"1774298";
"";"";"Чистые пруды, выход 1 из вестибюля";"1";"да";"Центральный административный округ";"Басманный район";"37.63856937";"55.76485712";"наземный отдельностоящий";"Чистые пруды";"Сокольническая линия";"объект культурного наследия регионального значения";"открытие в 05:30:00; закрытие в 01:00:00; первый поезд по 1 пути в 05:36:00, по 2 пути в 06:00:00; последний поезд по 1 пути в 01:19:00, по 2 пути в 01:52:00";"открытие в 05:30:00; закрытие в 01:00:00; первый поезд по 1 пути в 05:36:00, по 2 пути в 06:00:00; последний поезд по 1 пути в 01:19:00, по 2 пути в 01:52:00";"";"";"3";"[{global_id=3355, RepairOfEscalators=11.09.2023-30.11.2023}]";"действует";"[Geometry[type=Point, coordinates=[37.63856937, 55.76485712]]]";"{type=Point, coordinates=[37.63856937, 55.76485712]}";"1774302";
"";"";"Комсомольская, вход-выход 3 в вестибюль";"3";"да";"Центральный административный округ";"Красносельский район";"37.65570334";"55.77447863";"наземный, встроенный в здание";"Комсомольская";"Сокольническая линия";"выявленный объект культурного наследия";"открытие в 05:20:00; закрытие в 01:00:00; первый поезд по 1 пути в 05:33:00, по 2 пути в 06:00:00; последний поезд по 1 пути в 01:16:00, по 2 пути в 01:55:00";"открытие в 05:20:00; закрытие в 01:00:00; первый поезд по 1 пути в 05:33:00, по 2 пути в 06:00:00; последний поезд по 1 пути в 01:16:00, по 2 пути в 01:55:00";"";"";"9";"[]";"действует";"[Geometry[type=Point, coordinates=[37.65570334, 55.77447863]]]";"{type=Point, coordinates=[37.65570334, 55.77447863]}";"1774305";
"";"";"Комсомольская, вход-выход 13";"13";"да";"Центральный административный округ";"Красносельский район";"37.65901676";"55.77287444";"наземный, встроенный в здание";"Комсомольская";"Сокольническая линия";"выявленный объект культурного наследия";"открытие в 05:20:00; закрытие в 01:00:00; первый поезд по 1 пути в 05:33:00, по 2 пути в 06:00:00; последний поезд по 1 пути в 01:16:00, по 2 пути в 01:55:00";"открытие в 05:20:00; закрытие в 01:00:00; первый поезд по 1 пути в 05:33:00, по 2 пути в 06:00:00; последний поезд по 1 пути в 01:16:00, по 2 пути в 01:55:00";"";"";"9";"[]";"действует";"[Geometry[type=Point, coordinates=[37.65901676, 55.77287444]]]";"{type=Point, coordinates=[37.65901676, 55.77287444]}";"1774306";
"";"";"Комсомольская, выход 1 из вестибюля (С)";"1";"да";"Центральный административный округ";"Красносельский район";"37.65594904";"55.77676656";"наземный отдельностоящий";"Комсомольская";"Кольцевая линия";"выявленный объект культурного наследия";"открытие в 05:30:00; закрытие в 01:00:00; первый поезд по 1 пути в 05:42:00, по 2 пути в 05:46:00; последний поезд по 1 пути в 01:27:00, по 2 пути в 01:31:00";"открытие в 05:30:00; закрытие в 01:00:00; первый поезд по 1 пути в 05:42:00, по 2 пути в 05:45:00; последний поезд по 1 пути в 01:32:00, по 2 пути в 01:30:00";"";"";"25";"[]";"действует";"[Geometry[type=Point, coordinates=[37.65594904, 55.77676656]]]";"{type=Point, coordinates=[37.65594904, 55.77676656]}";"1774307";
"";"";"Преображенская площадь, вход-выход 7 в южный вестибюль";"7";"да";"Восточный административный округ";"район Преображенское";"37.71389200";"55.79634260";"подземный";"Преображенская площадь";"Сокольническая линия";"не является объектом культурного наследия";"открытие в 05:25:00; закрытие в 01:00:00; первый поезд по 1 пути в 05:34:00, по 2 пути в 05:51:00; последний поезд по 1 пути в 01:09:00, по 2 пути в 02:02:00";"открытие в 05:25:00; закрытие в 01:00:00; первый поезд по 1 пути в 05:34:00, по 2 пути в 06:00:00; последний поезд по 1 пути в 01:09:00, по 2 пути в 02:02:00";"";"";"3";"[]";"действует";"[Geometry[type=Point, coordinates=[37.713892, 55.7963426]]]";"{type=Point, coordinates=[37.713892, 55.7963426]}";"1774311";
"";"";"Преображенская площадь, вход-выход 8 в южный вестибюль";"8";"да";"Восточный административный округ";"район Преображенское";"37.71338238";"55.79624589";"подземный";"Преображенская площадь";"Сокольническая линия";"не является объектом культурного наследия";"открытие в 05:25:00; закрытие в 01:00:00; первый поезд по 1 пути в 05:34:00, по 2 пути в 05:51:00; последний поезд по 1 пути в 01:09:00, по 2 пути в 02:02:00";"открытие в 05:25:00; закрытие в 01:00:00; первый поезд по 1 пути в 05:34:00, по 2 пути в 06:00:00; последний поезд по 1 пути в 01:09:00, по 2 пути в 02:02:00";"";"";"3";"[]";"действует";"[Geometry[type=Point, coordinates=[37.71338238, 55.79624589]]]";"{type=Point, coordinates=[37.71338238, 55.79624589]}";"1774312";
"";"";"Белорусская, вход-выход 3 в восточный вестибюль";"3";"да";"Центральный административный округ";"Тверской район";"37.58617585";"55.77766786";"подземный";"Белорусская";"Кольцевая линия";"объект культурного наследия регионального значения";"открытие в 05:25:00, закрытие в 01:00:00, первый поезд по 1 пути в 05:33:00, по 2 пути в 05:54:00, последний поезд по 1 пути в 01:20:00, по 2 пути в 01:25:00";"открытие в 05:25:00, закрытие в 01:00:00, первый поезд по 1 пути в 05:33:00, по 2 пути в 05:53:00, последний поезд по 1 пути в 01:25:00, по 2 пути в 01:15:00";"";"";"3";"[{global_id=3410, RepairOfEscalators=11.10.2023-31.01.2024}]";"действует";"[Geometry[type=Point, coordinates=[37.58617585, 55.77766786]]]";"{type=Point, coordinates=[37.58617585, 55.77766786]}";"1774313";
"";"";"Парк культуры, вход-выход 3 в вестибюль";"3";"да";"Центральный административный округ";"район Хамовники";"37.59331888";"55.73534749";"наземный отдельностоящий";"Парк культуры";"Сокольническая линия";"выявленный объект культурного наследия";"открытие в 05:30:00; закрытие в 01:00:00; первый поезд по 1 пути в 05:45:00, по 2 пути в 05:51:00; последний поезд по 1 пути в 01:28:00, по 2 пути в 01:43:00";"открытие в 05:30:00; закрытие в 01:00:00; первый поезд по 1 пути в 05:45:00, по 2 пути в 05:51:00; последний поезд по 1 пути в 01:28:00, по 2 пути в 01:43:00";"";"";"2";"[]";"действует";"[Geometry[type=Point, coordinates=[37.59331888, 55.73534749]]]";"{type=Point, coordinates=[37.59331888, 55.73534749]}";"1774319";
"";"";"Фили, выход 1 из западного вестибюля";"1";"да";"Западный административный округ";"район Филёвский Парк";"37.51386876";"55.74679594";"наземный отдельностоящий";"Фили";"Филёвская линия";"не является объектом культурного наследия";"открытие в 05:30:00; закрытие в 01:00:00; первый поезд по 1 пути в 05:50:00, по 2 пути в 05:37:00; последний поезд по 1 пути в 01:17:00, по 2 пути в 01:12:00";"открытие в 05:30:00; закрытие в 01:00:00; первый поезд по 1 пути в 05:50:00, по 2 пути в 05:37:00; последний поезд по 1 пути в 01:17:00, по 2 пути в 01:12:00";"";"";"5";"[]";"действует";"[Geometry[type=Point, coordinates=[37.51386876, 55.74679594]]]";"{type=Point, coordinates=[37.51386876, 55.74679594]}";"1774323";
"";"";"Фили, выход 2 из западного вестибюля";"2";"да";"Западный административный округ";"район Филёвский Парк";"37.51414771";"55.74688369";"наземный отдельностоящий";"Фили";"Филёвская линия";"не является объектом культурного наследия";"открытие в 05:30:00; закрытие в 01:00:00; первый поезд по 1 пути в 05:50:00, по 2 пути в 05:37:00; последний поезд по 1 пути в 01:17:00, по 2 пути в 01:12:00";"открытие в 05:30:00; закрытие в 01:00:00; первый поезд по 1 пути в 05:50:00, по 2 пути в 05:37:00; последний поезд по 1 пути в 01:17:00, по 2 пути в 01:12:00";"";"";"5";"[]";"действует";"[Geometry[type=Point, coordinates=[37.51414771, 55.74688369]]]";"{type=Point, coordinates=[37.51414771, 55.74688369]}";"1774324";
"";"";"Деловой центр, вход-выход 5 в вестибюль со стороны моста Багратион";"5";"да";"Центральный административный округ";"Пресненский район";"37.54375468";"55.74842395";"подземный";"Деловой центр";"Филёвская линия";"не является объектом культурного наследия";"открытие в 05:30:00; закрытие в 01:00:00; первый поезд по 1 пути в 06:07:00, по 2 пути в 05:56:00; последний поезд по 1 пути в 01:18:00, по 2 пути в 01:06:00";"открытие в 05:30:00; закрытие в 01:00:00; первый поезд по 1 пути в 05:48:00, по 2 пути в 05:47:00; последний поезд по 1 пути в 01:18:00, по 2 пути в 01:06:00";"";"";"3";"[{global_id=3417, RepairOfEscalators=27.10.2023-30.10.2023}, {global_id=3834, RepairOfEscalators=19.08.2024-30.09.2024}]";"действует";"[Geometry[type=Point, coordinates=[37.54375468, 55.74842395]]]";"{type=Point, coordinates=[37.54375468, 55.74842395]}";"1774328";
"";"";"Деловой центр, вход-выход 4 в вестибюль со стороны Экспоцентра";"4";"да";"Центральный административный округ";"Пресненский район";"37.54257736";"55.75014521";"подземный";"Деловой центр";"Филёвская линия";"не является объектом культурного наследия";"открытие в 05:30:00; закрытие в 01:00:00; первый поезд по 1 пути в 06:07:00, по 2 пути в 05:56:00; последний поезд по 1 пути в 01:18:00, по 2 пути в 01:06:00";"открытие в 05:30:00; закрытие в 01:00:00; первый поезд по 1 пути в 05:48:00, по 2 пути в 05:47:00; последний поезд по 1 пути в 01:18:00, по 2 пути в 01:06:00";"";"";"3";"[{global_id=3599, RepairOfEscalators=18.03.2024-05.04.2024}, {global_id=3833, RepairOfEscalators=19.08.2024-30.09.2024}, {global_id=3997, RepairOfEscalators=03.02.2025-26.02.2025}, {global_id=4038, RepairOfEscalators=03.02.2025-31.03.2025}, {global_id=4059, RepairOfEscalators=02.04.2025-29.05.2025}]";"действует";"[Geometry[type=Point, coordinates=[37.54257736, 55.75014521]]]";"{type=Point, coordinates=[37.54257736, 55.75014521]}";"1774329";
"";"";"Автозаводская, вход-выход 1 в южный вестибюль";"1";"да";"Южный административный округ";"Даниловский район";"37.65719525";"55.70637250";"наземный отдельностоящий";"Автозаводская";"Замоскворецкая линия";"объект культурного наследия регионального значения";"открытие в 05:30:00; закрытие в 01:00:00; первый поезд по 1 пути в 05:47:00, по 2 пути в 05:43:00; последний поезд по 1 пути в 01:31:00, по 2 пути в 01:38:00";"открытие в 05:30:00; закрытие в 01:00:00; первый поезд по 1 пути в 05:47:00, по 2 пути в 05:43:00; последний поезд по 1 пути в 01:31:00, по 2 пути в 01:38:00";"";"";"4";"[{global_id=3224, RepairOfEscalators=01.06.2023-07.06.2023}, {global_id=3644, RepairOfEscalators=09.04.2024-31.10.2024}]";"действует";"[Geometry[type=Point, coordinates=[37.65719525, 55.7063725]]]";"{type=Point, coordinates=[37.65719525, 55.7063725]}";"1774330";
"";"";"Алтуфьево, вход-выход 2 в северный вестибюль";"2";"да";"Северо-Восточный административный округ";"район Лианозово";"37.58647369";"55.89902663";"подземный";"Алтуфьево";"Серпуховско-Тимирязевская линия";"не является объектом культурного наследия";"открытие в 05:30:00; закрытие в 01:00:00; первый поезд по 2 пути в 05:59:00; последний поезд по 2 пути в 01:03:00";"открытие в 05:30:00; закрытие в 01:00:00; первый поезд по 2 пути в 05:41:00; последний поезд по 2 пути в 01:03:00";"";"";"5";"[]";"действует";"[Geometry[type=Point, coordinates=[37.58647369, 55.89902663]]]";"{type=Point, coordinates=[37.58647369, 55.89902663]}";"1774332";
"";"";"Алтуфьево, вход-выход 7 в южный вестибюль";"7";"да";"Северо-Восточный административный округ";"район Лианозово";"37.58657382";"55.89666487";"подземный";"Алтуфьево";"Серпуховско-Тимирязевская линия";"не является объектом культурного наследия";"открытие в 05:30:00; закрытие в 01:00:00; первый поезд по 2 пути в 05:59:00; последний поезд по 2 пути в 01:03:00";"открытие в 05:30:00; закрытие в 01:00:00; первый поезд по 2 пути в 05:41:00; последний поезд по 2 пути в 01:03:00";"";"";"4";"[]";"действует";"[Geometry[type=Point, coordinates=[37.58657382, 55.89666487]]]";"{type=Point, coordinates=[37.58657382, 55.89666487]}";"1774333";
"";"";"Алтуфьево, вход-выход 5 в южный вестибюль";"5";"да";"Северо-Восточный административный округ";"район Бибирево";"37.58781836";"55.89707479";"подземный";"Алтуфьево";"Серпуховско-Тимирязевская линия";"не является объектом культурного наследия";"открытие в 05:30:00; закрытие в 01:00:00; первый поезд по 2 пути в 05:59:00; последний поезд по 2 пути в 01:03:00";"открытие в 05:30:00; закрытие в 01:00:00; первый поезд по 2 пути в 05:41:00; последний поезд по 2 пути в 01:03:00";"";"";"4";"[]";"действует";"[Geometry[type=Point, coordinates=[37.58781836, 55.89707479]]]";"{type=Point, coordinates=[37.58781836, 55.89707479]}";"1774334";
"";"";"Алтуфьево, вход-выход 4 в северный вестибюль";"4";"да";"Северо-Восточный административный округ";"район Бибирево";"37.58786307";"55.89874935";"подземный";"Алтуфьево";"Серпуховско-Тимирязевская линия";"не является объектом культурного наследия";"открытие в 05:30:00; закрытие в 01:00:00; первый поезд по 2 пути в 05:59:00; последний поезд по 2 пути в 01:03:00";"открытие в 05:30:00; закрытие в 01:00:00; первый поезд по 2 пути в 05:41:00; последний поезд по 2 пути в 01:03:00";"";"";"5";"[]";"действует";"[Geometry[type=Point, coordinates=[37.58786307, 55.89874935]]]";"{type=Point, coordinates=[37.58786307, 55.89874935]}";"1774335";
"";"";"Аннино, вход-выход 2 в северный вестибюль";"2";"да";"Южный административный округ";"район Чертаново Южное";"37.59655995";"55.58391407";"подземный";"Аннино";"Серпуховско-Тимирязевская линия";"не является объектом культурного наследия";"открытие в 05:30:00; закрытие в 01:00:00; первый поезд по 1 пути в 05:45:00, по 2 пути в 05:50:00; последний поезд по 1 пути в 01:05:00, по 2 пути в 01:58:00";"открытие в 05:30:00; закрытие в 01:00:00; первый поезд по 1 пути в 05:59:00, по 2 пути в 05:51:00; последний поезд по 1 пути в 01:05:00, по 2 пути в 01:58:00";"";"";"2";"[]";"действует";"[Geometry[type=Point, coordinates=[37.59655995, 55.58391407]]]";"{type=Point, coordinates=[37.59655995, 55.58391407]}";"1774336";
"";"";"Александровский сад, вход-выход 5 в восточный вестибюль (в Александровский сад)";"5";"да";"Центральный административный округ";"Тверской район";"37.61228753";"55.75190511";"подземный";"Александровский сад";"Филёвская линия";"выявленный объект культурного наследия";"открытие в 05:30:00; закрытие в 01:00:00; первый поезд по 2 пути в сторону станции метро «Кунцевская» в 05:44:00, в сторону станции «Международная» по 1 пути в 05:56:00; последний поезд по 2 пути в сторону станции метро «Кунцевская» в 01:03:00, в сторону станции «Международная» по 1 пути в 01:07:00";"открытие в 05:30:00; закрытие в 01:00:00; первый поезд по 2 пути в сторону станции метро «Кунцевская» в 05:53:30, в сторону станции «Международная» по 1 пути в 05:56:00; последний поезд по 2 пути в сторону станции метро «Кунцевская» в 01:03:00, в сторону станции «Международная» по 1 пути в 01:08:00";"";"";"4";"[]";"действует";"[Geometry[type=Point, coordinates=[37.61228753, 55.75190511]]]";"{type=Point, coordinates=[37.61228753, 55.75190511]}";"1774338";
"";"";"Алексеевская, вход-выход 1 в вестибюль";"1";"да";"Северо-Восточный административный округ";"Алексеевский район";"37.63862334";"55.80794887";"наземный отдельностоящий";"Алексеевская";"Калужско-Рижская линия";"выявленный объект культурного наследия";"открытие в 05:30:00; закрытие в 01:00:00; первый поезд по 1 пути в 05:55:00, по 2 пути в 05:37:00; последний поезд по 1 пути в 01:46:00, по 2 пути в 01:16:00";"открытие в 05:30:00; закрытие в 01:00:00; первый поезд по 1 пути в 05:54:00, по 2 пути в 05:37:00; последний поезд по 1 пути в 01:46:00, по 2 пути в 01:16:00";"";"";"4";"[{global_id=3571, RepairOfEscalators=26.12.2023-31.03.2024}, {global_id=3666, RepairOfEscalators=27.04.2024-02.05.2024}, {global_id=3750, RepairOfEscalators=25.06.2024-20.12.2024}]";"действует";"[Geometry[type=Point, coordinates=[37.63862334, 55.80794887]]]";"{type=Point, coordinates=[37.63862334, 55.80794887]}";"1774340";
"";"";"Аннино, вход-выход 1 в южный вестибюль";"1";"да";"Южный административный округ";"район Чертаново Южное";"37.59612016";"55.58147989";"подземный";"Аннино";"Серпуховско-Тимирязевская линия";"не является объектом культурного наследия";"открытие в 05:30:00; закрытие в 01:00:00; первый поезд по 1 пути в 05:45:00, по 2 пути в 05:50:00; последний поезд по 1 пути в 01:05:00, по 2 пути в 01:58:00";"открытие в 05:30:00; закрытие в 01:00:00; первый поезд по 1 пути в 05:59:00, по 2 пути в 05:51:00; последний поезд по 1 пути в 01:05:00, по 2 пути в 01:58:00";"";"";"2";"[]";"действует";"[Geometry[type=Point, coordinates=[37.59612016, 55.58147989]]]";"{type=Point, coordinates=[37.59612016, 55.58147989]}";"1774341";
"";"";"Арбатская (Арбатско-Покровская линия), вход-выход 8 в вестибюль";"8";"да";"Центральный административный округ";"район Арбат";"37.60341232";"55.75239134";"наземный, встроенный в здание";"Арбатская";"Арбатско-Покровская линия";"выявленный объект культурного наследия";"открытие в 05:30:00; закрытие в 01:00:00; первый поезд по 1 пути в 05:47:00, по 2 пути в 05:44:00; последний поезд по 1 пути в 01:27:00; по 2 пути в 01:42:00";"открытие в 05:30:00; закрытие в 01:00:00; первый поезд по 1 пути в 05:47:00, по 2 пути в 05:44:00; последний поезд по 1 пути в 01:27:00, по 2 пути в 01:42:00";"";"";"3";"[]";"действует";"[Geometry[type=Point, coordinates=[37.60341232, 55.75239134]]]";"{type=Point, coordinates=[37.60341232, 55.75239134]}";"1774342";
"";"";"Арбатская, вход-выход 1 в вестибюль";"1";"да";"Центральный административный округ";"район Арбат";"37.60164326";"55.75213694";"наземный отдельностоящий";"Арбатская";"Филёвская линия";"выявленный объект культурного наследия";"открытие в 05:30:00; закрытие в 01:00:00; первый поезд по 1 пути в сторону станции «Международная» в 05:57:00, в сторону станции «Кунцевская» в 05:46:00, по 2 пути в 05:40:00; последний поезд по 1 пути в сторону станции метро «Международная» в 01:09:00, в сторону станции метро «Кунцевская» в 01:04:00, по 2 пути в 01:24:00";"открытие в 05:30:00; закрытие в 01:00:00; первый поезд по 1 пути в сторону станции метро «Международная» в 05:57:00, в сторону станции метро «Кунцевская» в 05:54:00, по 2 пути в 05:46:00; последний поезд по 1 пути в сторону станции метро «Международная» в 01:09:00, в сторону станции метро «Кунцевская» в 01:04:00, по 2 пути в 01:24:00";"";"";"2";"[]";"действует";"[Geometry[type=Point, coordinates=[37.60164326, 55.75213694]]]";"{type=Point, coordinates=[37.60164326, 55.75213694]}";"1774343";
"";"";"Аэропорт, вход-выход 2 в северный вестибюль";"2";"да";"Северный административный округ";"Хорошёвский район";"37.53059792";"55.80043093";"подземный";"Аэропорт";"Замоскворецкая линия";"выявленный объект культурного наследия";"открытие в 05:25:00; закрытие в 01:00:00; первый поезд по 1 пути в 05:57:00, по 2 пути в 05:31:00; последний поезд по 1 пути в 01:51:00, по 2 пути в 01:18:00";"открытие в 05:25:00; закрытие в 01:00:00; первый поезд по 1 пути в 05:57:00, по 2 пути в 05:31:00; последний поезд по 1 пути в 01:51:00, по 2 пути в 01:18:00";"";"";"2";"[{global_id=3339, RepairOfEscalators=14.08.2023-07.09.2023}, {global_id=4028, RepairOfEscalators=03.03.2025-26.03.2025}]";"действует";"[Geometry[type=Point, coordinates=[37.53059792, 55.80043093]]]";"{type=Point, coordinates=[37.53059792, 55.80043093]}";"1774344";
"";"";"Аэропорт, вход-выход 1 в северный вестибюль";"1";"да";"Северный административный округ";"район Аэропорт";"37.53208386";"55.80103223";"подземный";"Аэропорт";"Замоскворецкая линия";"выявленный объект культурного наследия";"открытие в 05:25:00; закрытие в 01:00:00; первый поезд по 1 пути в 05:57:00, по 2 пути в 05:31:00; последний поезд по 1 пути в 01:51:00, по 2 пути в 01:18:00";"открытие в 05:25:00; закрытие в 01:00:00; первый поезд по 1 пути в 05:57:00, по 2 пути в 05:31:00; последний поезд по 1 пути в 01:51:00, по 2 пути в 01:18:00";"";"";"2";"[{global_id=3338, RepairOfEscalators=14.08.2023-07.09.2023}]";"действует";"[Geometry[type=Point, coordinates=[37.53208386, 55.80103223]]]";"{type=Point, coordinates=[37.53208386, 55.80103223]}";"1774345";
"";"";"Аэропорт, вход-выход 4 в южный вестибюль";"4";"да";"Северный административный округ";"район Аэропорт";"37.53442839";"55.80001663";"подземный";"Аэропорт";"Замоскворецкая линия";"выявленный объект культурного наследия";"открытие в 05:25:00; закрытие в 01:00:00; первый поезд по 1 пути в 05:57:00, по 2 пути в 05:31:00; последний поезд по 1 пути в 01:51:00, по 2 пути в 01:18:00";"открытие в 05:25:00; закрытие в 01:00:00; первый поезд по 1 пути в 05:57:00, по 2 пути в 05:31:00; последний поезд по 1 пути в 01:51:00, по 2 пути в 01:18:00";"";"";"2";"[{global_id=3994, RepairOfEscalators=03.02.2025-31.03.2025}]";"действует";"[Geometry[type=Point, coordinates=[37.53442839, 55.80001663]]]";"{type=Point, coordinates=[37.53442839, 55.80001663]}";"1774346";
"";"";"Аэропорт, вход-выход 3 в северный вестибюль";"3";"да";"Северный административный округ";"район Аэропорт";"37.53174054";"55.80126187";"подземный";"Аэропорт";"Замоскворецкая линия";"выявленный объект культурного наследия";"открытие в 05:25:00; закрытие в 01:00:00; первый поезд по 1 пути в 05:57:00, по 2 пути в 05:31:00; последний поезд по 1 пути в 01:51:00, по 2 пути в 01:18:00";"открытие в 05:25:00; закрытие в 01:00:00; первый поезд по 1 пути в 05:57:00, по 2 пути в 05:31:00; последний поезд по 1 пути в 01:51:00, по 2 пути в 01:18:00";"";"";"2";"[{global_id=3340, RepairOfEscalators=14.08.2023-07.09.2023}, {global_id=3993, RepairOfEscalators=03.02.2025-31.03.2025}]";"действует";"[Geometry[type=Point, coordinates=[37.53174054, 55.80126187]]]";"{type=Point, coordinates=[37.53174054, 55.80126187]}";"1774347";
"";"";"Бабушкинская, вход-выход 6 в южный вестибюль";"6";"да";"Северо-Восточный административный округ";"Бабушкинский район";"37.66338280";"55.86878392";"подземный";"Бабушкинская";"Калужско-Рижская линия";"не является объектом культурного наследия";"открытие в 05:30:00; закрытие в 01:00:00; первый поезд по 1 пути в 06:06:00, по 2 пути в 05:42:00; последний поезд по 1 пути в 01:57:00, по 2 пути в 01:05:00";"открытие в 05:30:00; закрытие в 01:00:00; первый поезд по 1 пути в 06:05:00, по 2 пути в 05:42:00; последний поезд по 1 пути в 01:57:00, по 2 пути в 01:05:00";"";"";"5";"[{global_id=3466, RepairOfEscalators=17.11.2023-31.12.2023}, {global_id=3946, RepairOfEscalators=17.11.2024-28.12.2024}]";"действует";"[Geometry[type=Point, coordinates=[37.6633828, 55.86878392]]]";"{type=Point, coordinates=[37.6633828, 55.86878392]}";"1774348";
"";"";"Бабушкинская, вход-выход 1 в северный вестибюль";"1";"да";"Северо-Восточный административный округ";"Бабушкинский район";"37.66420673";"55.87039410";"подземный";"Бабушкинская";"Калужско-Рижская линия";"не является объектом культурного наследия";"открытие в 05:30:00; закрытие в 01:00:00; первый поезд по 1 пути в 06:06:00, по 2 пути в 05:42:00; последний поезд по 1 пути в 01:57:00, по 2 пути в 01:05:00";"открытие в 05:30:00; закрытие в 01:00:00; первый поезд по 1 пути в 06:05:00, по 2 пути в 05:42:00; последний поезд по 1 пути в 01:57:00, по 2 пути в 01:05:00";"";"";"6";"[]";"действует";"[Geometry[type=Point, coordinates=[37.66420673, 55.8703941]]]";"{type=Point, coordinates=[37.66420673, 55.8703941]}";"1774349";
"";"";"Бабушкинская, вход-выход 4 в северный вестибюль";"4";"да";"Северо-Восточный административный округ";"Бабушкинский район";"37.66508113";"55.87025535";"подземный";"Бабушкинская";"Калужско-Рижская линия";"не является объектом культурного наследия";"открытие в 05:30:00; закрытие в 01:00:00; первый поезд по 1 пути в 06:06:00, по 2 пути в 05:42:00; последний поезд по 1 пути в 01:57:00, по 2 пути в 01:05:00";"открытие в 05:30:00; закрытие в 01:00:00; первый поезд по 1 пути в 06:05:00, по 2 пути в 05:42:00; последний поезд по 1 пути в 01:57:00, по 2 пути в 01:05:00";"";"";"6";"[]";"действует";"[Geometry[type=Point, coordinates=[37.66508113, 55.87025535]]]";"{type=Point, coordinates=[37.66508113, 55.87025535]}";"1774350";
"";"";"Багратионовская, вход-выход 1 в западный вестибюль";"1";"да";"Западный административный округ";"район Филёвский Парк";"37.49739367";"55.74365424";"наземный отдельностоящий";"Багратионовская";"Филёвская линия";"не является объектом культурного наследия";"открытие в 05:30:00; закрытие в 01:00:00; первый поезд по 1 пути в 05:43:00, по 2 пути в 05:59:00; последний поезд по 1 пути в 01:19:00, по 2 пути в 01:09:00";"открытие в 05:30:00; закрытие в 01:00:00; первый поезд по 1 пути в 05:43:00, по 2 пути в 05:59:00; последний поезд по 1 пути в 01:19:00, по 2 пути в 01:09:00";"";"";"1";"[]";"действует";"[Geometry[type=Point, coordinates=[37.49739367, 55.74365424]]]";"{type=Point, coordinates=[37.49739367, 55.74365424]}";"1774351";
"";"";"Багратионовская, вход-выход 2 в восточный вестибюль";"2";"да";"Западный административный округ";"район Филёвский Парк";"37.49817688";"55.74388119";"наземный отдельностоящий";"Багратионовская";"Филёвская линия";"не является объектом культурного наследия";"открытие в 05:30:00; закрытие в 01:00:00; первый поезд по 1 пути в 05:43:00, по 2 пути в 05:59:00; последний поезд по 1 пути в 01:19:00, по 2 пути в 01:09:00";"открытие в 05:30:00; закрытие в 01:00:00; первый поезд по 1 пути в 05:43:00, по 2 пути в 05:59:00; последний поезд по 1 пути в 01:19:00, по 2 пути в 01:09:00";"";"";"1";"[]";"действует";"[Geometry[type=Point, coordinates=[37.49817688, 55.74388119]]]";"{type=Point, coordinates=[37.49817688, 55.74388119]}";"1774352";
"";"";"Баррикадная, вход-выход 2 в вестибюль";"2";"да";"Центральный административный округ";"Пресненский район";"37.581254";"55.760671";"наземный отдельностоящий";"Баррикадная";"Таганско-Краснопресненская линия";"не является объектом культурного наследия";"открытие в 05:30:00; закрытие в 01:00:00; первый поезд по 1 пути в 05:43:00, по 2 пути в 06:00:00; последний поезд по 1 пути в 01:26:00, по 2 пути в 01:39:00";"открытие в 05:30:00; закрытие в 01:00:00; первый поезд по 1 пути в 06:04:00, по 2 пути в 06:00:00; последний поезд по 1 пути в 01:26:00, по 2 пути в 01:39:00";"";"";"2";"[{global_id=3346, RepairOfEscalators=04.09.2023-29.12.2023}, {global_id=3506, RepairOfEscalators=12.01.2024-03.06.2024}]";"действует";"[Geometry[type=Point, coordinates=[37.581254, 55.760671]]]";"{type=Point, coordinates=[37.581254, 55.760671]}";"1774353";
"";"";"Автозаводская, вход-выход 3 в северный вестибюль";"3";"да";"Южный административный округ";"Даниловский район";"37.65731863";"55.70865021";"подземный";"Автозаводская";"Замоскворецкая линия";"объект культурного наследия регионального значения";"открытие в 05:30:00; закрытие в 01:00:00; первый поезд по 1 пути в 05:47:00, по 2 пути в 05:43:00; последний поезд по 1 пути в 01:31:00, по 2 пути в 01:38:00";"открытие в 05:30:00; закрытие в 01:00:00; первый поезд по 1 пути в 05:47:00, по 2 пути в 05:43:00; последний поезд по 1 пути в 01:31:00, по 2 пути в 01:38:00";"";"";"2";"[{global_id=3226, RepairOfEscalators=01.06.2023-07.06.2023}, {global_id=3284, RepairOfEscalators=17.07.2023-19.09.2023}]";"действует";"[Geometry[type=Point, coordinates=[37.65731863, 55.70865021]]]";"{type=Point, coordinates=[37.65731863, 55.70865021]}";"1774354";
"";"";"Автозаводская, вход-выход 2 в северный вестибюль";"2";"да";"Южный административный округ";"Даниловский район";"37.65825740";"55.70839882";"подземный";"Автозаводская";"Замоскворецкая линия";"объект культурного наследия регионального значения";"открытие в 05:30:00; закрытие в 01:00:00; первый поезд по 1 пути в 05:47:00, по 2 пути в 05:43:00; последний поезд по 1 пути в 01:31:00, по 2 пути в 01:38:00";"открытие в 05:30:00; закрытие в 01:00:00; первый поезд по 1 пути в 05:47:00, по 2 пути в 05:43:00; последний поезд по 1 пути в 01:31:00, по 2 пути в 01:38:00";"";"";"2";"[{global_id=3225, RepairOfEscalators=01.06.2023-07.06.2023}, {global_id=3283, RepairOfEscalators=17.07.2023-19.09.2023}]";"действует";"[Geometry[type=Point, coordinates=[37.6582574, 55.70839882]]]";"{type=Point, coordinates=[37.6582574, 55.70839882]}";"1774355";
"";"";"Академическая, вход-выход 4 в южный вестибюль";"4";"да";"Юго-Западный административный округ";"Академический район";"37.57239071";"55.68721885";"подземный";"Академическая";"Калужско-Рижская линия";"не является объектом культурного наследия";"открытие в 05:30:00; закрытие в 01:00:00; первый поезд по 1 пути в 05:38:00, по 2 пути в 06:03:00; последний поезд по 1 пути в 01:21:00, по 2 пути в 01:40:00";"открытие в 05:30:00; закрытие в 01:00:00; первый поезд по 1 пути в 05:38:00, по 2 пути в 06:03:00; последний поезд по 1 пути в 01:21:00, по 2 пути в 01:40:00";"";"";"4";"[{global_id=3015, RepairOfEscalators=09.11.2022-09.12.2022}, {global_id=3546, RepairOfEscalators=31.01.2024-19.03.2024}, {global_id=3863, RepairOfEscalators=25.08.2024-06.09.2024}]";"действует";"[Geometry[type=Point, coordinates=[37.57239071, 55.68721885]]]";"{type=Point, coordinates=[37.57239071, 55.68721885]}";"1774356";
"";"";"Академическая, вход-выход 1 в южный вестибюль";"1";"да";"Юго-Западный административный округ";"Академический район";"37.57305053";"55.68697994";"подземный";"Академическая";"Калужско-Рижская линия";"не является объектом культурного наследия";"открытие в 05:30:00; закрытие в 01:00:00; первый поезд по 1 пути в 05:38:00, по 2 пути в 06:03:00; последний поезд по 1 пути в 01:21:00, по 2 пути в 01:40:00";"открытие в 05:30:00; закрытие в 01:00:00; первый поезд по 1 пути в 05:38:00, по 2 пути в 06:03:00; последний поезд по 1 пути в 01:21:00, по 2 пути в 01:40:00";"";"";"4";"[{global_id=3016, RepairOfEscalators=09.11.2022-09.12.2022}, {global_id=3543, RepairOfEscalators=31.01.2024-19.03.2024}, {global_id=3860, RepairOfEscalators=25.08.2024-06.09.2024}]";"действует";"[Geometry[type=Point, coordinates=[37.57305053, 55.68697994]]]";"{type=Point, coordinates=[37.57305053, 55.68697994]}";"1774357";
"";"";"Академическая, вход-выход 5 в северный вестибюль";"5";"да";"Юго-Западный административный округ";"Академический район";"37.57387669";"55.68861725";"подземный";"Академическая";"Калужско-Рижская линия";"не является объектом культурного наследия";"открытие в 05:30:00; закрытие в 01:00:00; первый поезд по 1 пути в 05:38:00, по 2 пути в 06:03:00; последний поезд по 1 пути в 01:21:00, по 2 пути в 01:40:00";"открытие в 05:30:00; закрытие в 01:00:00; первый поезд по 1 пути в 05:38:00, по 2 пути в 06:03:00; последний поезд по 1 пути в 01:21:00, по 2 пути в 01:40:00";"";"";"2";"[]";"действует";"[Geometry[type=Point, coordinates=[37.57387669, 55.68861725]]]";"{type=Point, coordinates=[37.57387669, 55.68861725]}";"1774358";
"";"";"Академическая, вход-выход 8 в северный вестибюль";"8";"да";"Юго-Западный административный округ";"Академический район";"37.57450432";"55.68835721";"подземный";"Академическая";"Калужско-Рижская линия";"не является объектом культурного наследия";"открытие в 05:30:00; закрытие в 01:00:00; первый поезд по 1 пути в 05:38:00, по 2 пути в 06:03:00; последний поезд по 1 пути в 01:21:00, по 2 пути в 01:40:00";"открытие в 05:30:00; закрытие в 01:00:00; первый поезд по 1 пути в 05:38:00, по 2 пути в 06:03:00; последний поезд по 1 пути в 01:21:00, по 2 пути в 01:40:00";"";"";"2";"[]";"действует";"[Geometry[type=Point, coordinates=[37.57450432, 55.68835721]]]";"{type=Point, coordinates=[37.57450432, 55.68835721]}";"1774359";
"";"";"Алма-Атинская, вход-выход 2 в северный вестибюль 2";"2";"да";"Южный административный округ";"район Братеево";"37.76686636";"55.63215560";"наземный отдельностоящий";"Алма-Атинская";"Замоскворецкая линия";"не является объектом культурного наследия";"открытие в 05:30:00; закрытие в 01:00:00; первый поезд по 1 пути в 05:47:00, последний поезд по 1 пути в 01:03:00";"открытие в 05:30:00; закрытие в 01:00:00; первый поезд по 1 пути в 05:47:00; последний поезд по 1 пути в 01:03:00";"";"";"3";"[]";"действует";"[Geometry[type=Point, coordinates=[37.76686636, 55.6321556]]]";"{type=Point, coordinates=[37.76686636, 55.6321556]}";"1774361";
"";"";"Лермонтовский проспект, вход-выход 3 в вестибюль 2";"3";"да";"Юго-Восточный административный округ";"район Выхино-Жулебино";"37.85322945";"55.69982321";"подземный";"Лермонтовский проспект";"Таганско-Краснопресненская линия";"не является объектом культурного наследия";"открытие в 05:30:00; закрытие в 01:00:00; первый поезд по 1 пути в 06:00:00, по 2 пути в 05:41:00; последний поезд по 1 пути в 01:57:00, по 2 пути в 01:08:00";"открытие в 05:30:00; закрытие в 01:00:00; первый поезд по 1 пути в 06:00:00, по 2 пути в 05:43:00; последний поезд по 1 пути в 01:57:00, по 2 пути в 01:08:00";"";"";"4";"[]";"действует";"[Geometry[type=Point, coordinates=[37.85322945, 55.69982321]]]";"{type=Point, coordinates=[37.85322945, 55.69982321]}";"1774362";
"";"";"Лермонтовский проспект, вход-выход 4 в вестибюль 2";"4";"да";"Юго-Восточный административный округ";"район Выхино-Жулебино";"37.85341184";"55.69967779";"подземный";"Лермонтовский проспект";"Таганско-Краснопресненская линия";"не является объектом культурного наследия";"открытие в 05:30:00; закрытие в 01:00:00; первый поезд по 1 пути в 06:00:00, по 2 пути в 05:41:00; последний поезд по 1 пути в 01:57:00, по 2 пути в 01:08:00";"открытие в 05:30:00; закрытие в 01:00:00; первый поезд по 1 пути в 06:00:00, по 2 пути в 05:43:00; последний поезд по 1 пути в 01:57:00, по 2 пути в 01:08:00";"";"";"4";"[]";"действует";"[Geometry[type=Point, coordinates=[37.85341184, 55.69967779]]]";"{type=Point, coordinates=[37.85341184, 55.69967779]}";"1774363";
"";"";"Кузьминки, вход-выход 1 в восточный вестибюль";"1";"да";"Юго-Восточный административный округ";"район Кузьминки";"37.76727466";"55.70559151";"подземный";"Кузьминки";"Таганско-Краснопресненская линия";"не является объектом культурного наследия";"открытие в 05:30:00; закрытие в 01:00:00; первый поезд по 1 пути в 06:05:00, по 2 пути в 05:38:00; последний поезд по 1 пути в 01:47:00, по 2 пути в 01:18:00";"открытие в 05:30:00; закрытие в 01:00:00; первый поезд по 1 пути в 06:00:00, по 2 пути в 05:38:00; последний поезд по 1 пути в 01:47:00, по 2 пути в 01:18:00";"";"";"7";"[{global_id=3138, RepairOfEscalators=15.12.2023-18.12.2023}, {global_id=3610, RepairOfEscalators=27.03.2024-29.03.2024}, {global_id=3935, RepairOfEscalators=28.10.2024-13.12.2024}]";"действует";"[Geometry[type=Point, coordinates=[37.76727466, 55.70559151]]]";"{type=Point, coordinates=[37.76727466, 55.70559151]}";"1774364";
"";"";"Кузьминки, вход-выход 4 в восточный вестибюль";"4";"да";"Юго-Восточный административный округ";"район Кузьминки";"37.76697962";"55.70487665";"подземный";"Кузьминки";"Таганско-Краснопресненская линия";"не является объектом культурного наследия";"открытие в 05:30:00; закрытие в 01:00:00; первый поезд по 1 пути в 06:05:00, по 2 пути в 05:38:00; последний поезд по 1 пути в 01:47:00, по 2 пути в 01:18:00";"открытие в 05:30:00; закрытие в 01:00:00; первый поезд по 1 пути в 06:00:00, по 2 пути в 05:38:00; последний поезд по 1 пути в 01:47:00, по 2 пути в 01:18:00";"";"";"7";"[{global_id=3140, RepairOfEscalators=27.02.2023-28.04.2023}, {global_id=3505, RepairOfEscalators=15.12.2023-18.12.2023}, {global_id=3613, RepairOfEscalators=27.03.2024-29.03.2024}, {global_id=3938, RepairOfEscalators=28.10.2024-13.12.2024}]";"действует";"[Geometry[type=Point, coordinates=[37.76697962, 55.70487665]]]";"{type=Point, coordinates=[37.76697962, 55.70487665]}";"1774365";
"";"";"Кузьминки, вход-выход 8 в западный вестибюль";"8";"да";"Юго-Восточный административный округ";"район Кузьминки";"37.76441542";"55.70596407";"подземный";"Кузьминки";"Таганско-Краснопресненская линия";"не является объектом культурного наследия";"открытие в 05:30:00; закрытие в 01:00:00; первый поезд по 1 пути в 06:05:00, по 2 пути в 05:38:00; последний поезд по 1 пути в 01:47:00, по 2 пути в 01:18:00";"открытие в 05:30:00; закрытие в 01:00:00; первый поезд по 1 пути в 06:00:00, по 2 пути в 05:38:00; последний поезд по 1 пути в 01:47:00, по 2 пути в 01:18:00";"";"";"7";"[]";"действует";"[Geometry[type=Point, coordinates=[37.76441542, 55.70596407]]]";"{type=Point, coordinates=[37.76441542, 55.70596407]}";"1774366";
"";"";"Кузьминки, вход-выход 5 в западный вестибюль";"5";"да";"Юго-Восточный административный округ";"район Кузьминки";"37.76413111";"55.70524620";"подземный";"Кузьминки";"Таганско-Краснопресненская линия";"не является объектом культурного наследия";"открытие в 05:30:00; закрытие в 01:00:00; первый поезд по 1 пути в 06:05:00, по 2 пути в 05:38:00; последний поезд по 1 пути в 01:47:00, по 2 пути в 01:18:00";"открытие в 05:30:00; закрытие в 01:00:00; первый поезд по 1 пути в 06:00:00, по 2 пути в 05:38:00; последний поезд по 1 пути в 01:47:00, по 2 пути в 01:18:00";"";"";"7";"[]";"действует";"[Geometry[type=Point, coordinates=[37.76413111, 55.7052462]]]";"{type=Point, coordinates=[37.76413111, 55.7052462]}";"1774367";
"";"";"Текстильщики, вход-выход 4 в восточный вестибюль";"4";"да";"Юго-Восточный административный округ";"район Текстильщики";"37.73361533";"55.70955442";"подземный";"Текстильщики";"Таганско-Краснопресненская линия";"не является объектом культурного наследия";"открытие в 05:30:00; закрытие в 01:00:00; первый поезд по 1 пути в 06:01:00, по 2 пути в 05:41:00; последний поезд по 1 пути в 01:44:00, по 2 пути в 01:21:00";"открытие в 05:30:00; закрытие в 01:00:00; первый поезд по 1 пути в 05:57:00, по 2 пути в 05:41:00; последний поезд по 1 пути в 01:44:00, по 2 пути в 01:21:00";"";"";"5";"[{global_id=3234, RepairOfEscalators=06.07.2023-20.10.2023}, {global_id=3921, RepairOfEscalators=04.10.2024-05.10.2024}]";"действует";"[Geometry[type=Point, coordinates=[37.73361533, 55.70955442]]]";"{type=Point, coordinates=[37.73361533, 55.70955442]}";"1774368";
"";"";"Текстильщики, вход-выход 6 в западный вестибюль";"6";"да";"Юго-Восточный административный округ";"район Печатники";"37.72884637";"55.70859127";"подземный";"Текстильщики";"Таганско-Краснопресненская линия";"не является объектом культурного наследия";"открытие в 05:30:00; закрытие в 01:00:00; первый поезд по 1 пути в 06:01:00, по 2 пути в 05:41:00; последний поезд по 1 пути в 01:44:00, по 2 пути в 01:21:00";"открытие в 05:30:00; закрытие в 01:00:00; первый поезд по 1 пути в 05:57:00, по 2 пути в 05:41:00; последний поезд по 1 пути в 01:44:00, по 2 пути в 01:21:00";"";"";"5";"[{global_id=2940, RepairOfEscalators=07.09.2022-07.12.2022}, {global_id=3509, RepairOfEscalators=24.01.2024-13.03.2024}]";"действует";"[Geometry[type=Point, coordinates=[37.72884637, 55.70859127]]]";"{type=Point, coordinates=[37.72884637, 55.70859127]}";"1774369";
"";"";"Рязанский проспект, вход-выход 1 в восточный вестибюль";"1";"да";"Юго-Восточный административный округ";"Рязанский район";"37.79381649";"55.71768913";"подземный";"Рязанский проспект";"Таганско-Краснопресненская линия";"не является объектом культурного наследия";"открытие в 05:30:00; закрытие в 01:00:00; первый поезд по 1 пути в 06:08:00, по 2 пути в 05:35:00; последний поезд по 1 пути в 01:50:00, по 2 пути в 01:15:00";"открытие в 05:30:00; закрытие в 01:00:00; первый поезд по 1 пути в 06:04:00, по 2 пути в 05:35:00; последний поезд по 1 пути в 01:50:00, по 2 пути в 01:15:00";"";"";"2";"[{global_id=3242, RepairOfEscalators=07.07.2023-09.07.2023}, {global_id=3542, RepairOfEscalators=19.01.2024-22.01.2024}, {global_id=3624, RepairOfEscalators=08.04.2024-27.04.2024}, {global_id=3690, RepairOfEscalators=13.05.2024-31.05.2024}, {global_id=3838, RepairOfEscalators=08.08.2024-30.09.2024}, {global_id=3932, RepairOfEscalators=25.10.2024-27.10.2024}, {global_id=3947, RepairOfEscalators=22.11.2024-24.11.2024}]";"действует";"[Geometry[type=Point, coordinates=[37.79381649, 55.71768913]]]";"{type=Point, coordinates=[37.79381649, 55.71768913]}";"1774371";
"";"";"Волгоградский проспект, вход-выход 3 в западный вестибюль";"3";"да";"Юго-Восточный административный округ";"Южнопортовый район";"37.68546247";"55.72553578";"подземный";"Волгоградский проспект";"Таганско-Краснопресненская линия";"не является объектом культурного наследия";"открытие в 05:30:00; закрытие в 01:00:00; первый поезд по 1 пути в 05:57:00, по 2 пути в 05:46:00; последний поезд по 1 пути в 01:39:00, по 2 пути в 01:25:00";"открытие в 05:30:00; закрытие в 01:00:00; первый поезд по 1 пути в 05:53:00, по 2 пути в 05:46:00; последний поезд по 1 пути в 01:39:00, по 2 пути в 01:25:00";"";"";"3";"[]";"действует";"[Geometry[type=Point, coordinates=[37.68546247, 55.72553578]]]";"{type=Point, coordinates=[37.68546247, 55.72553578]}";"1774372";
"";"";"Планерная, вход-выход 1 в вестибюль 2";"1";"да";"Северо-Западный административный округ";"район Северное Тушино";"37.43608706";"55.86180275";"наземный отдельностоящий";"Планерная";"Таганско-Краснопресненская линия";"не является объектом культурного наследия";"открытие в 05:30:00; закрытие в 01:00:00; первый поезд по 1 пути в 05:41:00; последний поезд по 1 пути в 01:03:00";"открытие в 05:30:00; закрытие в 01:00:00; первый поезд по 1 пути в 05:48:00; последний поезд по 1 пути в 01:03:00";"";"";"4";"[]";"действует";"[Geometry[type=Point, coordinates=[37.43608706, 55.86180275]]]";"{type=Point, coordinates=[37.43608706, 55.86180275]}";"1774375";
"";"";"Выхино, вход-выход 5 в вестибюль";"5";"да";"Восточный административный округ";"район Вешняки";"37.81786831";"55.71625405";"наземный отдельностоящий";"Выхино";"Таганско-Краснопресненская линия";"не является объектом культурного наследия";"открытие в 05:25:00; закрытие в 01:00:00; первый поезд по 1 пути в 05:56:00, по 2 пути в 05:32:00; последний поезд по 1 пути в 01:53:00, по 2 пути в 01:12:00";"открытие в 05:25:00; закрытие в 01:00:00; первый поезд по 1 пути в 05:56:00, по 2 пути в 05:32:00; последний поезд по 1 пути в 01:53:00, по 2 пути в 01:12:00";"";"";"4";"[]";"действует";"[Geometry[type=Point, coordinates=[37.81786831, 55.71625405]]]";"{type=Point, coordinates=[37.81786831, 55.71625405]}";"1774377";
"";"";"Выхино, вход-выход 3 в вестибюль";"3";"да";"Юго-Восточный административный округ";"район Выхино-Жулебино";"37.81719240";"55.71580891";"наземный отдельностоящий";"Выхино";"Таганско-Краснопресненская линия";"не является объектом культурного наследия";"открытие в 05:25:00; закрытие в 01:00:00; первый поезд по 1 пути в 05:56:00, по 2 пути в 05:32:00; последний поезд по 1 пути в 01:53:00, по 2 пути в 01:12:00";"открытие в 05:25:00; закрытие в 01:00:00; первый поезд по 1 пути в 05:56:00, по 2 пути в 05:32:00; последний поезд по 1 пути в 01:53:00, по 2 пути в 01:12:00";"";"";"4";"[]";"действует";"[Geometry[type=Point, coordinates=[37.8171924, 55.71580891]]]";"{type=Point, coordinates=[37.8171924, 55.71580891]}";"1774378";
"";"";"Бауманская, вход-выход 1 в вестибюль";"1";"да";"Центральный административный округ";"Басманный район";"37.67881348";"55.77235365";"наземный отдельностоящий";"Бауманская";"Арбатско-Покровская линия";"объект культурного наследия регионального значения";"открытие в 05:30:00; закрытие в 01:00:00; первый поезд по 1 пути в 05:38:00, по 2 пути в 05:53:00; последний поезд по 1 пути в 01:19:00, по 2 пути в 01:50:00";"открытие в 05:30:00; закрытие в 01:00:00; первый поезд по 1 пути в 05:38:00, по 2 пути в 05:53:00; последний поезд по 1 пути в 01:19:00, по 2 пути в 01:50:00";"";"";"5";"[{global_id=3137, RepairOfEscalators=27.02.2023-31.05.2023}, {global_id=3691, RepairOfEscalators=10.06.2024-27.12.2024}, {global_id=4104, RepairOfEscalators=31.07.2025-13.08.2025}]";"действует";"[Geometry[type=Point, coordinates=[37.67881348, 55.77235365]]]";"{type=Point, coordinates=[37.67881348, 55.77235365]}";"1774380";
"";"";"Братиславская, вход-выход 1 в южный вестибюль";"1";"да";"Юго-Восточный административный округ";"район Марьино";"37.74974381";"55.65926983";"подземный";"Братиславская";"Люблинско-Дмитровская линия";"не является объектом культурного наследия";"открытие в 05:30:00; закрытие в 01:00:00; первый поезд по 1 пути в 05:51:00, по 2 пути в 05:44:00; последний поезд по 1 пути в 01:59:00, по 2 пути в 01:12:00";"открытие в 05:30:00; закрытие в 01:00:00; первый поезд по 1 пути в 05:50:00, по 2 пути в 05:43:00; последний поезд по 1 пути в 01:59:00, по 2 пути в 01:12:00";"";"";"3";"[]";"действует";"[Geometry[type=Point, coordinates=[37.74974381, 55.65926983]]]";"{type=Point, coordinates=[37.74974381, 55.65926983]}";"1774381";
"";"";"Братиславская, вход-выход 3 в южный вестибюль";"3";"да";"Юго-Восточный административный округ";"район Марьино";"37.74894987";"55.65869665";"подземный";"Братиславская";"Люблинско-Дмитровская линия";"не является объектом культурного наследия";"открытие в 05:30:00; закрытие в 01:00:00; первый поезд по 1 пути в 05:51:00, по 2 пути в 05:44:00; последний поезд по 1 пути в 01:59:00, по 2 пути в 01:12:00";"открытие в 05:30:00; закрытие в 01:00:00; первый поезд по 1 пути в 05:50:00, по 2 пути в 05:43:00; последний поезд по 1 пути в 01:59:00, по 2 пути в 01:12:00";"";"";"3";"[]";"действует";"[Geometry[type=Point, coordinates=[37.74894987, 55.65869665]]]";"{type=Point, coordinates=[37.74894987, 55.65869665]}";"1774382";
"";"";"Авиамоторная, вход-выход 5 в вестибюль";"5";"да";"Юго-Восточный административный округ";"район Лефортово";"37.71631114";"55.75154747";"подземный";"Авиамоторная";"Калининская линия";"не является объектом культурного наследия";"открытие в 05:30:00; закрытие в 01:00:00; первый поезд по 1 пути в 05:41:00, по 2 пути в 05:49:00; последний поезд по 1 пути в 01:16:00, по 2 пути в 01:11:00";"открытие в 05:30:00; закрытие в 01:00:00; первый поезд по 1 пути в 05:41:00, по 2 пути в 05:49:00; последний поезд по 1 пути в 01:16:00, по 2 пути в 01:11:00";"";"";"7";"[{global_id=2962, RepairOfEscalators=06.07.2022-31.03.2023}, {global_id=3434, RepairOfEscalators=21.11.2023-22.12.2023}, {global_id=4002, RepairOfEscalators=03.02.2025-24.02.2025}]";"действует";"[Geometry[type=Point, coordinates=[37.71631114, 55.75154747]]]";"{type=Point, coordinates=[37.71631114, 55.75154747]}";"1774383";
"";"";"Авиамоторная, вход-выход 4 в вестибюль";"4";"да";"Юго-Восточный административный округ";"район Лефортово";"37.71620825";"55.75164515";"подземный";"Авиамоторная";"Калининская линия";"не является объектом культурного наследия";"открытие в 05:30:00; закрытие в 01:00:00; первый поезд по 1 пути в 05:41:00, по 2 пути в 05:49:00; последний поезд по 1 пути в 01:16:00, по 2 пути в 01:11:00";"открытие в 05:30:00; закрытие в 01:00:00; первый поезд по 1 пути в 05:41:00, по 2 пути в 05:49:00; последний поезд по 1 пути в 01:16:00, по 2 пути в 01:11:00";"";"";"7";"[{global_id=2961, RepairOfEscalators=06.07.2022-31.03.2023}, {global_id=3201, RepairOfEscalators=22.05.2023-02.06.2023}, {global_id=3433, RepairOfEscalators=21.11.2023-22.12.2023}, {global_id=4001, RepairOfEscalators=03.02.2025-24.02.2025}]";"действует";"[Geometry[type=Point, coordinates=[37.71620825, 55.75164515]]]";"{type=Point, coordinates=[37.71620825, 55.75164515]}";"1774384";
"";"";"Авиамоторная, вход-выход 3 в вестибюль";"3";"да";"Юго-Восточный административный округ";"район Лефортово";"37.71671250";"55.75198703";"подземный";"Авиамоторная";"Калининская линия";"не является объектом культурного наследия";"открытие в 05:30:00; закрытие в 01:00:00; первый поезд по 1 пути в 05:41:00, по 2 пути в 05:49:00; последний поезд по 1 пути в 01:16:00, по 2 пути в 01:11:00";"открытие в 05:30:00; закрытие в 01:00:00; первый поезд по 1 пути в 05:41:00, по 2 пути в 05:49:00; последний поезд по 1 пути в 01:16:00, по 2 пути в 01:11:00";"";"";"7";"[{global_id=2922, RepairOfEscalators=06.07.2022-31.03.2023}, {global_id=3200, RepairOfEscalators=22.05.2023-02.06.2023}, {global_id=3432, RepairOfEscalators=21.11.2023-22.12.2023}, {global_id=4000, RepairOfEscalators=03.02.2025-24.02.2025}]";"действует";"[Geometry[type=Point, coordinates=[37.7167125, 55.75198703]]]";"{type=Point, coordinates=[37.7167125, 55.75198703]}";"1774385";
"";"";"Авиамоторная, вход-выход 6 в вестибюль";"6";"да";"Юго-Восточный административный округ";"район Лефортово";"37.71651498";"55.75124492";"подземный";"Авиамоторная";"Калининская линия";"не является объектом культурного наследия";"открытие в 05:30:00; закрытие в 01:00:00; первый поезд по 1 пути в 05:41:00, по 2 пути в 05:49:00; последний поезд по 1 пути в 01:16:00, по 2 пути в 01:11:00";"открытие в 05:30:00; закрытие в 01:00:00; первый поезд по 1 пути в 05:41:00, по 2 пути в 05:49:00; последний поезд по 1 пути в 01:16:00, по 2 пути в 01:11:00";"";"";"7";"[{global_id=2963, RepairOfEscalators=06.07.2022-31.03.2023}, {global_id=3203, RepairOfEscalators=22.05.2023-02.06.2023}, {global_id=3435, RepairOfEscalators=21.11.2023-22.12.2023}, {global_id=4003, RepairOfEscalators=03.02.2025-24.02.2025}]";"действует";"[Geometry[type=Point, coordinates=[37.71651498, 55.75124492]]]";"{type=Point, coordinates=[37.71651498, 55.75124492]}";"1774386";
"";"";"Авиамоторная, вход-выход 1 в вестибюль";"1";"да";"Юго-Восточный административный округ";"район Лефортово";"37.71709874";"55.75232530";"подземный";"Авиамоторная";"Калининская линия";"не является объектом культурного наследия";"открытие в 05:30:00; закрытие в 01:00:00; первый поезд по 1 пути в 05:41:00, по 2 пути в 05:49:00; последний поезд по 1 пути в 01:16:00, по 2 пути в 01:11:00";"открытие в 05:30:00; закрытие в 01:00:00; первый поезд по 1 пути в 05:41:00, по 2 пути в 05:49:00; последний поезд по 1 пути в 01:16:00, по 2 пути в 01:11:00";"";"";"7";"[{global_id=2920, RepairOfEscalators=06.07.2022-31.03.2023}, {global_id=3215, RepairOfEscalators=22.05.2023-02.06.2023}, {global_id=3430, RepairOfEscalators=21.11.2023-22.12.2023}, {global_id=3998, RepairOfEscalators=03.02.2025-24.02.2025}]";"действует";"[Geometry[type=Point, coordinates=[37.71709874, 55.7523253]]]";"{type=Point, coordinates=[37.71709874, 55.7523253]}";"1774387";
"";"";"Авиамоторная, вход-выход 2 в вестибюль";"2";"да";"Юго-Восточный административный округ";"район Лефортово";"37.71738842";"55.75190231";"подземный";"Авиамоторная";"Калининская линия";"не является объектом культурного наследия";"открытие в 05:30:00; закрытие в 01:00:00; первый поезд по 1 пути в 05:41:00, по 2 пути в 05:49:00; последний поезд по 1 пути в 01:16:00, по 2 пути в 01:11:00";"открытие в 05:30:00; закрытие в 01:00:00; первый поезд по 1 пути в 05:41:00, по 2 пути в 05:49:00; последний поезд по 1 пути в 01:16:00, по 2 пути в 01:11:00";"";"";"7";"[{global_id=2921, RepairOfEscalators=06.07.2022-31.03.2023}, {global_id=3199, RepairOfEscalators=22.05.2023-02.06.2023}, {global_id=3431, RepairOfEscalators=21.11.2023-22.12.2023}, {global_id=3999, RepairOfEscalators=03.02.2025-24.02.2025}]";"действует";"[Geometry[type=Point, coordinates=[37.71738842, 55.75190231]]]";"{type=Point, coordinates=[37.71738842, 55.75190231]}";"1774388";
"";"";"Авиамоторная, вход-выход 7 в вестибюль";"7";"да";"Юго-Восточный административный округ";"район Лефортово";"37.71746518";"55.75087935";"подземный";"Авиамоторная";"Калининская линия";"не является объектом культурного наследия";"открытие в 05:30:00; закрытие в 01:00:00; первый поезд по 1 пути в 05:41:00, по 2 пути в 05:49:00; последний поезд по 1 пути в 01:16:00, по 2 пути в 01:11:00";"открытие в 05:30:00; закрытие в 01:00:00; первый поезд по 1 пути в 05:41:00, по 2 пути в 05:49:00; последний поезд по 1 пути в 01:16:00, по 2 пути в 01:11:00";"";"";"7";"[{global_id=2964, RepairOfEscalators=06.07.2022-31.03.2023}, {global_id=3204, RepairOfEscalators=22.05.2023-02.06.2023}, {global_id=3436, RepairOfEscalators=21.11.2023-22.12.2023}, {global_id=4004, RepairOfEscalators=03.02.2025-24.02.2025}]";"действует";"[Geometry[type=Point, coordinates=[37.71746518, 55.75087935]]]";"{type=Point, coordinates=[37.71746518, 55.75087935]}";"1774389";
"";"";"Авиамоторная, вход-выход 8 в вестибюль";"8";"да";"Юго-Восточный административный округ";"район Лефортово";"37.71774413";"55.75097617";"подземный";"Авиамоторная";"Калининская линия";"не является объектом культурного наследия";"открытие в 05:30:00; закрытие в 01:00:00; первый поезд по 1 пути в 05:41:00, по 2 пути в 05:49:00; последний поезд по 1 пути в 01:16:00, по 2 пути в 01:11:00";"открытие в 05:30:00; закрытие в 01:00:00; первый поезд по 1 пути в 05:41:00, по 2 пути в 05:49:00; последний поезд по 1 пути в 01:16:00, по 2 пути в 01:11:00";"";"";"7";"[{global_id=2965, RepairOfEscalators=06.07.2022-31.03.2023}, {global_id=3205, RepairOfEscalators=22.05.2023-02.06.2023}, {global_id=3437, RepairOfEscalators=21.11.2023-22.12.2023}, {global_id=4005, RepairOfEscalators=03.02.2025-24.02.2025}]";"действует";"[Geometry[type=Point, coordinates=[37.71774413, 55.75097617]]]";"{type=Point, coordinates=[37.71774413, 55.75097617]}";"1774390";
"";"";"Авиамоторная, вход-выход 9 в вестибюль";"9";"да";"Юго-Восточный административный округ";"район Лефортово";"37.71776559";"55.75107904";"подземный";"Авиамоторная";"Калининская линия";"не является объектом культурного наследия";"открытие в 05:30:00; закрытие в 01:00:00; первый поезд по 1 пути в 05:41:00, по 2 пути в 05:49:00; последний поезд по 1 пути в 01:16:00, по 2 пути в 01:11:00";"открытие в 05:30:00; закрытие в 01:00:00; первый поезд по 1 пути в 05:41:00, по 2 пути в 05:49:00; последний поезд по 1 пути в 01:16:00, по 2 пути в 01:11:00";"";"";"7";"[{global_id=2966, RepairOfEscalators=06.07.2022-31.03.2023}, {global_id=3206, RepairOfEscalators=22.05.2023-02.06.2023}, {global_id=3438, RepairOfEscalators=21.11.2023-22.12.2023}, {global_id=4006, RepairOfEscalators=03.02.2025-24.02.2025}]";"действует";"[Geometry[type=Point, coordinates=[37.71776559, 55.75107904]]]";"{type=Point, coordinates=[37.71776559, 55.75107904]}";"1774391";
"";"";"Волгоградский проспект, вход-выход 1 в восточный вестибюль";"1";"да";"Юго-Восточный административный округ";"Южнопортовый район";"37.68846647";"55.72448611";"подземный";"Волгоградский проспект";"Таганско-Краснопресненская линия";"не является объектом культурного наследия";"открытие в 05:30:00; закрытие в 01:00:00; первый поезд по 1 пути в 05:57:00, по 2 пути в 05:46:00; последний поезд по 1 пути в 01:39:00, по 2 пути в 01:25:00";"открытие в 05:30:00; закрытие в 01:00:00; первый поезд по 1 пути в 05:53:00, по 2 пути в 05:46:00; последний поезд по 1 пути в 01:39:00, по 2 пути в 01:25:00";"";"";"3";"[]";"действует";"[Geometry[type=Point, coordinates=[37.68846647, 55.72448611]]]";"{type=Point, coordinates=[37.68846647, 55.72448611]}";"1774392";
"";"";"Пролетарская, вход-выход 5 в вестибюль 1";"5";"да";"Центральный административный округ";"Таганский район";"37.66394007";"55.73164082";"подземный";"Пролетарская";"Таганско-Краснопресненская линия";"не является объектом культурного наследия";"открытие в 05:30:00; закрытие в 01:00:00; первый поезд по 1 пути в 05:55:00, по 2 пути в 05:48:00; последний поезд по 1 пути в 01:37:00, по 2 пути в 01:28:00";"открытие в 05:30:00; закрытие в 01:00:00; первый поезд по 1 пути в 05:51:00, по 2 пути в 05:48:00; последний поезд по 1 пути в 01:37:00, по 2 пути в 01:28:00";"";"";"4";"[]";"действует";"[Geometry[type=Point, coordinates=[37.66394007, 55.73164082]]]";"{type=Point, coordinates=[37.66394007, 55.73164082]}";"1774393";
"";"";"Пролетарская, вход-выход 6 в вестибюль 1";"6";"да";"Центральный административный округ";"Таганский район";"37.66414928";"55.73151974";"подземный";"Пролетарская";"Таганско-Краснопресненская линия";"не является объектом культурного наследия";"открытие в 05:30:00; закрытие в 01:00:00; первый поезд по 1 пути в 05:55:00, по 2 пути в 05:48:00; последний поезд по 1 пути в 01:37:00, по 2 пути в 01:28:00";"открытие в 05:30:00; закрытие в 01:00:00; первый поезд по 1 пути в 05:51:00, по 2 пути в 05:48:00; последний поезд по 1 пути в 01:37:00, по 2 пути в 01:28:00";"";"";"4";"[]";"действует";"[Geometry[type=Point, coordinates=[37.66414928, 55.73151974]]]";"{type=Point, coordinates=[37.66414928, 55.73151974]}";"1774394";
"";"";"Пролетарская, вход-выход 7 в вестибюль 1";"7";"да";"Юго-Восточный административный округ";"Южнопортовый район";"37.66419756";"55.73142590";"подземный";"Пролетарская";"Таганско-Краснопресненская линия";"не является объектом культурного наследия";"открытие в 05:30:00; закрытие в 01:00:00; первый поезд по 1 пути в 05:55:00, по 2 пути в 05:48:00; последний поезд по 1 пути в 01:37:00, по 2 пути в 01:28:00";"открытие в 05:30:00; закрытие в 01:00:00; первый поезд по 1 пути в 05:51:00, по 2 пути в 05:48:00; последний поезд по 1 пути в 01:37:00, по 2 пути в 01:28:00";"";"";"4";"[]";"действует";"[Geometry[type=Point, coordinates=[37.66419756, 55.7314259]]]";"{type=Point, coordinates=[37.66419756, 55.7314259]}";"1774395";
"";"";"Беговая, вход-выход 6 в 1-й вестибюль";"6";"да";"Центральный административный округ";"Пресненский район";"37.54894377";"55.77297807";"подземный";"Беговая";"Таганско-Краснопресненская линия";"не является объектом культурного наследия";"открытие в 05:30:00; закрытие в 01:00:00; первый поезд по 1 пути в 06:00:00, по 2 пути в 06:05:00; последний поезд по 1 пути в 01:22:00, по 2 пути в 01:44:00";"открытие в 05:30:00; закрытие в 01:00:00; первый поезд по 1 пути в 05:59:00, по 2 пути в 06:05:00; последний поезд по 1 пути в 01:22:00, по 2 пути в 01:44:00";"";"";"5";"[]";"действует";"[Geometry[type=Point, coordinates=[37.54894377, 55.77297807]]]";"{type=Point, coordinates=[37.54894377, 55.77297807]}";"1774399";
"";"";"Тушинская, вход-выход 1 в вестибюль 2";"1";"да";"Северо-Западный административный округ";"район Покровское-Стрешнево";"37.43690712";"55.82741714";"подземный";"Тушинская";"Таганско-Краснопресненская линия";"не является объектом культурного наследия";"открытие в 05:30:00; закрытие в 01:00:00; первый поезд по 1 пути в 05:46:00, по 2 пути в 05:48:00; последний поезд по 1 пути в 01:08:00, по 2 пути в 01:57:00";"открытие в 05:30:00; закрытие в 01:00:00; первый поезд по 1 пути в 05:45:00, по 2 пути в 05:47:00; последний поезд по 1 пути в 01:08:00, по 2 пути в 01:57:00";"";"";"7";"[{global_id=3218, RepairOfEscalators=13.06.2023-26.07.2023}]";"действует";"[Geometry[type=Point, coordinates=[37.43690712, 55.82741714]]]";"{type=Point, coordinates=[37.43690712, 55.82741714]}";"1774400";
"";"";"Спартак, вход-выход 3 в вестибюль 1";"3";"да";"Северо-Западный административный округ";"район Покровское-Стрешнево";"37.43464984";"55.81750787";"подземный";"Спартак";"Таганско-Краснопресненская линия";"не является объектом культурного наследия";"открытие в 05:30:00; закрытие в 01:00:00; первый поезд по 1 пути в 05:48:00, по 2 пути в 05:46:00; последний поезд по 1 пути в 01:09:00, по 2 пути в 01:56:00";"открытие в 05:30:00; закрытие в 01:00:00; первый поезд по 1 пути в 05:47:00, по 2 пути в 05:45:00; последний поезд по 1 пути в 01:09:00, по 2 пути в 01:56:00";"";"";"2";"[]";"действует";"[Geometry[type=Point, coordinates=[37.43464984, 55.81750787]]]";"{type=Point, coordinates=[37.43464984, 55.81750787]}";"2755484";
"";"";"Спартак, вход-выход 5 в вестибюль 1";"5";"да";"Северо-Западный административный округ";"район Покровское-Стрешнево";"37.43405975";"55.81757488";"подземный";"Спартак";"Таганско-Краснопресненская линия";"не является объектом культурного наследия";"открытие в 05:30:00; закрытие в 01:00:00; первый поезд по 1 пути в 05:48:00, по 2 пути в 05:46:00; последний поезд по 1 пути в 01:09:00, по 2 пути в 01:56:00";"открытие в 05:30:00; закрытие в 01:00:00; первый поезд по 1 пути в 05:47:00, по 2 пути в 05:45:00; последний поезд по 1 пути в 01:09:00, по 2 пути в 01:56:00";"";"";"2";"[]";"действует";"[Geometry[type=Point, coordinates=[37.43405975, 55.81757488]]]";"{type=Point, coordinates=[37.43405975, 55.81757488]}";"2755485";
"";"";"Спартак, вход-выход 4 в вестибюль 1";"4";"да";"Северо-Западный административный округ";"район Покровское-Стрешнево";"37.43398465";"55.81711580";"подземный";"Спартак";"Таганско-Краснопресненская линия";"не является объектом культурного наследия";"открытие в 05:30:00; закрытие в 01:00:00; первый поезд по 1 пути в 05:48:00, по 2 пути в 05:46:00; последний поезд по 1 пути в 01:09:00, по 2 пути в 01:56:00";"открытие в 05:30:00; закрытие в 01:00:00; первый поезд по 1 пути в 05:47:00, по 2 пути в 05:45:00; последний поезд по 1 пути в 01:09:00, по 2 пути в 01:56:00";"";"";"2";"[]";"действует";"[Geometry[type=Point, coordinates=[37.43398465, 55.8171158]]]";"{type=Point, coordinates=[37.43398465, 55.8171158]}";"2755486";
"";"";"Спартак, вход-выход 2 в вестибюль 1";"2";"да";"Северо-Западный административный округ";"район Покровское-Стрешнево";"37.43458010";"55.81707295";"подземный";"Спартак";"Таганско-Краснопресненская линия";"не является объектом культурного наследия";"открытие в 05:30:00; закрытие в 01:00:00; первый поезд по 1 пути в 05:48:00, по 2 пути в 05:46:00; последний поезд по 1 пути в 01:09:00, по 2 пути в 01:56:00";"открытие в 05:30:00; закрытие в 01:00:00; первый поезд по 1 пути в 05:47:00, по 2 пути в 05:45:00; последний поезд по 1 пути в 01:09:00, по 2 пути в 01:56:00";"";"";"2";"[]";"действует";"[Geometry[type=Point, coordinates=[37.4345801, 55.81707295]]]";"{type=Point, coordinates=[37.4345801, 55.81707295]}";"2755487";
"";"";"Спартак, вход-выход 1 в вестибюль 2";"1";"да";"Северо-Западный административный округ";"район Покровское-Стрешнево";"37.43543812";"55.81955674";"наземный отдельностоящий";"Спартак";"Таганско-Краснопресненская линия";"не является объектом культурного наследия";"открытие в 05:30:00; закрытие в 01:00:00; первый поезд по 1 пути в 05:48:00, по 2 пути в 05:46:00; последний поезд по 1 пути в 01:09:00, по 2 пути в 01:56:00";"открытие в 05:30:00; закрытие в 01:00:00; первый поезд по 1 пути в 05:47:00, по 2 пути в 05:45:00; последний поезд по 1 пути в 01:09:00, по 2 пути в 01:56:00";"";"";"2";"[{global_id=3158, RepairOfEscalators=10.04.2023-22.04.2023}]";"действует";"[Geometry[type=Point, coordinates=[37.43543812, 55.81955674]]]";"{type=Point, coordinates=[37.43543812, 55.81955674]}";"2755488";
"";"";"Тропарёво, вход-выход 8 в вестибюль 1";"8";"да";"Западный административный округ";"район Тропарёво-Никулино";"37.47349294";"55.64615923";"подземный";"Тропарёво";"Сокольническая линия";"не является объектом культурного наследия";"открытие в 05:30:00; закрытие в 01:00:00; первый поезд по 1 пути в 05:58:00, по 2 пути в 06:03:00; последний поезд по 1 пути в 01:48:00, по 2 пути в 01:24:00";"открытие в 05:30:00; закрытие в 01:00:00; первый поезд по 1 пути в 05:43:00, по 2 пути в 05:42:00; последний поезд по 1 пути в 01:48:00, по 2 пути в 01:24:00";"";"";"2";"[]";"действует";"[Geometry[type=Point, coordinates=[37.47349294, 55.64615923]]]";"{type=Point, coordinates=[37.47349294, 55.64615923]}";"4131710";
"";"";"Тропарёво, вход-выход 7 в вестибюль 1";"7";"да";"Западный административный округ";"район Тропарёво-Никулино";"37.47439416";"55.64660764";"подземный";"Тропарёво";"Сокольническая линия";"не является объектом культурного наследия";"открытие в 05:30:00; закрытие в 01:00:00; первый поезд по 1 пути в 05:58:00, по 2 пути в 06:03:00; последний поезд по 1 пути в 01:48:00, по 2 пути в 01:24:00";"открытие в 05:30:00; закрытие в 01:00:00; первый поезд по 1 пути в 05:43:00, по 2 пути в 05:42:00; последний поезд по 1 пути в 01:48:00, по 2 пути в 01:24:00";"";"";"2";"[]";"действует";"[Geometry[type=Point, coordinates=[37.47439416, 55.64660764]]]";"{type=Point, coordinates=[37.47439416, 55.64660764]}";"4131713";
"";"";"Тропарёво, вход-выход 1 в вестибюль 2";"1";"да";"Западный административный округ";"район Тропарёво-Никулино";"37.47176023";"55.64536991";"подземный";"Тропарёво";"Сокольническая линия";"не является объектом культурного наследия";"открытие в 05:30:00; закрытие в 01:00:00; первый поезд по 1 пути в 05:58:00, по 2 пути в 06:03:00; последний поезд по 1 пути в 01:48:00, по 2 пути в 01:24:00";"открытие в 05:30:00; закрытие в 01:00:00; первый поезд по 1 пути в 05:43:00, по 2 пути в 05:42:00; последний поезд по 1 пути в 01:48:00, по 2 пути в 01:24:00";"";"";"2";"[]";"действует";"[Geometry[type=Point, coordinates=[37.47176023, 55.64536991]]]";"{type=Point, coordinates=[37.47176023, 55.64536991]}";"4131714";
"";"";"Тропарёво, вход-выход 2 в вестибюль 2";"2";"да";"Западный административный округ";"район Тропарёво-Никулино";"37.47092874";"55.64496946";"подземный";"Тропарёво";"Сокольническая линия";"не является объектом культурного наследия";"открытие в 05:30:00; закрытие в 01:00:00; первый поезд по 1 пути в 05:58:00, по 2 пути в 06:03:00; последний поезд по 1 пути в 01:48:00, по 2 пути в 01:24:00";"открытие в 05:30:00; закрытие в 01:00:00; первый поезд по 1 пути в 05:43:00, по 2 пути в 05:42:00; последний поезд по 1 пути в 01:48:00, по 2 пути в 01:24:00";"";"";"2";"[]";"действует";"[Geometry[type=Point, coordinates=[37.47092874, 55.64496946]]]";"{type=Point, coordinates=[37.47092874, 55.64496946]}";"4131715";
"";"";"Тропарёво, вход-выход 3 в вестибюль 2";"3";"да";"Западный административный округ";"район Тропарёво-Никулино";"37.47214110";"55.64509991";"подземный";"Тропарёво";"Сокольническая линия";"не является объектом культурного наследия";"открытие в 05:30:00; закрытие в 01:00:00; первый поезд по 1 пути в 05:58:00, по 2 пути в 06:03:00; последний поезд по 1 пути в 01:48:00, по 2 пути в 01:24:00";"открытие в 05:30:00; закрытие в 01:00:00; первый поезд по 1 пути в 05:43:00, по 2 пути в 05:42:00; последний поезд по 1 пути в 01:48:00, по 2 пути в 01:24:00";"";"";"2";"[]";"действует";"[Geometry[type=Point, coordinates=[37.4721411, 55.64509991]]]";"{type=Point, coordinates=[37.4721411, 55.64509991]}";"4131716";
"";"";"Тропарёво, вход-выход 4 в вестибюль 2";"4";"да";"Западный административный округ";"район Тропарёво-Никулино";"37.47137399";"55.64474496";"подземный";"Тропарёво";"Сокольническая линия";"не является объектом культурного наследия";"открытие в 05:30:00; закрытие в 01:00:00; первый поезд по 1 пути в 05:58:00, по 2 пути в 06:03:00; последний поезд по 1 пути в 01:48:00, по 2 пути в 01:24:00";"открытие в 05:30:00; закрытие в 01:00:00; первый поезд по 1 пути в 05:43:00, по 2 пути в 05:42:00; последний поезд по 1 пути в 01:48:00, по 2 пути в 01:24:00";"";"";"2";"[]";"действует";"[Geometry[type=Point, coordinates=[37.47137399, 55.64474496]]]";"{type=Point, coordinates=[37.47137399, 55.64474496]}";"4131717";
"";"";"Тропарёво, вход-выход 5 в вестибюль 2";"5";"да";"Юго-Западный административный округ";"район Тёплый Стан";"37.47287603";"55.64461754";"подземный";"Тропарёво";"Сокольническая линия";"не является объектом культурного наследия";"открытие в 05:30:00; закрытие в 01:00:00; первый поезд по 1 пути в 05:58:00, по 2 пути в 06:03:00; последний поезд по 1 пути в 01:48:00, по 2 пути в 01:24:00";"открытие в 05:30:00; закрытие в 01:00:00; первый поезд по 1 пути в 05:43:00, по 2 пути в 05:42:00; последний поезд по 1 пути в 01:48:00, по 2 пути в 01:24:00";"";"";"2";"[]";"действует";"[Geometry[type=Point, coordinates=[37.47287603, 55.64461754]]]";"{type=Point, coordinates=[37.47287603, 55.64461754]}";"4131718";
"";"";"Тропарёво, вход-выход 6 в вестибюль 2";"6";"да";"Юго-Западный административный округ";"район Тёплый Стан";"37.47208209";"55.64425955";"подземный";"Тропарёво";"Сокольническая линия";"не является объектом культурного наследия";"открытие в 05:30:00; закрытие в 01:00:00; первый поезд по 1 пути в 05:58:00, по 2 пути в 06:03:00; последний поезд по 1 пути в 01:48:00, по 2 пути в 01:24:00";"открытие в 05:30:00; закрытие в 01:00:00; первый поезд по 1 пути в 05:43:00, по 2 пути в 05:42:00; последний поезд по 1 пути в 01:48:00, по 2 пути в 01:24:00";"";"";"2";"[]";"действует";"[Geometry[type=Point, coordinates=[37.47208209, 55.64425955]]]";"{type=Point, coordinates=[37.47208209, 55.64425955]}";"4131721";
"";"";"Пушкинская, вход-выход 6 в вестибюль";"6";"да";"Центральный административный округ";"Тверской район";"37.60541003";"55.76508224";"подземный";"Пушкинская";"Таганско-Краснопресненская линия";"не является объектом культурного наследия";"открытие в 05:30:00; закрытие в 01:00:00; первый поезд по 1 пути в 05:46:00, по 2 пути в 05:58:00; последний поезд по 1 пути в 01:29:00, по 2 пути в 01:37:00";"открытие в 05:30:00; закрытие в 01:00:00; первый поезд по 1 пути в 05:53:00, по 2 пути в 05:57:00; последний поезд по 1 пути в 01:29:00, по 2 пути в 01:37:00";"";"";"3";"[{global_id=2987, RepairOfEscalators=10.01.2023-28.04.2023}, {global_id=3486, RepairOfEscalators=15.01.2024-29.03.2024}, {global_id=3535, RepairOfEscalators=28.12.2023-14.01.2024}, {global_id=3563, RepairOfEscalators=19.12.2023-16.02.2024}, {global_id=3703, RepairOfEscalators=27.02.2024-27.12.2024}]";"действует";"[Geometry[type=Point, coordinates=[37.60541003, 55.76508224]]]";"{type=Point, coordinates=[37.60541003, 55.76508224]}";"4485043";
"";"";"Пушкинская, вход-выход 10 в вестибюль";"10";"да";"Центральный административный округ";"Тверской район";"37.60549523";"55.76438862";"подземный";"Пушкинская";"Таганско-Краснопресненская линия";"не является объектом культурного наследия";"открытие в 05:30:00; закрытие в 01:00:00; первый поезд по 1 пути в 05:46:00, по 2 пути в 05:58:00; последний поезд по 1 пути в 01:29:00, по 2 пути в 01:37:00";"открытие в 05:30:00; закрытие в 01:00:00; первый поезд по 1 пути в 05:53:00, по 2 пути в 05:57:00; последний поезд по 1 пути в 01:29:00, по 2 пути в 01:37:00";"";"";"3";"[{global_id=3051, RepairOfEscalators=10.01.2023-28.04.2023}, {global_id=3533, RepairOfEscalators=28.12.2023-14.01.2024}, {global_id=3570, RepairOfEscalators=19.12.2023-16.02.2024}, {global_id=3705, RepairOfEscalators=27.07.2024-25.12.2024}]";"действует";"[Geometry[type=Point, coordinates=[37.60549523, 55.76438862]]]";"{type=Point, coordinates=[37.60549523, 55.76438862]}";"4485044";
"";"";"Пушкинская, вход-выход 11 в вестибюль";"11";"да";"Центральный административный округ";"Тверской район";"37.60860186";"55.76563228";"подземный";"Пушкинская";"Таганско-Краснопресненская линия";"не является объектом культурного наследия";"открытие в 05:30:00; закрытие в 01:00:00; первый поезд по 1 пути в 05:46:00, по 2 пути в 05:58:00; последний поезд по 1 пути в 01:29:00, по 2 пути в 01:37:00";"открытие в 05:30:00; закрытие в 01:00:00; первый поезд по 1 пути в 05:53:00, по 2 пути в 05:57:00; последний поезд по 1 пути в 01:29:00, по 2 пути в 01:37:00";"";"";"3";"[{global_id=3161, RepairOfEscalators=11.04.2023-28.04.2023}, {global_id=3358, RepairOfEscalators=11.09.2023-14.09.2023}, {global_id=3394, RepairOfEscalators=09.09.2023-15.12.2023}, {global_id=4024, RepairOfEscalators=03.03.2025-28.03.2025}, {global_id=4050, RepairOfEscalators=13.03.2025-29.04.2025}]";"действует";"[Geometry[type=Point, coordinates=[37.60860186, 55.76563228]]]";"{type=Point, coordinates=[37.60860186, 55.76563228]}";"4485045";
"";"";"Пушкинская, вход-выход 8 в вестибюль";"8";"да";"Центральный административный округ";"Тверской район";"37.60605376";"55.76475258";"подземный";"Пушкинская";"Таганско-Краснопресненская линия";"не является объектом культурного наследия";"открытие в 05:30:00; закрытие в 01:00:00; первый поезд по 1 пути в 05:46:00, по 2 пути в 05:58:00; последний поезд по 1 пути в 01:29:00, по 2 пути в 01:37:00";"открытие в 05:30:00; закрытие в 01:00:00; первый поезд по 1 пути в 05:53:00, по 2 пути в 05:57:00; последний поезд по 1 пути в 01:29:00, по 2 пути в 01:37:00";"";"";"3";"[{global_id=3053, RepairOfEscalators=10.01.2023-28.04.2023}, {global_id=3487, RepairOfEscalators=15.01.2024-29.03.2024}, {global_id=3536, RepairOfEscalators=28.12.2023-14.01.2024}, {global_id=3564, RepairOfEscalators=19.12.2023-16.02.2024}, {global_id=3704, RepairOfEscalators=27.02.2024-27.12.2024}]";"действует";"[Geometry[type=Point, coordinates=[37.60605376, 55.76475258]]]";"{type=Point, coordinates=[37.60605376, 55.76475258]}";"4485046";
"";"";"Пушкинская, вход-выход 13 в вестибюль";"";"да";"Центральный административный округ";"Тверской район";"37.60777038";"55.76587462";"подземный";"Пушкинская";"Таганско-Краснопресненская линия";"не является объектом культурного наследия";"открытие в 05:30:00; закрытие в 01:00:00; первый поезд по 1 пути в 05:46:00, по 2 пути в 05:58:00; последний поезд по 1 пути в 01:29:00, по 2 пути в 01:37:00";"открытие в 05:30:00; закрытие в 01:00:00; первый поезд по 1 пути в 05:53:00, по 2 пути в 05:57:00; последний поезд по 1 пути в 01:29:00, по 2 пути в 01:37:00";"";"";"3";"[{global_id=3162, RepairOfEscalators=11.04.2023-28.04.2023}, {global_id=3359, RepairOfEscalators=11.09.2023-14.09.2023}, {global_id=3395, RepairOfEscalators=09.09.2023-15.12.2023}, {global_id=3949, RepairOfEscalators=27.02.2024-27.12.2024}, {global_id=4025, RepairOfEscalators=03.03.2025-28.03.2025}, {global_id=4051, RepairOfEscalators=13.03.2025-29.04.2025}]";"действует";"[Geometry[type=Point, coordinates=[37.60777038, 55.76587462]]]";"{type=Point, coordinates=[37.60777038, 55.76587462]}";"4485047";
"";"";"Котельники, вход-выход 5 в вестибюль 1";"5";"нет";"";"";"37.85631134";"55.67527909";"наземный отдельностоящий";"Котельники";"Таганско-Краснопресненская линия";"не является объектом культурного наследия";"открытие в 05:30:00; закрытие в 01:00:00; первый поезд по 2 пути в 05:57:00; последний поезд по 2 пути в 01:03:03";"открытие в 05:30:00; закрытие в 01:00:00; первый поезд по 2 пути в 05:40:00; последний поезд по 2 пути в 01:03:00";"";"";"10";"[]";"действует";"[Geometry[type=Point, coordinates=[37.85631134, 55.67527909]]]";"{type=Point, coordinates=[37.85631134, 55.67527909]}";"25167550";
"";"";"Котельники, вход-выход 4 в вестибюль 1";"4";"нет";"";"";"37.85647763";"55.67484863";"наземный отдельностоящий";"Котельники";"Таганско-Краснопресненская линия";"не является объектом культурного наследия";"открытие в 05:30:00; закрытие в 01:00:00; первый поезд по 2 пути в 05:57:00; последний поезд по 2 пути в 01:03:03";"открытие в 05:30:00; закрытие в 01:00:00; первый поезд по 2 пути в 05:40:00; последний поезд по 2 пути в 01:03:00";"";"";"10";"[]";"действует";"[Geometry[type=Point, coordinates=[37.85647763, 55.67484863]]]";"{type=Point, coordinates=[37.85647763, 55.67484863]}";"25167617";
"";"";"Котельники, вход-выход 3 в вестибюль 1";"3";"нет";"";"";"37.85701944";"55.67460005";"наземный отдельностоящий";"Котельники";"Таганско-Краснопресненская линия";"не является объектом культурного наследия";"открытие в 05:30:00; закрытие в 01:00:00; первый поезд по 2 пути в 05:57:00; последний поезд по 2 пути в 01:03:03";"открытие в 05:30:00; закрытие в 01:00:00; первый поезд по 2 пути в 05:40:00; последний поезд по 2 пути в 01:03:00";"";"";"10";"[]";"действует";"[Geometry[type=Point, coordinates=[37.85701944, 55.67460005]]]";"{type=Point, coordinates=[37.85701944, 55.67460005]}";"25167669";
"";"";"Котельники, вход-выход 6 в вестибюль 1";"6";"нет";"";"";"37.85775973";"55.67607330";"наземный отдельностоящий";"Котельники";"Таганско-Краснопресненская линия";"не является объектом культурного наследия";"открытие в 05:30:00; закрытие в 01:00:00; первый поезд по 2 пути в 05:57:00; последний поезд по 2 пути в 01:03:03";"открытие в 05:30:00; закрытие в 01:00:00; первый поезд по 2 пути в 05:40:00; последний поезд по 2 пути в 01:03:00";"";"";"10";"[]";"действует";"[Geometry[type=Point, coordinates=[37.85775973, 55.6760733]]]";"{type=Point, coordinates=[37.85775973, 55.6760733]}";"25168097";
"";"";"Котельники, вход-выход 7 в вестибюль 1";"7";"да";"Юго-Восточный административный округ";"район Выхино-Жулебино";"37.85807198";"55.67694986";"подземный";"Котельники";"Таганско-Краснопресненская линия";"не является объектом культурного наследия";"открытие в 05:30:00; закрытие в 01:00:00; первый поезд по 2 пути в 05:57:00; последний поезд по 2 пути в 01:03:03";"открытие в 05:30:00; закрытие в 01:00:00; первый поезд по 2 пути в 05:40:00; последний поезд по 2 пути в 01:03:00";"";"";"10";"[]";"действует";"[Geometry[type=Point, coordinates=[37.85807198, 55.67694986]]]";"{type=Point, coordinates=[37.85807198, 55.67694986]}";"25168171";
"";"";"Котельники, вход-выход 2 в вестибюль 2";"2";"нет";"";"";"37.85880760";"55.67377078";"наземный отдельностоящий";"Котельники";"Таганско-Краснопресненская линия";"не является объектом культурного наследия";"открытие в 05:30:00; закрытие в 01:00:00; первый поезд по 2 пути в 05:57:00; последний поезд по 2 пути в 01:03:03";"открытие в 05:30:00; закрытие в 01:00:00; первый поезд по 2 пути в 05:40:00; последний поезд по 2 пути в 01:03:00";"";"";"6";"[{global_id=3017, RepairOfEscalators=26.11.2022-19.12.2022}]";"действует";"[Geometry[type=Point, coordinates=[37.8588076, 55.67377078]]]";"{type=Point, coordinates=[37.8588076, 55.67377078]}";"25168277";
"";"";"Котельники, вход-выход 1 в вестибюль 2";"1";"нет";"";"";"37.85937086";"55.67350704";"наземный отдельностоящий";"Котельники";"Таганско-Краснопресненская линия";"не является объектом культурного наследия";"открытие в 05:30:00; закрытие в 01:00:00; первый поезд по 2 пути в 05:57:00; последний поезд по 2 пути в 01:03:03";"открытие в 05:30:00; закрытие в 01:00:00; первый поезд по 2 пути в 05:40:00; последний поезд по 2 пути в 01:03:00";"";"";"6";"[{global_id=3018, RepairOfEscalators=26.11.2022-19.12.2022}]";"действует";"[Geometry[type=Point, coordinates=[37.85937086, 55.67350704]]]";"{type=Point, coordinates=[37.85937086, 55.67350704]}";"25168320";
"";"";"Бульвар Дмитрия Донского, вход-выход 5 в южный вестибюль";"5";"да";"Юго-Западный административный округ";"район Северное Бутово";"37.57492580";"55.56839713";"подземный";"Бульвар Дмитрия Донского";"Серпуховско-Тимирязевская линия";"не является объектом культурного наследия";"открытие в 05:30:00; закрытие в 01:00:00; первый поезд по 1 пути в 05:42:00; последний поезд по 1 пути в 01:03:00";"открытие в 05:30:00; закрытие в 01:00:00; первый поезд по 1 пути в 06:03:00; последний поезд по 1 пути в 01:03:00";"";"";"7";"[]";"действует";"[Geometry[type=Point, coordinates=[37.5749258, 55.56839713]]]";"{type=Point, coordinates=[37.5749258, 55.56839713]}";"59714991";
"";"";"Чертановская, вход-выход 8 в северный вестибюль";"8";"да";"Южный административный округ";"район Чертаново Северное";"37.60591286";"55.64031800";"подземный";"Чертановская";"Серпуховско-Тимирязевская линия";"не является объектом культурного наследия";"открытие в 05:25:00; закрытие в 01:00:00; первый поезд по 1 пути в 05:31:00, по 2 пути в 06:09:00; последний поезд по 1 пути в 01:15:00, по 2 пути в 01:49:00";"открытие в 05:25:00; закрытие в 01:00:00; первый поезд по 1 пути в 05:31:00, по 2 пути в 06:09:00; последний поезд по 1 пути в 01:15:00, по 2 пути в 01:49:00";"";"";"3";"[{global_id=3326, RepairOfEscalators=11.08.2023-03.11.2023}]";"действует";"[Geometry[type=Point, coordinates=[37.60591286, 55.640318]]]";"{type=Point, coordinates=[37.60591286, 55.640318]}";"59714994";
"";"";"Нагорная, вход-выход 3 в вестибюль";"3";"да";"Южный административный округ";"Нагорный район";"37.61093055";"55.67280079";"подземный";"Нагорная";"Серпуховско-Тимирязевская линия";"не является объектом культурного наследия";"открытие в 05:30:00; закрытие в 01:00:00; первый поезд по 1 пути в 05:37:00, по 2 пути в 06:03:00; последний поезд по 1 пути в 01:20:00, по 2 пути в 01:43:00";"открытие в 05:30:00; закрытие в 01:00:00; первый поезд по 1 пути в 05:37:00, по 2 пути в 06:03:00; последний поезд по 1 пути в 01:20:00, по 2 пути в 01:43:00";"";"";"3";"[]";"действует";"[Geometry[type=Point, coordinates=[37.61093055, 55.67280079]]]";"{type=Point, coordinates=[37.61093055, 55.67280079]}";"59714996";
"";"";"Марьина Роща, вход-выход 2 в вестибюль 1";"2";"да";"Северо-Восточный административный округ";"район Марьина Роща";"37.61708622";"55.79385993";"подземный";"Марьина Роща";"Люблинско-Дмитровская линия";"не является объектом культурного наследия";"открытие в 05:30:00; закрытие в 01:00:00; первый поезд по 1 пути в 05:40:00; по 2 пути в 05:48:00; последний поезд по 1 пути в 01:26:00, по 2 пути в 01:45:00";"открытие в 05:30:00; закрытие в 01:00:00; первый поезд по 1 пути в 05:42:00; по 2 пути в 05:47:00; последний поезд по 1 пути в 01:26:00, по 2 пути в 01:45:00";"";"";"3";"[{global_id=3974, RepairOfEscalators=14.01.2024-29.04.2025}]";"действует";"[Geometry[type=Point, coordinates=[37.61708622, 55.79385993]]]";"{type=Point, coordinates=[37.61708622, 55.79385993]}";"59715004";
"";"";"Дубровка, вход-выход 2 в вестибюль";"2";"да";"Юго-Восточный административный округ";"Южнопортовый район";"37.67716644";"55.71768082";"наземный отдельностоящий";"Дубровка";"Люблинско-Дмитровская линия";"не является объектом культурного наследия";"открытие в 05:30:00; закрытие в 01:00:00; первый поезд по 1 пути в 05:59:00, по 2 пути в 05:38:00; последний поезд по 1 пути в 01:45:00, по 2 пути в 01:27:00";"открытие в 05:30:00; закрытие в 01:00:00; первый поезд по 1 пути в 06:01:00, по 2 пути в 05:37:00; последний поезд по 1 пути в 01:45:00, по 2 пути в 01:27:00";"";"";"4";"[]";"действует";"[Geometry[type=Point, coordinates=[37.67716644, 55.71768082]]]";"{type=Point, coordinates=[37.67716644, 55.71768082]}";"59715007";
"";"";"Войковская, вход-выход 4 в южный вестибюль";"4";"да";"Северный административный округ";"Войковский район";"37.49820879";"55.81789309";"подземный";"Войковская";"Замоскворецкая линия";"не является объектом культурного наследия";"открытие в 05:30:00; закрытие в 01:00:00; первый поезд по 1 пути в 05:57:00, по 2 пути в 05:46:00; последний поезд по 1 пути в 01:56:00, по 2 пути в 01:13:00";"открытие в 05:30:00; закрытие в 01:00:00; первый поезд по 1 пути в 05:57:00, по 2 пути в 05:46:00; последний поезд по 1 пути в 01:56:00, по 2 пути в 01:13:00";"";"";"2";"[]";"действует";"[Geometry[type=Point, coordinates=[37.49820879, 55.81789309]]]";"{type=Point, coordinates=[37.49820879, 55.81789309]}";"59715015";
"";"";"Лубянка, вход-выход 11 в южный вестибюль (Детский мир)";"11";"да";"Центральный административный округ";"Мещанский район";"37.62548555";"55.75989073";"наземный, встроенный в здание";"Лубянка";"Сокольническая линия";"выявленный объект культурного наследия";"открытие в 05:30:00; закрытие в 01:00:00; первый поезд по 1 пути в 05:38:00, по 2 пути в 05:58:00; последний поезд по 1 пути в 01:21:00, по 2 пути в 01:50:00";"открытие в 05:30:00; закрытие в 01:00:00; первый поезд по 1 пути в 05:38:00, по 2 пути в 05:58:00; последний поезд по 1 пути в 01:21:00, по 2 пути в 01:50:00";"";"";"5";"[{global_id=3019, RepairOfEscalators=11.11.2022-22.11.2022}, {global_id=3823, RepairOfEscalators=21.08.2024-30.08.2024}]";"действует";"[Geometry[type=Point, coordinates=[37.62548555, 55.75989073]]]";"{type=Point, coordinates=[37.62548555, 55.75989073]}";"59715019";
"";"";"Новые Черёмушки, вход-выход 3 в южный вестибюль";"3";"да";"Юго-Западный административный округ";"Обручевский район";"37.55339309";"55.66946289";"подземный";"Новые Черёмушки";"Калужско-Рижская линия";"не является объектом культурного наследия";"открытие в 05:30:00; закрытие в 01:00:00; первый поезд по 1 пути в 05:35:00, по 2 пути в 05:47:00; последний поезд по 1 пути в 01:18:00, по 2 пути в 01:44:00";"открытие в 05:30:00; закрытие в 01:00:00; первый поезд по 1 пути в 05:35:00, по 2 пути в 05:47:00; последний поезд по 1 пути в 01:18:00, по 2 пути в 01:44:00";"";"";"2";"[]";"действует";"[Geometry[type=Point, coordinates=[37.55339309, 55.66946289]]]";"{type=Point, coordinates=[37.55339309, 55.66946289]}";"60817812";
"";"";"Павелецкая, выход 2 из вестибюля";"2";"да";"Центральный административный округ";"район Замоскворечье";"37.63666890";"55.73139794";"наземный отдельностоящий";"Павелецкая";"Кольцевая линия";"не является объектом культурного наследия";"открытие в 05:30:00; закрытие в 01:00:00; первый поезд по 1 пути в 05:50:00, по 2 пути в 05:47:00; последний поезд по 1 пути в 01:34:00, по 2 пути в 01:24:00";"открытие в 05:30:00; закрытие в 01:00:00; первый поезд по 1 пути в 05:52:00, по 2 пути в 05:46:00; последний поезд по 1 пути в 01:40:05, по 2 пути в 01:22:00";"";"";"3";"[{global_id=3267, RepairOfEscalators=29.06.2023-07.07.2023}, {global_id=3502, RepairOfEscalators=10.01.2024-26.03.2024}, {global_id=3907, RepairOfEscalators=07.10.2024-07.11.2024}]";"действует";"[Geometry[type=Point, coordinates=[37.6366689, 55.73139794]]]";"{type=Point, coordinates=[37.6366689, 55.73139794]}";"60825992";
"";"";"Киевская, вход-выход 1 в вестибюль";"1";"да";"Западный административный округ";"район Дорогомилово";"37.56710477";"55.74437339";"подземный";"Киевская";"Кольцевая линия";"объект культурного наследия регионального значения";"открытие в 05:30:00; закрытие в 01:00:00; первый поезд по 1 пути в 05:56:00, по 2 пути в 05:48:00; последний поезд по 1 пути в 01:37:00, по 2 пути в 01:21:00";"открытие в 05:35:00; закрытие в 01:00:00; первый поезд по 1 пути в 05:47:00, по 2 пути в 05:44:00; последний поезд по 1 пути в 01:29:00, по 2 пути в 01:20:00";"";"";"13";"[{global_id=3057, RepairOfEscalators=13.12.2022-28.04.2023}, {global_id=3736, RepairOfEscalators=30.05.2024-28.06.2024}, {global_id=4091, RepairOfEscalators=15.05.2025-15.07.2025}]";"действует";"[Geometry[type=Point, coordinates=[37.56710477, 55.74437339]]]";"{type=Point, coordinates=[37.56710477, 55.74437339]}";"60825995";
"";"";"Киевская,вход-выход 2 в вестибюль";"2";"да";"Западный административный округ";"район Дорогомилово";"37.56698451";"55.74412049";"подземный";"Киевская";"Кольцевая линия";"объект культурного наследия регионального значения";"открытие в 05:30:00; закрытие в 01:00:00; первый поезд по 1 пути в 05:56:00, по 2 пути в 05:48:00; последний поезд по 1 пути в 01:37:00, по 2 пути в 01:21:00";"открытие в 05:35:00; закрытие в 01:00:00; первый поезд по 1 пути в 05:47:00, по 2 пути в 05:44:00; последний поезд по 1 пути в 01:29:00, по 2 пути в 01:20:00";"";"";"13";"[{global_id=3058, RepairOfEscalators=08.12.2022-21.02.2023}, {global_id=3739, RepairOfEscalators=30.05.2024-28.06.2024}]";"действует";"[Geometry[type=Point, coordinates=[37.56698451, 55.74412049]]]";"{type=Point, coordinates=[37.56698451, 55.74412049]}";"60825996";
"";"";"Технопарк, вход-выход 2 в северный вестибюль";"2";"да";"Южный административный округ";"Даниловский район";"37.66401571";"55.69481001";"наземный отдельностоящий";"Технопарк";"Замоскворецкая линия";"не является объектом культурного наследия";"открытие в 05:30:00; закрытие в 01:00:00; первый поезд по 1 пути в 05:51:00, по 2 пути в 05:46:00; последний поезд по 1 пути в 01:28:00, по 2 пути в 01:41:00";"открытие в 05:30:00; закрытие в 01:00:00; первый поезд по 1 пути в 05:51:00, по 2 пути в 05:46:00; последний поезд по 1 пути в 01:28:00, по 2 пути в 01:41:00";"";"";"3";"[]";"действует";"[Geometry[type=Point, coordinates=[37.66401571, 55.69481001]]]";"{type=Point, coordinates=[37.66401571, 55.69481001]}";"62781663";
"";"";"Технопарк, вход-выход 4 в северный вестибюль";"4";"да";"Южный административный округ";"Даниловский район";"37.66452264";"55.69481664";"наземный отдельностоящий";"Технопарк";"Замоскворецкая линия";"не является объектом культурного наследия";"открытие в 05:30:00; закрытие в 01:00:00; первый поезд по 1 пути в 05:51:00, по 2 пути в 05:46:00; последний поезд по 1 пути в 01:28:00, по 2 пути в 01:41:00";"открытие в 05:30:00; закрытие в 01:00:00; первый поезд по 1 пути в 05:51:00, по 2 пути в 05:46:00; последний поезд по 1 пути в 01:28:00, по 2 пути в 01:41:00";"";"";"4";"[]";"действует";"[Geometry[type=Point, coordinates=[37.66452264, 55.69481664]]]";"{type=Point, coordinates=[37.66452264, 55.69481664]}";"62781717";
"";"";"Технопарк, выход 1 из северного вестибюля";"1";"да";"Южный административный округ";"Даниловский район";"37.66410690";"55.69416162";"наземный отдельностоящий";"Технопарк";"Замоскворецкая линия";"не является объектом культурного наследия";"открытие в 05:30:00; закрытие в 01:00:00; первый поезд по 1 пути в 05:51:00, по 2 пути в 05:46:00; последний поезд по 1 пути в 01:28:00, по 2 пути в 01:41:00";"открытие в 05:30:00; закрытие в 01:00:00; первый поезд по 1 пути в 05:51:00, по 2 пути в 05:46:00; последний поезд по 1 пути в 01:28:00, по 2 пути в 01:41:00";"";"";"3";"[]";"действует";"[Geometry[type=Point, coordinates=[37.6641069, 55.69416162]]]";"{type=Point, coordinates=[37.6641069, 55.69416162]}";"62781753";
"";"";"Технопарк, вход-выход 3 в северный вестибюль";"3";"да";"Южный административный округ";"Даниловский район";"37.66342562";"55.69447730";"наземный отдельностоящий";"Технопарк";"Замоскворецкая линия";"не является объектом культурного наследия";"открытие в 05:30:00; закрытие в 01:00:00; первый поезд по 1 пути в 05:51:00, по 2 пути в 05:46:00; последний поезд по 1 пути в 01:28:00, по 2 пути в 01:41:00";"открытие в 05:30:00; закрытие в 01:00:00; первый поезд по 1 пути в 05:51:00, по 2 пути в 05:46:00; последний поезд по 1 пути в 01:28:00, по 2 пути в 01:41:00";"";"";"3";"[]";"действует";"[Geometry[type=Point, coordinates=[37.66342562, 55.6944773]]]";"{type=Point, coordinates=[37.66342562, 55.6944773]}";"62781780";
"";"";"Румянцево вход-выход 1 в южный вестибюль";"1";"да";"Западный административный округ";"район Солнцево";"37.43960041";"55.63293499";"подземный";"Румянцево";"Сокольническая линия";"не является объектом культурного наследия";"открытие в 05:30:00; закрытие в 01:00:00; первый поезд по 1 пути в 05:51:00, по 2 пути в 05:59:00; последний поезд по 1 пути в 01:51:00, по 2 пути в 01:21:00";"открытие в 05:30:00; закрытие в 01:00:00; первый поезд по 1 пути в 05:46:00, по 2 пути в 05:47:00; последний поезд по 1 пути в 01:51:00, по 2 пути в 01:21:00";"";"";"2";"[{global_id=2951, RepairOfEscalators=14.09.2022-23.09.2022}]";"действует";"[Geometry[type=Point, coordinates=[37.43960041, 55.63293499]]]";"{type=Point, coordinates=[37.43960041, 55.63293499]}";"64023083";
"";"";"Румянцево вход-выход 2 в северный вестибюль";"2";"да";"Западный административный округ";"район Солнцево";"37.44353147";"55.63306008";"подземный";"Румянцево";"Сокольническая линия";"не является объектом культурного наследия";"открытие в 05:30:00; закрытие в 01:00:00; первый поезд по 1 пути в 05:51:00, по 2 пути в 05:59:00; последний поезд по 1 пути в 01:51:00, по 2 пути в 01:21:00";"открытие в 05:30:00; закрытие в 01:00:00; первый поезд по 1 пути в 05:46:00, по 2 пути в 05:47:00; последний поезд по 1 пути в 01:51:00, по 2 пути в 01:21:00";"";"";"3";"[]";"действует";"[Geometry[type=Point, coordinates=[37.44353147, 55.63306008]]]";"{type=Point, coordinates=[37.44353147, 55.63306008]}";"64023099";
"";"";"Саларьево, выход 1 в южный вестибюль";"1";"да";"Новомосковский административный округ";"район Коммунарка";"37.42425039";"55.62170737";"подземный";"Саларьево";"Сокольническая линия";"не является объектом культурного наследия";"открытие в 05:30:00; закрытие в 01:00:00; первый поезд по 1 пути в 05:47:00, по 2 пути в 05:56:00; последний поезд по 1 пути в 01:53:00, по 2 пути в 01:18:00";"открытие в 05:30:00; закрытие в 01:00:00; первый поезд по 1 пути в 05:49:00, по 2 пути в 05:44:00; последний поезд по 1 пути в 01:53:00, по 2 пути в 01:18:00";"";"";"2";"[{global_id=3151, RepairOfEscalators=21.03.2023-21.07.2023}]";"действует";"[Geometry[type=Point, coordinates=[37.42425039, 55.62170737]]]";"{type=Point, coordinates=[37.42425039, 55.62170737]}";"64601382";
"";"";"Саларьево, вход 1 в северный вестибюль";"1";"да";"Новомосковский административный округ";"район Коммунарка";"37.42386951";"55.62209288";"подземный";"Саларьево";"Сокольническая линия";"не является объектом культурного наследия";"открытие в 05:30:00; закрытие в 01:00:00; первый поезд по 1 пути в 05:47:00, по 2 пути в 05:56:00; последний поезд по 1 пути в 01:53:00, по 2 пути в 01:18:00";"открытие в 05:30:00; закрытие в 01:00:00; первый поезд по 1 пути в 05:49:00, по 2 пути в 05:44:00; последний поезд по 1 пути в 01:53:00, по 2 пути в 01:18:00";"";"";"5";"[{global_id=3217, RepairOfEscalators=26.05.2023-30.11.2023}]";"действует";"[Geometry[type=Point, coordinates=[37.42386951, 55.62209288]]]";"{type=Point, coordinates=[37.42386951, 55.62209288]}";"64601385";
"";"";"Фонвизинская, вход-выход 3 в вестибюль 1";"3";"да";"Северо-Восточный административный округ";"Бутырский район";"37.58913069";"55.82231977";"подземный";"Фонвизинская";"Люблинско-Дмитровская линия";"не является объектом культурного наследия";"открытие в 05:30:00; закрытие в 01:00:00; первый поезд по 1 пути в 05:43:00, по 2 пути в 05:54:00; последний поезд по 1 пути в 01:20:00, по 2 пути в 01:51:00";"открытие в 05:30:00; закрытие в 01:00:00; первый поезд по 1 пути в 05:45:00, по 2 пути в 05:53:00; последний поезд по 1 пути в 01:20:00, по 2 пути в 01:51:00";"";"";"3";"[]";"действует";"[Geometry[type=Point, coordinates=[37.58913069, 55.82231977]]]";"{type=Point, coordinates=[37.58913069, 55.82231977]}";"273329506";
"";"";"Бутырская, вход-выход 1 в вестибюль 2";"1";"да";"Северо-Восточный административный округ";"Бутырский район";"37.60188072";"55.81407936";"подземный";"Бутырская";"Люблинско-Дмитровская линия";"не является объектом культурного наследия";"открытие в 05:30:00; закрытие в 01:00:00; первый поезд по 1 пути в 05:45:00, по 2 пути в 05:51:00; последний поезд по 1 пути в 01:23:00, по 2 пути в 01:48:00";"открытие в 05:30:00; закрытие в 01:00:00; первый поезд по 1 пути в 05:48:00, по 2 пути в 05:50:00; последний поезд по 1 пути в 01:23:00, по 2 пути в 01:48:00";"";"";"3";"[{global_id=3077, RepairOfEscalators=23.01.2023-01.02.2023}, {global_id=3114, RepairOfEscalators=02.03.2023-28.04.2023}]";"действует";"[Geometry[type=Point, coordinates=[37.60188072, 55.81407936]]]";"{type=Point, coordinates=[37.60188072, 55.81407936]}";"273329508";
"";"";"Петровско-Разумовская, вход-выход 1 в вестибюль 2";"1";"да";"Северный административный округ";"Тимирязевский район";"37.57559090";"55.83661234";"наземный отдельностоящий";"Петровско-Разумовская";"Люблинско-Дмитровская линия";"не является объектом культурного наследия";"открытие в 05:20:00, закрытие в 01:00:00, первый поезд по 1 пути в 05:40:00, по 2 пути в 05:48:00, последний поезд по 1 пути в 01:18:00, по 2 пути в 01:53:00";"открытие в 05:20:00, закрытие в 01:00:00, первый поезд по 1 пути в 05:43:00, по 2 пути в 05:55:00, последний поезд по 1 пути в 01:18:00, по 2 пути в 01:53:00";"";"";"5";"[{global_id=2894, RepairOfEscalators=24.05.2022-05.08.2022}]";"действует";"[Geometry[type=Point, coordinates=[37.5755909, 55.83661234]]]";"{type=Point, coordinates=[37.5755909, 55.83661234]}";"273329511";
"";"";"Петровско-Разумовская, вход-выход 4 в вестибюль 1";"4";"да";"Северный административный округ";"Тимирязевский район";"37.57251935";"55.83328587";"подземный";"Петровско-Разумовская";"Люблинско-Дмитровская линия";"не является объектом культурного наследия";"открытие в 05:20:00, закрытие в 01:00:00, первый поезд по 1 пути в 05:40:00, по 2 пути в 05:48:00, последний поезд по 1 пути в 01:18:00, по 2 пути в 01:53:00";"открытие в 05:20:00, закрытие в 01:00:00, первый поезд по 1 пути в 05:43:00, по 2 пути в 05:55:00, последний поезд по 1 пути в 01:18:00, по 2 пути в 01:53:00";"";"";"3";"[{global_id=3154, RepairOfEscalators=16.03.2023-31.08.2023}, {global_id=3479, RepairOfEscalators=11.12.2023-28.05.2024}, {global_id=3973, RepairOfEscalators=22.11.2024-30.09.2025}]";"действует";"[Geometry[type=Point, coordinates=[37.57251935, 55.83328587]]]";"{type=Point, coordinates=[37.57251935, 55.83328587]}";"273329533";
"";"";"Андроновка, вход-выход 2";"2";"да";"Восточный административный округ";"район Перово";"37.73662069";"55.74642226";"наземный отдельностоящий";"Андроновка";"Московское центральное кольцо";"не является объектом культурного наследия";"открытие в 05:30:00; закрытие в 01:00:00; первый поезд по 1 пути в 05:51:00, по 2 пути 5:54:00; последний поезд по 1 пути в 23:38:00, по 2 пути в 23:38:00";"открытие в 05:30:00; закрытие в 01:00:00; первый поезд по 1 пути в 05:51:00, по 2 пути 5:54:00; последний поезд по 1 пути в 23:38:00, по 2 пути в 23:38:00";"";"";"2";"[{global_id=3865, RepairOfEscalators=02.08.2024-02.10.2024}, {global_id=4084, RepairOfEscalators=04.03.2025-07.07.2025}]";"действует";"[Geometry[type=Point, coordinates=[37.73662069, 55.74642226]]]";"{type=Point, coordinates=[37.73662069, 55.74642226]}";"277933613";
"";"";"Андроновка, вход-выход 1";"1";"да";"Восточный административный округ";"район Перово";"37.73761847";"55.74607126";"наземный отдельностоящий";"Андроновка";"Московское центральное кольцо";"не является объектом культурного наследия";"открытие в 05:30:00; закрытие в 01:00:00; первый поезд по 1 пути в 05:51:00, по 2 пути 5:54:00; последний поезд по 1 пути в 23:38:00, по 2 пути в 23:38:00";"открытие в 05:30:00; закрытие в 01:00:00; первый поезд по 1 пути в 05:51:00, по 2 пути 5:54:00; последний поезд по 1 пути в 23:38:00, по 2 пути в 23:38:00";"";"";"2";"[{global_id=3864, RepairOfEscalators=02.08.2024-02.10.2024}, {global_id=4083, RepairOfEscalators=04.03.2025-07.07.2025}]";"действует";"[Geometry[type=Point, coordinates=[37.73761847, 55.74607126]]]";"{type=Point, coordinates=[37.73761847, 55.74607126]}";"278052767";
"";"";"Измайлово, вход-выход 1";"1";"да";"Восточный административный округ";"район Измайлово";"37.74617867";"55.78846055";"наземный отдельностоящий";"Измайлово";"Московское центральное кольцо";"не является объектом культурного наследия";"открытие в 05:30:00; закрытие в 01:00:00; первый поезд по 1 пути в 05:43:00, по 2 пути 5:45:00; последний поезд по 1 пути в 23:35:00, по 2 пути в 23:13:00";"открытие в 05:30:00; закрытие в 01:00:00; первый поезд по 1 пути в 05:43:00, по 2 пути 5:45:00; последний поезд по 1 пути в 23:35:00, по 2 пути в 23:13:00";"";"";"5";"[{global_id=4076, RepairOfEscalators=02.04.2025-23.04.2025}]";"действует";"[Geometry[type=Point, coordinates=[37.74617867, 55.78846055]]]";"{type=Point, coordinates=[37.74617867, 55.78846055]}";"278052788";
"";"";"Измайлово, вход-выход 2";"2";"да";"Восточный административный округ";"район Измайлово";"37.74338917";"55.78843335";"наземный отдельностоящий";"Измайлово";"Московское центральное кольцо";"не является объектом культурного наследия";"открытие в 05:30:00; закрытие в 01:00:00; первый поезд по 1 пути в 05:43:00, по 2 пути 5:45:00; последний поезд по 1 пути в 23:35:00, по 2 пути в 23:13:00";"открытие в 05:30:00; закрытие в 01:00:00; первый поезд по 1 пути в 05:43:00, по 2 пути 5:45:00; последний поезд по 1 пути в 23:35:00, по 2 пути в 23:13:00";"";"";"0";"[{global_id=4054, RepairOfEscalators=17.02.2025-10.03.2025}]";"действует";"[Geometry[type=Point, coordinates=[37.74338917, 55.78843335]]]";"{type=Point, coordinates=[37.74338917, 55.78843335]}";"278052796";
"";"";"Локомотив, вход-выход 3 в южный вестибюль";"3";"да";"Восточный административный округ";"район Гольяново";"37.74747190";"55.80301406";"наземный отдельностоящий";"Локомотив";"Московское центральное кольцо";"не является объектом культурного наследия";"открытие в 05:30:00; закрытие в 01:00:00; первый поезд по 1 пути в 05:40:00, по 2 пути 05:48:00; последний поезд по 1 пути в 23:32:00, по 2 пути в 23:16:00";"открытие в 05:30:00; закрытие в 01:00:00; первый поезд по 1 пути в 05:40:00, по 2 пути 05:48:00; последний поезд по 1 пути в 23:32:00, по 2 пути в 23:16:00";"";"";"3";"[{global_id=3669, RepairOfEscalators=15.05.2024-15.06.2024}]";"действует";"[Geometry[type=Point, coordinates=[37.7474719, 55.80301406]]]";"{type=Point, coordinates=[37.7474719, 55.80301406]}";"278052805";
"";"";"Локомотив, вход-выход 2 в южный вестибюль";"2";"да";"Восточный административный округ";"район Преображенское";"37.74573186";"55.80318480";"наземный отдельностоящий";"Локомотив";"Московское центральное кольцо";"не является объектом культурного наследия";"открытие в 05:30:00; закрытие в 01:00:00; первый поезд по 1 пути в 05:40:00, по 2 пути 05:48:00; последний поезд по 1 пути в 23:32:00, по 2 пути в 23:16:00";"открытие в 05:30:00; закрытие в 01:00:00; первый поезд по 1 пути в 05:40:00, по 2 пути 05:48:00; последний поезд по 1 пути в 23:32:00, по 2 пути в 23:16:00";"";"";"4";"[{global_id=3722, RepairOfEscalators=01.06.2024-21.07.2024}]";"действует";"[Geometry[type=Point, coordinates=[37.74573186, 55.8031848]]]";"{type=Point, coordinates=[37.74573186, 55.8031848]}";"278052815";
"";"";"Бульвар Рокоссовского, вход-выход 1";"1";"да";"Восточный административный округ";"район Богородское";"37.73755972";"55.81581360";"наземный отдельностоящий";"Бульвар Рокоссовского";"Московское центральное кольцо";"не является объектом культурного наследия";"открытие в 05:30:00; закрытие в 01:00:00; первый поезд по 1 пути в 05:38:00, по 2 пути 05:51:00; последний поезд по 1 пути в 23:30:00, по 2 пути в 23:19:00";"открытие в 05:30:00; закрытие в 01:00:00; первый поезд по 1 пути в 05:38:00, по 2 пути 05:51:00; последний поезд по 1 пути в 23:30:00, по 2 пути в 23:19:00";"";"";"5";"[{global_id=2893, RepairOfEscalators=14.06.2022-30.09.2022}, {global_id=3560, RepairOfEscalators=29.01.2024-14.02.2024}]";"действует";"[Geometry[type=Point, coordinates=[37.73755972, 55.8158136]]]";"{type=Point, coordinates=[37.73755972, 55.8158136]}";"278052824";
"";"";"Белокаменная, вход-выход 1";"1";"да";"Восточный административный округ";"район Богородское";"37.70183285";"55.82912562";"наземный отдельностоящий";"Белокаменная";"Московское центральное кольцо";"не является объектом культурного наследия";"открытие в 05:30:00; закрытие в 01:00:00; первый поезд по 1 пути в 05:35:00, по 2 пути 05:37:00; последний поезд по 1 пути в 23:23:00, по 2 пути в 22:57:00";"открытие в 05:30:00; закрытие в 01:00:00; первый поезд по 1 пути в 05:35:00, по 2 пути 05:37:00; последний поезд по 1 пути в 23:23:00, по 2 пути в 22:57:00";"";"";"1";"[]";"действует";"[Geometry[type=Point, coordinates=[37.70183285, 55.82912562]]]";"{type=Point, coordinates=[37.70183285, 55.82912562]}";"278052831";
"";"";"Белокаменная, вход-выход 2";"2";"да";"Восточный административный округ";"район Метрогородок";"37.70258387";"55.82979894";"наземный отдельностоящий";"Белокаменная";"Московское центральное кольцо";"не является объектом культурного наследия";"открытие в 05:30:00; закрытие в 01:00:00; первый поезд по 1 пути в 05:35:00, по 2 пути 05:37:00; последний поезд по 1 пути в 23:23:00, по 2 пути в 22:57:00";"открытие в 05:30:00; закрытие в 01:00:00; первый поезд по 1 пути в 05:35:00, по 2 пути 05:37:00; последний поезд по 1 пути в 23:23:00, по 2 пути в 22:57:00";"";"";"0";"[]";"действует";"[Geometry[type=Point, coordinates=[37.70258387, 55.82979894]]]";"{type=Point, coordinates=[37.70258387, 55.82979894]}";"278052839";
"";"";"Ростокино, вход-выход 1";"1";"да";"Северо-Восточный административный округ";"Ярославский район";"37.66900508";"55.83934892";"наземный отдельностоящий";"Ростокино";"Московское центральное кольцо";"не является объектом культурного наследия";"открытие в 05:30:00; закрытие в 01:00:00; первый поезд по 1 пути в 06:04:00, по 2 пути05:40:00; последний поезд по 1 пути в 23:20:00, по 2 пути в 23:00:01";"открытие в 05:30:00; закрытие в 01:00:00; первый поезд по 1 пути в 06:04:00, по 2 пути05:40:00; последний поезд по 1 пути в 23:20:00, по 2 пути в 23:00:01";"";"";"3";"[]";"действует";"[Geometry[type=Point, coordinates=[37.66900508, 55.83934892]]]";"{type=Point, coordinates=[37.66900508, 55.83934892]}";"278052846";
"";"";"Ростокино, вход-выход 2";"2";"да";"Северо-Восточный административный округ";"район Ростокино";"37.66868858";"55.83897160";"наземный отдельностоящий";"Ростокино";"Московское центральное кольцо";"не является объектом культурного наследия";"открытие в 05:30:00; закрытие в 01:00:00; первый поезд по 1 пути в 06:04:00, по 2 пути05:40:00; последний поезд по 1 пути в 23:20:00, по 2 пути в 23:00:02";"открытие в 05:30:00; закрытие в 01:00:00; первый поезд по 1 пути в 06:04:00, по 2 пути05:40:00; последний поезд по 1 пути в 23:20:00, по 2 пути в 23:00:02";"";"";"3";"[]";"действует";"[Geometry[type=Point, coordinates=[37.66868858, 55.8389716]]]";"{type=Point, coordinates=[37.66868858, 55.8389716]}";"278052855";
"";"";"Владыкино, вход-выход 3";"3";"да";"Северо-Восточный административный округ";"район Отрадное";"37.59090349";"55.84831118";"наземный отдельностоящий";"Владыкино";"Московское центральное кольцо";"не является объектом культурного наследия";"открытие в 05:30:00; закрытие в 01:00:00; первый поезд по 1 пути в 05:57:00, по 2 пути 05:47:00; последний поезд по 1 пути в 23:14:00, по 2 пути в 23:06:00";"открытие в 05:30:00; закрытие в 01:00:00; первый поезд по 1 пути в 05:57:00, по 2 пути 05:47:00; последний поезд по 1 пути в 23:14:00, по 2 пути в 23:06:00";"";"";"3";"[{global_id=3375, RepairOfEscalators=14.09.2023-01.01.2024}]";"действует";"[Geometry[type=Point, coordinates=[37.59090349, 55.84831118]]]";"{type=Point, coordinates=[37.59090349, 55.84831118]}";"278052875";
"";"";"Владыкино, вход-выход 2";"2";"да";"Северо-Восточный административный округ";"район Марфино";"37.58988629";"55.84636664";"наземный отдельностоящий";"Владыкино";"Московское центральное кольцо";"не является объектом культурного наследия";"открытие в 05:30:00; закрытие в 01:00:00; первый поезд по 1 пути в 05:57:00, по 2 пути 05:47:00; последний поезд по 1 пути в 23:14:00, по 2 пути в 23:06:00";"открытие в 05:30:00; закрытие в 01:00:00; первый поезд по 1 пути в 05:57:00, по 2 пути 05:47:00; последний поезд по 1 пути в 23:14:00, по 2 пути в 23:06:00";"";"";"2";"[{global_id=2942, RepairOfEscalators=14.09.2022-01.03.2023}, {global_id=3376, RepairOfEscalators=14.09.2023-01.01.2024}]";"действует";"[Geometry[type=Point, coordinates=[37.58988629, 55.84636664]]]";"{type=Point, coordinates=[37.58988629, 55.84636664]}";"278052884";
"";"";"Окружная, вход-выход 11";"11";"да";"Северный административный округ";"Тимирязевский район";"37.57289660";"55.84850349";"наземный отдельностоящий";"Окружная";"Московское центральное кольцо";"не является объектом культурного наследия";"открытие в 05:30:00; закрытие в 01:00:00; первый поезд по 1 пути в 05:54:00, по 2 пути 05:50:00; последний поезд по 1 пути в 23:14:00, по 2 пути в 23:10:00";"открытие в 05:30:00; закрытие в 01:00:00; первый поезд по 1 пути в 05:54:00, по 2 пути 05:50:00; последний поезд по 1 пути в 23:14:00, по 2 пути в 23:10:00";"";"";"0";"[]";"действует";"[Geometry[type=Point, coordinates=[37.5728966, 55.84850349]]]";"{type=Point, coordinates=[37.5728966, 55.84850349]}";"278052893";
"";"";"Верхние Котлы, вход-выход 2";"2";"да";"Южный административный округ";"Донской район";"37.61807399";"55.69011931";"наземный отдельностоящий";"Верхние Котлы";"Московское центральное кольцо";"не является объектом культурного наследия";"открытие в 05:30:00; закрытие в 01:00:00; первый поезд по 1 пути в 05:46:00, по 2 пути05:43:00; последний поезд по 1 пути в 23:14:00, по 2 пути в 23:18:00";"открытие в 05:30:00; закрытие в 01:00:00; первый поезд по 1 пути в 05:46:00, по 2 пути05:43:00; последний поезд по 1 пути в 23:14:00, по 2 пути в 23:18:00";"";"";"2";"[]";"действует";"[Geometry[type=Point, coordinates=[37.61807399, 55.69011931]]]";"{type=Point, coordinates=[37.61807399, 55.69011931]}";"278052902";
"";"";"ЗИЛ, вход-выход 2";"2";"да";"Южный административный округ";"Даниловский район";"37.64854431";"55.69952230";"наземный отдельностоящий";"ЗИЛ";"Московское центральное кольцо";"не является объектом культурного наследия";"открытие в 05:30:00; закрытие в 01:00:00; первый поезд по 1 пути в 05:44:00, по 2 пути 5:38:00; последний поезд по 1 пути в 23:12:00, по 2 пути в 23:22:00";"открытие в 05:30:00; закрытие в 01:00:00; первый поезд по 1 пути в 05:44:00, по 2 пути 5:38:00; последний поезд по 1 пути в 23:12:00, по 2 пути в 23:22:00";"";"";"2";"[]";"действует";"[Geometry[type=Point, coordinates=[37.64854431, 55.6995223]]]";"{type=Point, coordinates=[37.64854431, 55.6995223]}";"278052911";
"";"";"ЗИЛ, вход-выход 1";"1";"да";"Южный административный округ";"Даниловский район";"37.65055060";"55.69846499";"наземный отдельностоящий";"ЗИЛ";"Московское центральное кольцо";"не является объектом культурного наследия";"открытие в 05:30:00; закрытие в 01:00:00; первый поезд по 1 пути в 05:44:00, по 2 пути 5:38:00; последний поезд по 1 пути в 23:12:00, по 2 пути в 23:22:00";"открытие в 05:30:00; закрытие в 01:00:00; первый поезд по 1 пути в 05:44:00, по 2 пути 5:38:00; последний поезд по 1 пути в 23:12:00, по 2 пути в 23:22:00";"";"";"1";"[]";"действует";"[Geometry[type=Point, coordinates=[37.6505506, 55.69846499]]]";"{type=Point, coordinates=[37.6505506, 55.69846499]}";"278052918";
"";"";"Автозаводская, вход-выход 1";"1";"да";"Южный административный округ";"Даниловский район";"37.66291432";"55.70538176";"наземный отдельностоящий";"Автозаводская";"Московское центральное кольцо";"не является объектом культурного наследия";"открытие в 05:30:00; закрытие в 01:00:00; первый поезд по 1 пути в 05:41:00, по 2 пути 5:41:00; последний поезд по 1 пути в 23:09:00, по 2 пути в 23:25:00";"открытие в 05:30:00; закрытие в 01:00:00; первый поезд по 1 пути в 05:41:00, по 2 пути 5:41:00; последний поезд по 1 пути в 23:09:00, по 2 пути в 23:25:00";"";"";"1";"[]";"действует";"[Geometry[type=Point, coordinates=[37.66291432, 55.70538176]]]";"{type=Point, coordinates=[37.66291432, 55.70538176]}";"278052926";
"";"";"Автозаводская, вход-выход 2";"2";"да";"Южный административный округ";"Даниловский район";"37.66074173";"55.70596333";"наземный отдельностоящий";"Автозаводская";"Московское центральное кольцо";"не является объектом культурного наследия";"открытие в 05:30:00; закрытие в 01:00:00; первый поезд по 1 пути в 05:41:00, по 2 пути 5:41:00; последний поезд по 1 пути в 23:09:00, по 2 пути в 23:25:00";"открытие в 05:30:00; закрытие в 01:00:00; первый поезд по 1 пути в 05:41:00, по 2 пути 5:41:00; последний поезд по 1 пути в 23:09:00, по 2 пути в 23:25:00";"";"";"1";"[]";"действует";"[Geometry[type=Point, coordinates=[37.66074173, 55.70596333]]]";"{type=Point, coordinates=[37.66074173, 55.70596333]}";"278052933";
"";"";"Угрешская, вход-выход 1";"1";"да";"Юго-Восточный административный округ";"район Печатники";"37.69589103";"55.71751090";"наземный отдельностоящий";"Угрешская";"Московское центральное кольцо";"не является объектом культурного наследия";"открытие в 05:30:00; закрытие в 01:00:00; первый поезд по 1 пути в 05:37:00, по 2 пути 5:45:00; последний поезд по 1 пути в 23:05:00, по 2 пути в 23:29:00";"открытие в 05:30:00; закрытие в 01:00:00; первый поезд по 1 пути в 05:37:00, по 2 пути 5:45:00; последний поезд по 1 пути в 23:05:00, по 2 пути в 23:29:00";"";"";"2";"[]";"действует";"[Geometry[type=Point, coordinates=[37.69589103, 55.7175109]]]";"{type=Point, coordinates=[37.69589103, 55.7175109]}";"278052942";
"";"";"Угрешская, вход-выход 2";"2";"да";"Юго-Восточный административный округ";"район Печатники";"37.69567109";"55.71802265";"наземный отдельностоящий";"Угрешская";"Московское центральное кольцо";"не является объектом культурного наследия";"открытие в 05:30:00; закрытие в 01:00:00; первый поезд по 1 пути в 05:37:00, по 2 пути 5:45:00; последний поезд по 1 пути в 23:05:00, по 2 пути в 23:29:00";"открытие в 05:30:00; закрытие в 01:00:00; первый поезд по 1 пути в 05:37:00, по 2 пути 5:45:00; последний поезд по 1 пути в 23:05:00, по 2 пути в 23:29:00";"";"";"0";"[]";"действует";"[Geometry[type=Point, coordinates=[37.69567109, 55.71802265]]]";"{type=Point, coordinates=[37.69567109, 55.71802265]}";"278052950";
"";"";"Угрешская, вход-выход 3";"3";"да";"Юго-Восточный административный округ";"район Печатники";"37.69473231";"55.71849502";"наземный отдельностоящий";"Угрешская";"Московское центральное кольцо";"не является объектом культурного наследия";"открытие в 05:30:00; закрытие в 01:00:00; первый поезд по 1 пути в 05:37:00, по 2 пути 5:45:00; последний поезд по 1 пути в 23:05:00, по 2 пути в 23:29:00";"открытие в 05:30:00; закрытие в 01:00:00; первый поезд по 1 пути в 05:37:00, по 2 пути 5:45:00; последний поезд по 1 пути в 23:05:00, по 2 пути в 23:29:00";"";"";"0";"[]";"действует";"[Geometry[type=Point, coordinates=[37.69473231, 55.71849502]]]";"{type=Point, coordinates=[37.69473231, 55.71849502]}";"278052959";
"";"";"Новохохловская, вход-выход 1";"1";"да";"Юго-Восточный административный округ";"Нижегородский район";"37.71777488";"55.72455793";"наземный отдельностоящий";"Новохохловская";"Московское центральное кольцо";"не является объектом культурного наследия";"открытие в 05:30:00; закрытие в 01:00:00; первый поезд по 1 пути в 05:34:00, по 2 пути 5:57:00; последний поезд по 1 пути в 23:02:00, по 2 пути в 23:30:00";"открытие в 05:30:00; закрытие в 01:00:00; первый поезд по 1 пути в 05:34:00, по 2 пути 5:57:00; последний поезд по 1 пути в 23:02:00, по 2 пути в 23:30:00";"";"";"3";"[]";"действует";"[Geometry[type=Point, coordinates=[37.71777488, 55.72455793]]]";"{type=Point, coordinates=[37.71777488, 55.72455793]}";"278052968";
"";"";"Новохохловская, вход-выход 2";"2";"да";"Юго-Восточный административный округ";"Нижегородский район";"37.71801628";"55.72424969";"наземный отдельностоящий";"Новохохловская";"Московское центральное кольцо";"не является объектом культурного наследия";"открытие в 05:30:00; закрытие в 01:00:00; первый поезд по 1 пути в 05:34:00, по 2 пути 5:57:00; последний поезд по 1 пути в 23:02:00, по 2 пути в 23:30:00";"открытие в 05:30:00; закрытие в 01:00:00; первый поезд по 1 пути в 05:34:00, по 2 пути 5:57:00; последний поезд по 1 пути в 23:02:00, по 2 пути в 23:30:00";"";"";"0";"[]";"действует";"[Geometry[type=Point, coordinates=[37.71801628, 55.72424969]]]";"{type=Point, coordinates=[37.71801628, 55.72424969]}";"278052976";
"";"";"Дубровка, вход-выход 1";"1";"да";"Юго-Восточный административный округ";"Южнопортовый район";"37.67590480";"55.71306246";"наземный отдельностоящий";"Дубровка";"Московское центральное кольцо";"не является объектом культурного наследия";"открытие в 05:30:00; закрытие в 01:00:00; первый поезд по 1 пути в 05:39:00, по 2 пути 5:43:00; последний поезд по 1 пути в 23:07:00, по 2 пути в 23:27:00";"открытие в 05:30:00; закрытие в 01:00:00; первый поезд по 1 пути в 05:39:00, по 2 пути 5:43:00; последний поезд по 1 пути в 23:07:00, по 2 пути в 23:27:00";"";"";"2";"[]";"действует";"[Geometry[type=Point, coordinates=[37.6759048, 55.71306246]]]";"{type=Point, coordinates=[37.6759048, 55.71306246]}";"278053021";
"";"";"Дубровка, вход-выход 3";"3";"да";"Юго-Восточный административный округ";"Южнопортовый район";"37.67678600";"55.71157172";"наземный отдельностоящий";"Дубровка";"Московское центральное кольцо";"не является объектом культурного наследия";"открытие в 05:30:00; закрытие в 01:00:00; первый поезд по 1 пути в 05:39:00, по 2 пути 5:43:00; последний поезд по 1 пути в 23:07:00, по 2 пути в 23:27:00";"открытие в 05:30:00; закрытие в 01:00:00; первый поезд по 1 пути в 05:39:00, по 2 пути 5:43:00; последний поезд по 1 пути в 23:07:00, по 2 пути в 23:27:00";"";"";"2";"[]";"действует";"[Geometry[type=Point, coordinates=[37.676786, 55.71157172]]]";"{type=Point, coordinates=[37.676786, 55.71157172]}";"278053030";
"";"";"Дубровка, вход-выход 2";"2";"да";"Юго-Восточный административный округ";"Южнопортовый район";"37.67659289";"55.71202846";"наземный отдельностоящий";"Дубровка";"Московское центральное кольцо";"не является объектом культурного наследия";"открытие в 05:30:00; закрытие в 01:00:00; первый поезд по 1 пути в 05:39:00, по 2 пути 5:43:00; последний поезд по 1 пути в 23:07:00, по 2 пути в 23:27:00";"открытие в 05:30:00; закрытие в 01:00:00; первый поезд по 1 пути в 05:39:00, по 2 пути 5:43:00; последний поезд по 1 пути в 23:07:00, по 2 пути в 23:27:00";"";"";"0";"[]";"действует";"[Geometry[type=Point, coordinates=[37.67659289, 55.71202846]]]";"{type=Point, coordinates=[37.67659289, 55.71202846]}";"278053037";
"";"";"Окружная, вход-выход 10";"10";"да";"Северный административный округ";"Бескудниковский район";"37.57287782";"55.84882584";"наземный отдельностоящий";"Окружная";"Московское центральное кольцо";"не является объектом культурного наследия";"открытие в 05:30:00; закрытие в 01:00:00; первый поезд по 1 пути в 05:54:00, по 2 пути 05:50:00; последний поезд по 1 пути в 23:14:00, по 2 пути в 23:10:00";"открытие в 05:30:00; закрытие в 01:00:00; первый поезд по 1 пути в 05:54:00, по 2 пути 05:50:00; последний поезд по 1 пути в 23:14:00, по 2 пути в 23:10:00";"";"";"3";"[{global_id=3656, RepairOfEscalators=03.04.2024-31.07.2024}]";"действует";"[Geometry[type=Point, coordinates=[37.57287782, 55.84882584]]]";"{type=Point, coordinates=[37.57287782, 55.84882584]}";"278053044";
"";"";"Лихоборы, вход-выход 2";"2";"да";"Северный административный округ";"район Коптево";"37.55337432";"55.84706581";"наземный отдельностоящий";"Лихоборы";"Московское центральное кольцо";"не является объектом культурного наследия";"открытие в 05:20:00; закрытие в 01:00:00; первый поезд по 1 пути в 05:51:00, по 2 пути 05:29:00; последний поезд по 1 пути в 23:39:00, по 2 пути в 00:41:00";"открытие в 05:20:00; закрытие в 01:00:00; первый поезд по 1 пути в 05:51:00, по 2 пути 05:29:00; последний поезд по 1 пути в 23:39:00, по 2 пути в 00:41:00";"";"";"0";"[{global_id=3940, RepairOfEscalators=28.10.2024-30.11.2024}]";"действует";"[Geometry[type=Point, coordinates=[37.55337432, 55.84706581]]]";"{type=Point, coordinates=[37.55337432, 55.84706581]}";"278053052";
"";"";"Лихоборы, вход-выход 1";"1";"да";"Северный административный округ";"район Коптево";"37.55361572";"55.84689680";"наземный отдельностоящий";"Лихоборы";"Московское центральное кольцо";"не является объектом культурного наследия";"открытие в 05:20:00; закрытие в 01:00:00; первый поезд по 1 пути в 05:51:00, по 2 пути 05:29:00; последний поезд по 1 пути в 23:39:00, по 2 пути в 00:41:00";"открытие в 05:20:00; закрытие в 01:00:00; первый поезд по 1 пути в 05:51:00, по 2 пути 05:29:00; последний поезд по 1 пути в 23:39:00, по 2 пути в 00:41:00";"";"";"0";"[{global_id=3939, RepairOfEscalators=28.10.2024-30.11.2024}]";"действует";"[Geometry[type=Point, coordinates=[37.55361572, 55.8468968]]]";"{type=Point, coordinates=[37.55361572, 55.8468968]}";"278053061";
"";"";"Балтийская, вход-выход 1";"1";"да";"Северный административный округ";"Войковский район";"37.49520488";"55.82454710";"наземный отдельностоящий";"Балтийская";"Московское центральное кольцо";"не является объектом культурного наследия";"открытие в 05:30:00; закрытие в 01:00:00; первый поезд по 1 пути в 05:45:00, по 2 пути 5:36:00; последний поезд по 1 пути в 23:45:00, по 2 пути в 22:48:00";"открытие в 05:30:00; закрытие в 01:00:00; первый поезд по 1 пути в 05:45:00, по 2 пути 5:36:00; последний поезд по 1 пути в 23:45:00, по 2 пути в 22:48:00";"";"";"1";"[{global_id=3978, RepairOfEscalators=20.12.2024-20.06.2025}]";"действует";"[Geometry[type=Point, coordinates=[37.49520488, 55.8245471]]]";"{type=Point, coordinates=[37.49520488, 55.8245471]}";"278053069";
"";"";"Стрешнево, вход-выход 2";"2";"да";"Северный административный округ";"район Сокол";"37.48807978";"55.81268672";"наземный отдельностоящий";"Стрешнево";"Московское центральное кольцо";"не является объектом культурного наследия";"открытие в 05:30:00; закрытие в 01:00:00; первый поезд по 1 пути в 06:14:00, по 2 пути 5:38:00; последний поезд по 1 пути в 23:42:00, по 2 пути в 22:50:00";"открытие в 05:30:00; закрытие в 01:00:00; первый поезд по 1 пути в 06:14:00, по 2 пути 5:38:00; последний поезд по 1 пути в 23:42:00, по 2 пути в 22:50:00";"";"";"3";"[{global_id=3397, RepairOfEscalators=12.05.2023-29.12.2023}]";"действует";"[Geometry[type=Point, coordinates=[37.48807978, 55.81268672]]]";"{type=Point, coordinates=[37.48807978, 55.81268672]}";"278053077";
"";"";"Шелепиха, вход-выход 2";"2";"да";"Центральный административный округ";"Пресненский район";"37.52508563";"55.75615589";"наземный отдельностоящий";"Шелепиха";"Московское центральное кольцо";"не является объектом культурного наследия";"открытие в 05:30:00, закрытие в 01:00:00; первый поез в сторону станции «Рассказовка» по 1 пути 05:49:40, по 2 пути 05:44:50, в сторону станции «Деловой Центр» по 1 пути в 05:54:50; последний поезд в сторону станции «Рассказовка» по 1 пути 01:16:25, по 2 пути 01:36:55, в сторону станции «Деловой Центр» по 1 пути 01:17:55";"открытие в 05:30:00, закрытие в 01:00:00; первый поез в сторону станции «Рассказовка» по 1 пути 05:50:10, по 2 пути 05:46:05, в сторону станции «Деловой Центр» по 1 пути в 05:54:50; последний поезд в сторону станции «Рассказовка» по 1 пути 01:15:55, по 2 пути 01:36:55, в сторону станции «Деловой Центр» по 1 пути 01:17:55";"";"";"2";"[]";"действует";"[Geometry[type=Point, coordinates=[37.52508563, 55.75615589]]]";"{type=Point, coordinates=[37.52508563, 55.75615589]}";"278053091";
"";"";"Кутузовская, вход-выход 3 в северный вестибюль";"3";"да";"Западный административный округ";"район Дорогомилово";"37.53351976";"55.74022774";"наземный отдельностоящий";"Кутузовская";"Московское центральное кольцо";"не является объектом культурного наследия";"открытие в 05:30:00; закрытие в 01:00:00; первый поезд по 1 пути в 05:58:00, по 2 пути 05:37:00; последний поезд по 1 пути в 23:26:00, по 2 пути в 23:05:00";"открытие в 05:30:00; закрытие в 01:00:00; первый поезд по 1 пути в 05:58:00, по 2 пути 05:37:00; последний поезд по 1 пути в 23:26:00, по 2 пути в 23:05:00";"";"";"3";"[]";"действует";"[Geometry[type=Point, coordinates=[37.53351976, 55.74022774]]]";"{type=Point, coordinates=[37.53351976, 55.74022774]}";"278053118";
"";"";"Лужники, вход-выход 1";"1";"да";"Центральный административный округ";"район Хамовники";"37.56093800";"55.72092478";"наземный отдельностоящий";"Лужники";"Московское центральное кольцо";"не является объектом культурного наследия";"открытие в 05:30:00; закрытие в 01:00:00; первый поезд по 1 пути в 05:55:00, по 2 пути 05:40:00; последний поезд по 1 пути в 23:23:00, по 2 пути в 23:08:00";"открытие в 05:30:00; закрытие в 01:00:00; первый поезд по 1 пути в 05:55:00, по 2 пути 05:40:00; последний поезд по 1 пути в 23:23:00, по 2 пути в 23:08:00";"";"";"5";"[]";"действует";"[Geometry[type=Point, coordinates=[37.560938, 55.72092478]]]";"{type=Point, coordinates=[37.560938, 55.72092478]}";"278053126";
"";"";"Площадь Гагарина, вход-выход 4 в вестибюль";"4";"да";"Юго-Западный административный округ";"Гагаринский район";"37.58565550";"55.70724986";"наземный отдельностоящий";"Площадь Гагарина";"Московское центральное кольцо";"не является объектом культурного наследия";"открытие в 05:30:00; закрытие в 01:00:00; первый поезд по 1 пути в 05:51:00, по 2 пути 05:37:00; последний поезд по 1 пути в 23:19:00, по 2 пути в 23:11:01";"открытие в 05:30:00; закрытие в 01:00:00; первый поезд по 1 пути в 05:51:00, по 2 пути 05:37:00; последний поезд по 1 пути в 23:19:00, по 2 пути в 23:11:01";"";"";"9";"[]";"действует";"[Geometry[type=Point, coordinates=[37.5856555, 55.70724986]]]";"{type=Point, coordinates=[37.5856555, 55.70724986]}";"278053131";
"";"";"Крымская, вход-выход 3";"3";"да";"Южный административный округ";"Донской район";"37.60651572";"55.68993545";"наземный отдельностоящий";"Крымская";"Московское центральное кольцо";"не является объектом культурного наследия";"открытие в 05:30:00; закрытие в 01:00:00; первый поезд по 1 пути в 05:48:00, по 2 пути 05:41:00; последний поезд по 1 пути в 23:16:00, по 2 пути в 23:16:00";"открытие в 05:30:00; закрытие в 01:00:00; первый поезд по 1 пути в 05:48:00, по 2 пути 05:41:00; последний поезд по 1 пути в 23:16:00, по 2 пути в 23:16:00";"";"";"2";"[]";"действует";"[Geometry[type=Point, coordinates=[37.60651572, 55.68993545]]]";"{type=Point, coordinates=[37.60651572, 55.68993545]}";"278053142";
"";"";"Крымская, вход-выход 4";"4";"да";"Южный административный округ";"Донской район";"37.60624750";"55.68993488";"наземный отдельностоящий";"Крымская";"Московское центральное кольцо";"не является объектом культурного наследия";"открытие в 05:30:00; закрытие в 01:00:00; первый поезд по 1 пути в 05:48:00, по 2 пути 05:41:00; последний поезд по 1 пути в 23:16:00, по 2 пути в 23:16:00";"открытие в 05:30:00; закрытие в 01:00:00; первый поезд по 1 пути в 05:48:00, по 2 пути 05:41:00; последний поезд по 1 пути в 23:16:00, по 2 пути в 23:16:00";"";"";"2";"[]";"действует";"[Geometry[type=Point, coordinates=[37.6062475, 55.68993488]]]";"{type=Point, coordinates=[37.6062475, 55.68993488]}";"278053150";
"";"";"Верхние Котлы, вход-выход 1";"1";"да";"Южный административный округ";"Нагорный район";"37.61824029";"55.68985871";"наземный отдельностоящий";"Верхние Котлы";"Московское центральное кольцо";"не является объектом культурного наследия";"открытие в 05:30:00; закрытие в 01:00:00; первый поезд по 1 пути в 05:46:00, по 2 пути05:43:00; последний поезд по 1 пути в 23:14:00, по 2 пути в 23:18:00";"открытие в 05:30:00; закрытие в 01:00:00; первый поезд по 1 пути в 05:46:00, по 2 пути05:43:00; последний поезд по 1 пути в 23:14:00, по 2 пути в 23:18:00";"";"";"2";"[]";"действует";"[Geometry[type=Point, coordinates=[37.61824029, 55.68985871]]]";"{type=Point, coordinates=[37.61824029, 55.68985871]}";"278053159";
"";"";"Шоссе энтузиастов, вход-выход 1";"1";"да";"Восточный административный округ";"район Соколиная Гора";"37.74857670";"55.75865093";"наземный отдельностоящий";"Шоссе Энтузиастов";"Московское центральное кольцо";"не является объектом культурного наследия";"открытие в 05:30:00; закрытие в 01:00:00; первый поезд по 1 пути в 05:48:00, по 2 пути 5:40:00; последний поезд по 1 пути в 23:37:00, по 2 пути в 23:08:00";"открытие в 05:30:00; закрытие в 01:00:00; первый поезд по 1 пути в 05:48:00, по 2 пути 5:40:00; последний поезд по 1 пути в 23:37:00, по 2 пути в 23:08:01";"";"";"4";"[{global_id=3213, RepairOfEscalators=20.10.2022-20.10.2023}, {global_id=3659, RepairOfEscalators=30.03.2024-28.06.2024}]";"действует";"[Geometry[type=Point, coordinates=[37.7485767, 55.75865093]]]";"{type=Point, coordinates=[37.7485767, 55.75865093]}";"278588211";
"";"";"Шоссе энтузиастов, вход-выход 2";"2";"да";"Восточный административный округ";"район Соколиная Гора";"37.74546802";"55.75893830";"наземный отдельностоящий";"Шоссе Энтузиастов";"Московское центральное кольцо";"не является объектом культурного наследия";"открытие в 05:30:00; закрытие в 01:00:00; первый поезд по 1 пути в 05:48:00, по 2 пути 5:40:00; последний поезд по 1 пути в 23:37:00, по 2 пути в 23:08:00";"открытие в 05:30:00; закрытие в 01:00:00; первый поезд по 1 пути в 05:48:00, по 2 пути 5:40:00; последний поезд по 1 пути в 23:37:00, по 2 пути в 23:08:01";"";"";"0";"[{global_id=3214, RepairOfEscalators=20.10.2022-20.10.2023}, {global_id=3661, RepairOfEscalators=30.03.2024-28.06.2024}]";"действует";"[Geometry[type=Point, coordinates=[37.74546802, 55.7589383]]]";"{type=Point, coordinates=[37.74546802, 55.7589383]}";"278596532";
"";"";"Ботанический сад, вход-выход 7";"7";"да";"Северо-Восточный административный округ";"район Свиблово";"37.63968853";"55.84585761";"наземный отдельностоящий";"Ботанический сад";"Московское центральное кольцо";"не является объектом культурного наследия";"открытие в 05:30:00; закрытие в 01:00:00; первый поезд по 1 пути в 06:00:00, по 2 пути 05:43:00; последний поезд по 1 пути в 23:16:00, по 2 пути в 23:02:00";"открытие в 05:30:00; закрытие в 01:00:00; первый поезд по 1 пути в 06:00:00, по 2 пути 05:43:00; последний поезд по 1 пути в 23:16:00, по 2 пути в 23:02:00";"";"";"2";"[]";"действует";"[Geometry[type=Point, coordinates=[37.63968853, 55.84585761]]]";"{type=Point, coordinates=[37.63968853, 55.84585761]}";"278604450";
"";"";"Ботанический сад, вход-выход 8";"8";"да";"Северо-Восточный административный округ";"район Ростокино";"37.63973145";"55.84535056";"наземный отдельностоящий";"Ботанический сад";"Московское центральное кольцо";"не является объектом культурного наследия";"открытие в 05:30:00; закрытие в 01:00:00; первый поезд по 1 пути в 06:00:00, по 2 пути 05:43:00; последний поезд по 1 пути в 23:16:00, по 2 пути в 23:02:00";"открытие в 05:30:00; закрытие в 01:00:00; первый поезд по 1 пути в 06:00:00, по 2 пути 05:43:00; последний поезд по 1 пути в 23:16:00, по 2 пути в 23:02:00";"";"";"1";"[]";"действует";"[Geometry[type=Point, coordinates=[37.63973145, 55.84535056]]]";"{type=Point, coordinates=[37.63973145, 55.84535056]}";"278612924";
"";"";"Хорошёво, вход-выход 1";"1";"да";"Северный административный округ";"Хорошёвский район";"37.50723713";"55.77682768";"наземный отдельностоящий";"Хорошёво";"Московское центральное кольцо";"не является объектом культурного наследия";"открытие в 05:30:00; закрытие в 01:00:00; первый поезд по 1 пути в 06:06:00, по 2 пути 5:38:00; последний поезд по 1 пути в 23:34:00, по 2 пути в 22:58:01";"открытие в 05:30:00; закрытие в 01:00:00; первый поезд по 1 пути в 06:06:00, по 2 пути 5:38:00; последний поезд по 1 пути в 23:34:00, по 2 пути в 22:58:01";"";"";"3";"[]";"действует";"[Geometry[type=Point, coordinates=[37.50723713, 55.77682768]]]";"{type=Point, coordinates=[37.50723713, 55.77682768]}";"278621397";
"";"";"Москва-Сити, вход-выход 5 в вестибюль";"5";"да";"Центральный административный округ";"Пресненский район";"37.53298398";"55.74788746";"наземный отдельностоящий";"Москва-Сити";"Московское центральное кольцо";"не является объектом культурного наследия";"открытие в 05:30:00; закрытие в 01:00:00; первый поезд по 1 пути в 06:00:00, по 2 пути 05:35:00; последний поезд по 1 пути в 23:28:00, по 2 пути в 23:03:00";"открытие в 05:30:00; закрытие в 01:00:00; первый поезд по 1 пути в 06:00:00, по 2 пути 05:35:00; последний поезд по 1 пути в 23:28:00, по 2 пути в 23:03:00";"";"";"3";"[]";"действует";"[Geometry[type=Point, coordinates=[37.53298398, 55.74788746]]]";"{type=Point, coordinates=[37.53298398, 55.74788746]}";"278633910";
"";"";"Площадь Гагарина, вход-выход 3 в вестибюль";"3";"да";"Юго-Западный административный округ";"Гагаринский район";"37.58666937";"55.70699846";"наземный, встроенный в здание";"Площадь Гагарина";"Московское центральное кольцо";"не является объектом культурного наследия";"открытие в 05:30:00; закрытие в 01:00:00; первый поезд по 1 пути в 05:51:00, по 2 пути 05:37:00; последний поезд по 1 пути в 23:19:00, по 2 пути в 23:11:01";"открытие в 05:30:00; закрытие в 01:00:00; первый поезд по 1 пути в 05:51:00, по 2 пути 05:37:00; последний поезд по 1 пути в 23:19:00, по 2 пути в 23:11:01";"";"";"0";"[]";"действует";"[Geometry[type=Point, coordinates=[37.58666937, 55.70699846]]]";"{type=Point, coordinates=[37.58666937, 55.70699846]}";"278654599";
"";"";"Соколиная гора, вход-выход 2";"2";"да";"Восточный административный округ";"район Соколиная Гора";"37.74506779";"55.76992414";"наземный отдельностоящий";"Соколиная Гора";"Московское центральное кольцо";"не является объектом культурного наследия";"открытие в 05:30:00; закрытие в 01:00:00; первый поезд по 1 пути в 05:46:00, по 2 пути 5:43:00; последний поезд по 1 пути в 23:38:00, по 2 пути в 23:11:00";"открытие в 05:30:00; закрытие в 01:00:00; первый поезд по 1 пути в 05:46:00, по 2 пути 5:43:00; последний поезд по 1 пути в 23:38:00, по 2 пути в 23:11:00";"";"";"2";"[{global_id=3696, RepairOfEscalators=16.04.2024-07.06.2024}]";"действует";"[Geometry[type=Point, coordinates=[37.74506779, 55.76992414]]]";"{type=Point, coordinates=[37.74506779, 55.76992414]}";"278661855";
"";"";"Соколиная гора, вход-выход 1";"1";"да";"Восточный административный округ";"район Соколиная Гора";"37.74459035";"55.76967617";"наземный отдельностоящий";"Соколиная Гора";"Московское центральное кольцо";"не является объектом культурного наследия";"открытие в 05:30:00; закрытие в 01:00:00; первый поезд по 1 пути в 05:46:00, по 2 пути 5:43:00; последний поезд по 1 пути в 23:38:00, по 2 пути в 23:11:00";"открытие в 05:30:00; закрытие в 01:00:00; первый поезд по 1 пути в 05:46:00, по 2 пути 5:43:00; последний поезд по 1 пути в 23:38:00, по 2 пути в 23:11:00";"";"";"0";"[{global_id=3695, RepairOfEscalators=16.04.2024-07.06.2024}]";"действует";"[Geometry[type=Point, coordinates=[37.74459035, 55.76967617]]]";"{type=Point, coordinates=[37.74459035, 55.76967617]}";"278668873";
"";"";"Соколиная гора, вход-выход 5";"5";"да";"Восточный административный округ";"район Измайлово";"37.74824620";"55.77026585";"наземный отдельностоящий";"Соколиная Гора";"Московское центральное кольцо";"не является объектом культурного наследия";"открытие в 05:30:00; закрытие в 01:00:00; первый поезд по 1 пути в 05:46:00, по 2 пути 5:43:00; последний поезд по 1 пути в 23:38:00, по 2 пути в 23:11:00";"открытие в 05:30:00; закрытие в 01:00:00; первый поезд по 1 пути в 05:46:00, по 2 пути 5:43:00; последний поезд по 1 пути в 23:38:00, по 2 пути в 23:11:00";"";"";"0";"[{global_id=3699, RepairOfEscalators=16.04.2024-07.06.2024}]";"действует";"[Geometry[type=Point, coordinates=[37.7482462, 55.77026585]]]";"{type=Point, coordinates=[37.7482462, 55.77026585]}";"278681837";
"";"";"Минская, вход-выход 1";"1";"да";"Западный административный округ";"район Дорогомилово";"37.49817975";"55.72362888";"подземный";"Минская";"Солнцевская линия";"не является объектом культурного наследия";"открытие в 05:30:00, закрытие в 01:00:00, первый поезд по 1 пути в 05:53:00, по 2 пути 5:48:00; последний поезд по 1 пути в 01:13:00, по 2 пути в 01:35:00";"открытие в 05:30:00, закрытие в 01:00:00, первый поезд по 1 пути в 05:53:00, по 2 пути 5:47:00; последний поезд по 1 пути в 01:13:00, по 2 пути в 01:35:00";"";"";"3";"[]";"действует";"[Geometry[type=Point, coordinates=[37.49817975, 55.72362888]]]";"{type=Point, coordinates=[37.49817975, 55.72362888]}";"328188244";
"";"";"Минская, вход-выход 2";"2";"да";"Западный административный округ";"район Фили-Давыдково";"37.49761112";"55.72346899";"подземный";"Минская";"Солнцевская линия";"не является объектом культурного наследия";"открытие в 05:30:00, закрытие в 01:00:00, первый поезд по 1 пути в 05:53:00, по 2 пути 5:48:00; последний поезд по 1 пути в 01:13:00, по 2 пути в 01:35:00";"открытие в 05:30:00, закрытие в 01:00:00, первый поезд по 1 пути в 05:53:00, по 2 пути 5:47:00; последний поезд по 1 пути в 01:13:00, по 2 пути в 01:35:00";"";"";"3";"[]";"действует";"[Geometry[type=Point, coordinates=[37.49761112, 55.72346899]]]";"{type=Point, coordinates=[37.49761112, 55.72346899]}";"328188245";
"";"";"Раменки, вход-выход 1 в вестибюль 2";"1";"да";"Западный административный округ";"район Раменки";"37.49792324";"55.69685525";"подземный";"Раменки";"Солнцевская линия";"не является объектом культурного наследия";"открытие в 05:30:00; закрытие в 01:00:00; первый поезд по 1 пути в 05:45:00, по 2 пути в 05:45:00; последний поезд по 1 пути в 01:19:00, по 2 пути в 01:29:00";"открытие в 05:30:00; закрытие в 01:00:00; первый поезд по 1 пути в 05:45:00, по 2 пути в 05:41:00; последний поезд по 1 пути в 01:19:00, по 2 пути в 01:29:00";"";"";"3";"[{global_id=3671, RepairOfEscalators=04.03.2024-21.11.2024}, {global_id=4094, RepairOfEscalators=19.05.2025-24.07.2025}]";"действует";"[Geometry[type=Point, coordinates=[37.49792324, 55.69685525]]]";"{type=Point, coordinates=[37.49792324, 55.69685525]}";"328188515";
"";"";"Раменки, вход-выход 2 в вестибюль 2";"2";"да";"Западный административный округ";"район Раменки";"37.49696837";"55.69630687";"подземный";"Раменки";"Солнцевская линия";"не является объектом культурного наследия";"открытие в 05:30:00; закрытие в 01:00:00; первый поезд по 1 пути в 05:45:00, по 2 пути в 05:45:00; последний поезд по 1 пути в 01:19:00, по 2 пути в 01:29:00";"открытие в 05:30:00; закрытие в 01:00:00; первый поезд по 1 пути в 05:45:00, по 2 пути в 05:41:00; последний поезд по 1 пути в 01:19:00, по 2 пути в 01:29:00";"";"";"3";"[{global_id=3672, RepairOfEscalators=04.03.2024-21.11.2024}, {global_id=4095, RepairOfEscalators=19.05.2025-24.07.2025}]";"действует";"[Geometry[type=Point, coordinates=[37.49696837, 55.69630687]]]";"{type=Point, coordinates=[37.49696837, 55.69630687]}";"328188516";
"";"";"Раменки, вход-выход 3 в вестибюль 2";"3";"да";"Западный административный округ";"район Раменки";"37.49612079";"55.69674921";"подземный";"Раменки";"Солнцевская линия";"не является объектом культурного наследия";"открытие в 05:30:00; закрытие в 01:00:00; первый поезд по 1 пути в 05:45:00, по 2 пути в 05:45:00; последний поезд по 1 пути в 01:19:00, по 2 пути в 01:29:00";"открытие в 05:30:00; закрытие в 01:00:00; первый поезд по 1 пути в 05:45:00, по 2 пути в 05:41:00; последний поезд по 1 пути в 01:19:00, по 2 пути в 01:29:00";"";"";"3";"[{global_id=3673, RepairOfEscalators=04.03.2024-21.11.2024}, {global_id=4096, RepairOfEscalators=19.05.2025-24.07.2025}]";"действует";"[Geometry[type=Point, coordinates=[37.49612079, 55.69674921]]]";"{type=Point, coordinates=[37.49612079, 55.69674921]}";"328188519";
"";"";"Раменки, вход-выход 4 в вестибюль 2";"4";"да";"Западный административный округ";"район Раменки";"37.49675916";"55.69711277";"подземный";"Раменки";"Солнцевская линия";"не является объектом культурного наследия";"открытие в 05:30:00; закрытие в 01:00:00; первый поезд по 1 пути в 05:45:00, по 2 пути в 05:45:00; последний поезд по 1 пути в 01:19:00, по 2 пути в 01:29:00";"открытие в 05:30:00; закрытие в 01:00:00; первый поезд по 1 пути в 05:45:00, по 2 пути в 05:41:00; последний поезд по 1 пути в 01:19:00, по 2 пути в 01:29:00";"";"";"3";"[{global_id=3674, RepairOfEscalators=04.03.2024-21.11.2024}, {global_id=4097, RepairOfEscalators=19.05.2025-24.07.2025}]";"действует";"[Geometry[type=Point, coordinates=[37.49675916, 55.69711277]]]";"{type=Point, coordinates=[37.49675916, 55.69711277]}";"328188520";
"";"";"Раменки, вход-выход 5 в вестибюль 1";"5";"да";"Западный административный округ";"район Раменки";"37.49927182";"55.69851344";"подземный";"Раменки";"Солнцевская линия";"не является объектом культурного наследия";"открытие в 05:30:00; закрытие в 01:00:00; первый поезд по 1 пути в 05:45:00, по 2 пути в 05:45:00; последний поезд по 1 пути в 01:19:00, по 2 пути в 01:29:00";"открытие в 05:30:00; закрытие в 01:00:00; первый поезд по 1 пути в 05:45:00, по 2 пути в 05:41:00; последний поезд по 1 пути в 01:19:00, по 2 пути в 01:29:00";"";"";"4";"[{global_id=3675, RepairOfEscalators=04.03.2024-21.11.2024}]";"действует";"[Geometry[type=Point, coordinates=[37.49927182, 55.69851344]]]";"{type=Point, coordinates=[37.49927182, 55.69851344]}";"328188523";
"";"";"Раменки, вход-выход 6 в вестибюль 1";"6";"да";"Западный административный округ";"район Раменки";"37.49992628";"55.69886790";"подземный";"Раменки";"Солнцевская линия";"не является объектом культурного наследия";"открытие в 05:30:00; закрытие в 01:00:00; первый поезд по 1 пути в 05:45:00, по 2 пути в 05:45:00; последний поезд по 1 пути в 01:19:00, по 2 пути в 01:29:00";"открытие в 05:30:00; закрытие в 01:00:00; первый поезд по 1 пути в 05:45:00, по 2 пути в 05:41:00; последний поезд по 1 пути в 01:19:00, по 2 пути в 01:29:00";"";"";"4";"[{global_id=3676, RepairOfEscalators=04.03.2024-21.11.2024}]";"действует";"[Geometry[type=Point, coordinates=[37.49992628, 55.6988679]]]";"{type=Point, coordinates=[37.49992628, 55.6988679]}";"328188526";
"";"";"Ломоносовский проспект, вход-выход 2 в вестибюль 2";"2";"да";"Западный административный округ";"район Раменки";"37.51331198";"55.70538672";"подземный";"Ломоносовский проспект";"Солнцевская линия";"не является объектом культурного наследия";"открытие в 05:30:00, закрытие в 01:00:00, первый поезд по 1 пути в 05:57:00, по 2 пути 5:44:00; последний поезд по 1 пути в 01:17:00, по 2 пути в 01:31:10";"открытие в 05:30:00, закрытие в 01:00:00, первый поезд по 1 пути в 05:57:00, по 2 пути 5:43:00; последний поезд по 1 пути в 01:17:00, по 2 пути в 01:31:00";"";"";"4";"[]";"действует";"[Geometry[type=Point, coordinates=[37.51331198, 55.70538672]]]";"{type=Point, coordinates=[37.51331198, 55.70538672]}";"328188532";
"";"";"Ломоносовский проспект, вход-выход 3 в вестибюль 2";"3";"да";"Западный административный округ";"район Раменки";"37.51253951";"55.70585925";"подземный";"Ломоносовский проспект";"Солнцевская линия";"не является объектом культурного наследия";"открытие в 05:30:00, закрытие в 01:00:00, первый поезд по 1 пути в 05:57:00, по 2 пути 5:44:00; последний поезд по 1 пути в 01:17:00, по 2 пути в 01:31:10";"открытие в 05:30:00, закрытие в 01:00:00, первый поезд по 1 пути в 05:57:00, по 2 пути 5:43:00; последний поезд по 1 пути в 01:17:00, по 2 пути в 01:31:00";"";"";"4";"[]";"действует";"[Geometry[type=Point, coordinates=[37.51253951, 55.70585925]]]";"{type=Point, coordinates=[37.51253951, 55.70585925]}";"328188534";
"";"";"Ломоносовский проспект, вход-выход 4 в вестибюль 2";"4";"да";"Западный административный округ";"район Раменки";"37.51454585";"55.70681225";"подземный";"Ломоносовский проспект";"Солнцевская линия";"не является объектом культурного наследия";"открытие в 05:30:00, закрытие в 01:00:00, первый поезд по 1 пути в 05:57:00, по 2 пути 5:44:00; последний поезд по 1 пути в 01:17:00, по 2 пути в 01:31:10";"открытие в 05:30:00, закрытие в 01:00:00, первый поезд по 1 пути в 05:57:00, по 2 пути 5:43:00; последний поезд по 1 пути в 01:17:00, по 2 пути в 01:31:00";"";"";"4";"[]";"действует";"[Geometry[type=Point, coordinates=[37.51454585, 55.70681225]]]";"{type=Point, coordinates=[37.51454585, 55.70681225]}";"328188535";
"";"";"Ломоносовский проспект, вход-выход 5 в вестибюль 1";"5";"да";"Западный административный округ";"район Раменки";"37.51801662";"55.70762153";"подземный";"Ломоносовский проспект";"Солнцевская линия";"не является объектом культурного наследия";"открытие в 05:30:00, закрытие в 01:00:00, первый поезд по 1 пути в 05:57:00, по 2 пути 5:44:00; последний поезд по 1 пути в 01:17:00, по 2 пути в 01:31:10";"открытие в 05:30:00, закрытие в 01:00:00, первый поезд по 1 пути в 05:57:00, по 2 пути 5:43:00; последний поезд по 1 пути в 01:17:00, по 2 пути в 01:31:00";"";"";"3";"[]";"действует";"[Geometry[type=Point, coordinates=[37.51801662, 55.70762153]]]";"{type=Point, coordinates=[37.51801662, 55.70762153]}";"328188536";
"";"";"Ломоносовский проспект, вход-выход 6 в вестибюль 1";"6";"да";"Западный административный округ";"район Раменки";"37.51724951";"55.70729801";"подземный";"Ломоносовский проспект";"Солнцевская линия";"не является объектом культурного наследия";"открытие в 05:30:00, закрытие в 01:00:00, первый поезд по 1 пути в 05:57:00, по 2 пути 5:44:00; последний поезд по 1 пути в 01:17:00, по 2 пути в 01:31:10";"открытие в 05:30:00, закрытие в 01:00:00, первый поезд по 1 пути в 05:57:00, по 2 пути 5:43:00; последний поезд по 1 пути в 01:17:00, по 2 пути в 01:31:00";"";"";"3";"[]";"действует";"[Geometry[type=Point, coordinates=[37.51724951, 55.70729801]]]";"{type=Point, coordinates=[37.51724951, 55.70729801]}";"328188538";
"";"";"Парк победы, вход-выход 6 в вестибюль";"6";"да";"Западный административный округ";"район Дорогомилово";"37.51543517";"55.73712999";"подземный";"Парк Победы";"Солнцевская линия";"не является объектом культурного наследия";"открытие в 05:25:00, закрытие в 01:00:00, первый поезд по 1 пути в 05:49:00, по 2 пути 05:52:00; последний поезд по 1 пути в 01:10:00, по 2 пути в 01:39:00";"открытие в 05:25:00, закрытие в 01:00:00, первый поезд по 1 пути в 05:49:00, по 2 пути 05:51:00; последний поезд по 1 пути в 01:10:00, по 2 пути в 01:39:00";"";"";"3";"[{global_id=3223, RepairOfEscalators=14.06.2023-01.09.2023}]";"действует";"[Geometry[type=Point, coordinates=[37.51543517, 55.73712999]]]";"{type=Point, coordinates=[37.51543517, 55.73712999]}";"328188540";
"";"";"Пушкинская, вход-выход 1 в вестибюль";"1";"да";"Центральный административный округ";"Тверской район";"37.60434788";"55.76597688";"наземный, встроенный в здание";"Пушкинская";"Таганско-Краснопресненская линия";"не является объектом культурного наследия";"открытие в 05:30:00; закрытие в 01:00:00; первый поезд по 1 пути в 05:46:00, по 2 пути в 05:58:00; последний поезд по 1 пути в 01:29:00, по 2 пути в 01:37:00";"открытие в 05:30:00; закрытие в 01:00:00; первый поезд по 1 пути в 05:53:00, по 2 пути в 05:57:00; последний поезд по 1 пути в 01:29:00, по 2 пути в 01:37:00";"";"";"3";"[{global_id=3059, RepairOfEscalators=10.01.2023-28.04.2023}, {global_id=3484, RepairOfEscalators=15.01.2024-29.03.2024}, {global_id=3532, RepairOfEscalators=28.12.2023-14.01.2024}, {global_id=3561, RepairOfEscalators=19.12.2023-16.02.2024}, {global_id=3701, RepairOfEscalators=27.02.2024-27.12.2024}, {global_id=4026, RepairOfEscalators=04.03.2025-27.03.2025}]";"действует";"[Geometry[type=Point, coordinates=[37.60434788, 55.76597688]]]";"{type=Point, coordinates=[37.60434788, 55.76597688]}";"423632194";
"";"";"Ховрино, вход-выход 5 в вестибюль 1";"5";"да";"Северный административный округ";"район Ховрино";"37.48235581";"55.87736255";"подземный";"Ховрино";"Замоскворецкая линия";"не является объектом культурного наследия";"открытие в 05:30:00; закрытие в 01:00:00; первый поезд по 2 пути в 06:02:00; последний поезд по 2 пути в 01:03:00";"открытие в 05:30:00; закрытие в 01:00:00; первый поезд по 2 пути в 05:41:00; последний поезд по 2 пути в 01:03:00";"";"";"4";"[]";"действует";"[Geometry[type=Point, coordinates=[37.48235581, 55.87736255]]]";"{type=Point, coordinates=[37.48235581, 55.87736255]}";"832654654";
"";"";"Ховрино, вход-выход 4 в вестибюль 1";"4";"да";"Северный административный округ";"район Ховрино";"37.48153505";"55.87756403";"подземный";"Ховрино";"Замоскворецкая линия";"не является объектом культурного наследия";"открытие в 05:30:00; закрытие в 01:00:00; первый поезд по 2 пути в 06:02:00; последний поезд по 2 пути в 01:03:00";"открытие в 05:30:00; закрытие в 01:00:00; первый поезд по 2 пути в 05:41:00; последний поезд по 2 пути в 01:03:00";"";"";"4";"[]";"действует";"[Geometry[type=Point, coordinates=[37.48153505, 55.87756403]]]";"{type=Point, coordinates=[37.48153505, 55.87756403]}";"832654656";
"";"";"Ховрино, вход-выход 1 в вестибюль 2";"1";"да";"Северный административный округ";"район Ховрино";"37.48070139";"55.87926919";"подземный";"Ховрино";"Замоскворецкая линия";"не является объектом культурного наследия";"открытие в 05:30:00; закрытие в 01:00:00; первый поезд по 2 пути в 06:02:00; последний поезд по 2 пути в 01:03:00";"открытие в 05:30:00; закрытие в 01:00:00; первый поезд по 2 пути в 05:41:00; последний поезд по 2 пути в 01:03:00";"";"";"7";"[]";"действует";"[Geometry[type=Point, coordinates=[37.48070139, 55.87926919]]]";"{type=Point, coordinates=[37.48070139, 55.87926919]}";"836666220";
"";"";"Петровский парк, вход-выход 4 в вестибюль 1";"4";"да";"Северный административный округ";"район Аэропорт";"37.55864226";"55.79265150";"подземный";"Петровский парк";"Большая кольцевая линия";"не является объектом культурного наследия";"открытие в 05:30:00; закрытие в 01:00:00; первый поезд по 1 пути в 05:46:00, по 2 пути в 05:46:00; последний поезд по 1 пути в 01:07:00, по 2 пути в 01:10:00";"открытие в 05:30:00, закрытие в 01:00:00, первый поезд по 1 пути в 05:48:00, по 2 пути в 05:46:00; последний поезд по 1 пути в 01:04:00, по 2 пути в 01:07:00";"";"";"2";"[]";"действует";"[Geometry[type=Point, coordinates=[37.55864226, 55.7926515]]]";"{type=Point, coordinates=[37.55864226, 55.7926515]}";"851012099";
"";"";"Петровский парк, вход-выход 5 в вестибюль 1";"5";"да";"Северный административный округ";"район Аэропорт";"37.55829357";"55.79228638";"подземный";"Петровский парк";"Большая кольцевая линия";"не является объектом культурного наследия";"открытие в 05:30:00; закрытие в 01:00:00; первый поезд по 1 пути в 05:46:00, по 2 пути в 05:46:00; последний поезд по 1 пути в 01:07:00, по 2 пути в 01:10:00";"открытие в 05:30:00, закрытие в 01:00:00, первый поезд по 1 пути в 05:48:00, по 2 пути в 05:46:00; последний поезд по 1 пути в 01:04:00, по 2 пути в 01:07:00";"";"";"2";"[]";"действует";"[Geometry[type=Point, coordinates=[37.55829357, 55.79228638]]]";"{type=Point, coordinates=[37.55829357, 55.79228638]}";"851013127";
"";"";"Петровский парк, вход-выход 3 в вестибюль 2";"3";"да";"Северный административный округ";"район Аэропорт";"37.55608641";"55.79068420";"подземный";"Петровский парк";"Большая кольцевая линия";"не является объектом культурного наследия";"открытие в 05:30:00; закрытие в 01:00:00; первый поезд по 1 пути в 05:46:00, по 2 пути в 05:46:00; последний поезд по 1 пути в 01:07:00, по 2 пути в 01:10:00";"открытие в 05:30:00, закрытие в 01:00:00, первый поезд по 1 пути в 05:48:00, по 2 пути в 05:46:00; последний поезд по 1 пути в 01:04:00, по 2 пути в 01:07:00";"";"";"3";"[]";"действует";"[Geometry[type=Point, coordinates=[37.55608641, 55.7906842]]]";"{type=Point, coordinates=[37.55608641, 55.7906842]}";"851025878";
"";"";"ЦСКА, вход-выход 2 в вестибюль 1";"2";"да";"Северный административный округ";"Хорошёвский район";"37.53194843";"55.78568520";"подземный";"ЦСКА";"Большая кольцевая линия";"не является объектом культурного наследия";"открытие в 05:30:00; закрытие в 01:00:00; первый поезд по 1 пути в 05:49:00, по 2 пути в 05:43:00; последний поезд по 1 пути в 01:09:00, по 2 пути в 01:07:00";"открытие в 05:30:00, закрытие в 01:00:00, первый поезд по 1 пути в 05:52:00, по 2 пути в 05:43:00; последний поезд по 1 пути в 01:06:00, по 2 пути в 01:11:00";"";"";"4";"[{global_id=3614, RepairOfEscalators=11.03.2024-31.03.2024}]";"действует";"[Geometry[type=Point, coordinates=[37.53194843, 55.7856852]]]";"{type=Point, coordinates=[37.53194843, 55.7856852]}";"851030947";
"";"";"ЦСКА, вход-выход 1 в вестибюль 2";"1";"да";"Северный административный округ";"Хорошёвский район";"37.53453395";"55.78742733";"подземный";"ЦСКА";"Большая кольцевая линия";"не является объектом культурного наследия";"открытие в 05:30:00; закрытие в 01:00:00; первый поезд по 1 пути в 05:49:00, по 2 пути в 05:43:00; последний поезд по 1 пути в 01:09:00, по 2 пути в 01:07:00";"открытие в 05:30:00, закрытие в 01:00:00, первый поезд по 1 пути в 05:52:00, по 2 пути в 05:43:00; последний поезд по 1 пути в 01:06:00, по 2 пути в 01:11:00";"";"";"4";"[{global_id=3665, RepairOfEscalators=01.04.2024-30.04.2024}]";"действует";"[Geometry[type=Point, coordinates=[37.53453395, 55.78742733]]]";"{type=Point, coordinates=[37.53453395, 55.78742733]}";"851047140";
"";"";"Хорошёвская, вход-выход 2 в вестибюль 1";"2";"да";"Северный административный округ";"Хорошёвский район";"37.51710581";"55.77747090";"подземный";"Хорошёвская";"Большая кольцевая линия";"не является объектом культурного наследия";"открытие в 05:30:00; закрытие в 01:00:00; первый поезд по 1 пути в 05:42:00, по 2 пути в 05:40:00; последний поезд по 1 пути в 01:04:00, по 2 пути в 01:05:00";"открытие в 05:30:00, закрытие в 01:00:00, первый поезд по 1 пути в 05:51:00, по 2 пути в 05:40:00; последний поезд по 1 пути в 01:05:00, по 2 пути в 01:09:00";"";"";"3";"[]";"действует";"[Geometry[type=Point, coordinates=[37.51710581, 55.7774709]]]";"{type=Point, coordinates=[37.51710581, 55.7774709]}";"851048066";
"";"";"Хорошёвская, вход-выход 8 в вестибюль 2";"8";"да";"Северный административный округ";"Хорошёвский район";"37.52176749";"55.77712018";"подземный";"Хорошёвская";"Большая кольцевая линия";"не является объектом культурного наследия";"открытие в 05:30:00; закрытие в 01:00:00; первый поезд по 1 пути в 05:42:00, по 2 пути в 05:40:00; последний поезд по 1 пути в 01:04:00, по 2 пути в 01:05:00";"открытие в 05:30:00, закрытие в 01:00:00, первый поезд по 1 пути в 05:51:00, по 2 пути в 05:40:00; последний поезд по 1 пути в 01:05:00, по 2 пути в 01:09:00";"";"";"2";"[{global_id=3523, RepairOfEscalators=26.04.2023-27.12.2023}, {global_id=3603, RepairOfEscalators=11.03.2024-10.05.2024}, {global_id=3646, RepairOfEscalators=01.04.2024-13.05.2024}]";"действует";"[Geometry[type=Point, coordinates=[37.52176749, 55.77712018]]]";"{type=Point, coordinates=[37.52176749, 55.77712018]}";"851048621";
"";"";"Шелепиха, вход-выход 1 в вестибюль 1";"1";"да";"Центральный административный округ";"Пресненский район";"37.52442841";"55.75594273";"подземный";"Шелепиха";"Рублёво-Архангельская линия";"не является объектом культурного наследия";"открытие в 05:30:00; закрытие в 01:00:00; первый поезд по 1 пути в 05:48:00, по 2 пути в 05:43:00; последний поезд по 1 пути в 01:10:00, по 2 пути в 01:05:00";"открытие в 05:30:00; закрытие в 01:00:00; первый поезд по 1 пути в 05:48:00, по 2 пути в 05:47:00; последний поезд по 1 пути в 01:10:00, по 2 пути в 01:05:00";"";"";"3";"[]";"действует";"[Geometry[type=Point, coordinates=[37.52442841, 55.75594273]]]";"{type=Point, coordinates=[37.52442841, 55.75594273]}";"851050946";
"";"";"Шелепиха, вход-выход 4 в вестибюль 2";"4";"да";"Центральный административный округ";"Пресненский район";"37.52317850";"55.75770028";"подземный";"Шелепиха";"Рублёво-Архангельская линия";"не является объектом культурного наследия";"открытие в 05:30:00; закрытие в 01:00:00; первый поезд по 1 пути в 05:48:00, по 2 пути в 05:43:00; последний поезд по 1 пути в 01:10:00, по 2 пути в 01:05:00";"открытие в 05:30:00; закрытие в 01:00:00; первый поезд по 1 пути в 05:48:00, по 2 пути в 05:47:00; последний поезд по 1 пути в 01:10:00, по 2 пути в 01:05:00";"";"";"3";"[{global_id=3740, RepairOfEscalators=20.05.2024-20.06.2024}]";"действует";"[Geometry[type=Point, coordinates=[37.5231785, 55.75770028]]]";"{type=Point, coordinates=[37.5231785, 55.75770028]}";"851051483";
"";"";"Окружная, вход-выход 2 в вестибюль";"2";"да";"Северный административный округ";"Тимирязевский район";"37.57322195";"55.84714789";"подземный";"Окружная";"Люблинско-Дмитровская линия";"не является объектом культурного наследия";"открытие в 05:30:00; закрытие в 01:00:00; первый поезд по 1 пути в 05:45:00, по 2 пути в 05:50:00; последний поезд по 1 пути в 01:15:00, по 2 пути в 01:56:00";"открытие в 05:30:00; закрытие в 01:00:00; первый поезд по 1 пути в 05:46:00, по 2 пути в 05:50:00; последний поезд по 1 пути в 01:15:00, по 2 пути в 01:56:00";"";"";"3";"[{global_id=3344, RepairOfEscalators=23.08.2023-26.08.2023}, {global_id=3407, RepairOfEscalators=09.10.2023-11.10.2023}, {global_id=3657, RepairOfEscalators=03.04.2024-31.07.2024}, {global_id=3779, RepairOfEscalators=10.04.2024-30.09.2025}]";"действует";"[Geometry[type=Point, coordinates=[37.57322195, 55.84714789]]]";"{type=Point, coordinates=[37.57322195, 55.84714789]}";"859914522";
"";"";"Окружная, вход-выход 3 в вестибюль";"3";"да";"Северный административный округ";"Тимирязевский район";"37.57367256";"55.84763378";"подземный";"Окружная";"Люблинско-Дмитровская линия";"не является объектом культурного наследия";"открытие в 05:30:00; закрытие в 01:00:00; первый поезд по 1 пути в 05:45:00, по 2 пути в 05:50:00; последний поезд по 1 пути в 01:15:00, по 2 пути в 01:56:00";"открытие в 05:30:00; закрытие в 01:00:00; первый поезд по 1 пути в 05:46:00, по 2 пути в 05:50:00; последний поезд по 1 пути в 01:15:00, по 2 пути в 01:56:00";"";"";"3";"[{global_id=3345, RepairOfEscalators=23.08.2023-26.08.2023}, {global_id=3408, RepairOfEscalators=09.10.2023-11.10.2023}, {global_id=3658, RepairOfEscalators=03.04.2024-31.07.2024}, {global_id=3780, RepairOfEscalators=10.04.2024-30.09.2025}]";"действует";"[Geometry[type=Point, coordinates=[37.57367256, 55.84763378]]]";"{type=Point, coordinates=[37.57367256, 55.84763378]}";"859914548";
"";"";"Окружная, вход-выход 1 в вестибюль";"1";"да";"Северо-Восточный административный округ";"район Марфино";"37.57604363";"55.84403621";"подземный";"Окружная";"Люблинско-Дмитровская линия";"не является объектом культурного наследия";"открытие в 05:30:00; закрытие в 01:00:00; первый поезд по 1 пути в 05:45:00, по 2 пути в 05:50:00; последний поезд по 1 пути в 01:15:00, по 2 пути в 01:56:00";"открытие в 05:30:00; закрытие в 01:00:00; первый поезд по 1 пути в 05:46:00, по 2 пути в 05:50:00; последний поезд по 1 пути в 01:15:00, по 2 пути в 01:56:00";"";"";"4";"[{global_id=3221, RepairOfEscalators=19.06.2023-23.06.2023}, {global_id=3398, RepairOfEscalators=06.10.2023-06.11.2023}, {global_id=3420, RepairOfEscalators=01.11.2023-30.12.2023}, {global_id=3557, RepairOfEscalators=05.02.2024-07.02.2024}, {global_id=3655, RepairOfEscalators=03.04.2024-31.07.2024}]";"действует";"[Geometry[type=Point, coordinates=[37.57604363, 55.84403621]]]";"{type=Point, coordinates=[37.57604363, 55.84403621]}";"859914553";
"";"";"Верхние Лихоборы, вход-выход 4 в вестибюль 1";"4";"да";"Северный административный округ";"район Западное Дегунино";"37.56124892";"55.85451688";"подземный";"Верхние Лихоборы";"Люблинско-Дмитровская линия";"не является объектом культурного наследия";"открытие в 05:30:00; закрытие в 01:00:00; первый поезд по 1 пути в 05:51:00, по 2 пути в 05:44:00; последний поезд по 1 пути в 01:13:00, по 2 пути в 01:58:00";"открытие в 05:30:00; закрытие в 01:00:00; первый поезд по 1 пути в 05:51:00, по 2 пути в 05:44:00; последний поезд по 1 пути в 01:13:00, по 2 пути в 01:58:00";"";"";"5";"[{global_id=3176, RepairOfEscalators=25.05.2023-31.01.2024}]";"действует";"[Geometry[type=Point, coordinates=[37.56124892, 55.85451688]]]";"{type=Point, coordinates=[37.56124892, 55.85451688]}";"859914565";
"";"";"Верхние Лихоборы, вход-выход 1 в вестибюль 2";"1";"да";"Северный административный округ";"район Западное Дегунино";"37.55939967";"55.85735093";"подземный";"Верхние Лихоборы";"Люблинско-Дмитровская линия";"не является объектом культурного наследия";"открытие в 05:30:00; закрытие в 01:00:00; первый поезд по 1 пути в 05:51:00, по 2 пути в 05:44:00; последний поезд по 1 пути в 01:13:00, по 2 пути в 01:58:00";"открытие в 05:30:00; закрытие в 01:00:00; первый поезд по 1 пути в 05:51:00, по 2 пути в 05:44:00; последний поезд по 1 пути в 01:13:00, по 2 пути в 01:58:00";"";"";"4";"[{global_id=3108, RepairOfEscalators=27.02.2023-24.05.2023}]";"действует";"[Geometry[type=Point, coordinates=[37.55939967, 55.85735093]]]";"{type=Point, coordinates=[37.55939967, 55.85735093]}";"859914570";
"";"";"Верхние Лихоборы, вход-выход 2 в вестибюль 2";"2";"да";"Северный административный округ";"Бескудниковский район";"37.55996293";"55.85777635";"подземный";"Верхние Лихоборы";"Люблинско-Дмитровская линия";"не является объектом культурного наследия";"открытие в 05:30:00; закрытие в 01:00:00; первый поезд по 1 пути в 05:51:00, по 2 пути в 05:44:00; последний поезд по 1 пути в 01:13:00, по 2 пути в 01:58:00";"открытие в 05:30:00; закрытие в 01:00:00; первый поезд по 1 пути в 05:51:00, по 2 пути в 05:44:00; последний поезд по 1 пути в 01:13:00, по 2 пути в 01:58:00";"";"";"4";"[{global_id=3112, RepairOfEscalators=27.02.2023-24.05.2023}]";"действует";"[Geometry[type=Point, coordinates=[37.55996293, 55.85777635]]]";"{type=Point, coordinates=[37.55996293, 55.85777635]}";"859914597";
"";"";"Верхние Лихоборы, вход-выход 3 в вестибюль 2";"3";"да";"Северный административный округ";"Бескудниковский район";"37.56066031";"55.85752291";"подземный";"Верхние Лихоборы";"Люблинско-Дмитровская линия";"не является объектом культурного наследия";"открытие в 05:30:00; закрытие в 01:00:00; первый поезд по 1 пути в 05:51:00, по 2 пути в 05:44:00; последний поезд по 1 пути в 01:13:00, по 2 пути в 01:58:00";"открытие в 05:30:00; закрытие в 01:00:00; первый поезд по 1 пути в 05:51:00, по 2 пути в 05:44:00; последний поезд по 1 пути в 01:13:00, по 2 пути в 01:58:00";"";"";"4";"[{global_id=3113, RepairOfEscalators=27.02.2023-24.05.2023}]";"действует";"[Geometry[type=Point, coordinates=[37.56066031, 55.85752291]]]";"{type=Point, coordinates=[37.56066031, 55.85752291]}";"859914619";
"";"";"Селигерская, вход-выход 3 в вестибюль 1";"3";"да";"Северный административный округ";"Бескудниковский район";"37.54815018";"55.86562850";"подземный";"Селигерская";"Люблинско-Дмитровская линия";"не является объектом культурного наследия";"открытие в 05:30:00; закрытие в 01:00:00; первый поезд по 1 пути в 05:48:00, по 2 пути в 05:47:00; последний поезд по 1 пути в 01:11:00, по 2 пути в 02:00:00";"открытие в 05:30:00; закрытие в 01:00:00; первый поезд по 1 пути в 05:48:00, по 2 пути в 05:47:00; последний поезд по 1 пути в 01:11:00, по 2 пути в 02:00:00";"";"";"7";"[{global_id=3020, RepairOfEscalators=25.11.2022-05.12.2022}, {global_id=3095, RepairOfEscalators=10.02.2023-20.02.2023}, {global_id=3183, RepairOfEscalators=19.04.2023-24.04.2023}, {global_id=3511, RepairOfEscalators=19.12.2023-23.12.2023}, {global_id=3678, RepairOfEscalators=15.04.2024-26.04.2024}, {global_id=3910, RepairOfEscalators=20.07.2024-24.09.2024}]";"действует";"[Geometry[type=Point, coordinates=[37.54815018, 55.8656285]]]";"{type=Point, coordinates=[37.54815018, 55.8656285]}";"859914634";
"";"";"Селигерская, вход-выход 4 в вестибюль 1";"4";"да";"Северный административный округ";"Бескудниковский район";"37.54630482";"55.86523937";"подземный";"Селигерская";"Люблинско-Дмитровская линия";"не является объектом культурного наследия";"открытие в 05:30:00; закрытие в 01:00:00; первый поезд по 1 пути в 05:48:00, по 2 пути в 05:47:00; последний поезд по 1 пути в 01:11:00, по 2 пути в 02:00:00";"открытие в 05:30:00; закрытие в 01:00:00; первый поезд по 1 пути в 05:48:00, по 2 пути в 05:47:00; последний поезд по 1 пути в 01:11:00, по 2 пути в 02:00:00";"";"";"7";"[{global_id=3021, RepairOfEscalators=25.11.2022-05.12.2022}, {global_id=3096, RepairOfEscalators=10.02.2023-20.02.2023}, {global_id=3184, RepairOfEscalators=19.04.2023-24.04.2023}, {global_id=3512, RepairOfEscalators=19.12.2023-23.12.2023}, {global_id=3679, RepairOfEscalators=15.04.2024-26.04.2024}, {global_id=3911, RepairOfEscalators=20.07.2024-24.09.2024}]";"действует";"[Geometry[type=Point, coordinates=[37.54630482, 55.86523937]]]";"{type=Point, coordinates=[37.54630482, 55.86523937]}";"859914643";
"";"";"Селигерская, вход-выход 1 в вестибюль 2";"1";"да";"Северный административный округ";"Бескудниковский район";"37.54604663";"55.86713422";"подземный";"Селигерская";"Люблинско-Дмитровская линия";"не является объектом культурного наследия";"открытие в 05:30:00; закрытие в 01:00:00; первый поезд по 1 пути в 05:48:00, по 2 пути в 05:47:00; последний поезд по 1 пути в 01:11:00, по 2 пути в 02:00:00";"открытие в 05:30:00; закрытие в 01:00:00; первый поезд по 1 пути в 05:48:00, по 2 пути в 05:47:00; последний поезд по 1 пути в 01:11:00, по 2 пути в 02:00:00";"";"";"4";"[{global_id=3022, RepairOfEscalators=11.11.2022-16.12.2022}, {global_id=3163, RepairOfEscalators=05.04.2023-10.04.2023}, {global_id=3600, RepairOfEscalators=13.03.2024-20.03.2024}]";"действует";"[Geometry[type=Point, coordinates=[37.54604663, 55.86713422]]]";"{type=Point, coordinates=[37.54604663, 55.86713422]}";"859914656";
"";"";"Селигерская, вход-выход 2 в вестибюль 2";"2";"да";"Северный административный округ";"Бескудниковский район";"37.54601444";"55.86760879";"подземный";"Селигерская";"Люблинско-Дмитровская линия";"не является объектом культурного наследия";"открытие в 05:30:00; закрытие в 01:00:00; первый поезд по 1 пути в 05:48:00, по 2 пути в 05:47:00; последний поезд по 1 пути в 01:11:00, по 2 пути в 02:00:00";"открытие в 05:30:00; закрытие в 01:00:00; первый поезд по 1 пути в 05:48:00, по 2 пути в 05:47:00; последний поезд по 1 пути в 01:11:00, по 2 пути в 02:00:00";"";"";"4";"[{global_id=3023, RepairOfEscalators=11.11.2022-16.12.2022}, {global_id=3098, RepairOfEscalators=05.04.2023-10.04.2023}, {global_id=3182, RepairOfEscalators=19.04.2023-24.04.2023}, {global_id=3601, RepairOfEscalators=13.03.2024-20.03.2024}]";"действует";"[Geometry[type=Point, coordinates=[37.54601444, 55.86760879]]]";"{type=Point, coordinates=[37.54601444, 55.86760879]}";"859914666";
"";"";"Мичуринский проспект, вход-выход 1";"1";"да";"Западный административный округ";"район Раменки";"37.48349007";"55.68965792";"наземный отдельностоящий";"Мичуринский проспект";"Солнцевская линия";"не является объектом культурного наследия";"открытие в 05:30:00; закрытие в 01:00:00; первый поезд по 1 пути в 05:47:00, по 2 пути в 05:49:00; последний поезд по 1 пути в 01:21:00, по 2 пути в 01:27:00";"открытие в 05:30:00; закрытие в 01:00:00; первый поезд по 1 пути в 05:47:00; по 2 пути в 05:52:00, последний поезд по 1 пути в 01:21:00, по 2 пути в 01:27:00";"";"";"3";"[]";"действует";"[Geometry[type=Point, coordinates=[37.48349007, 55.68965792]]]";"{type=Point, coordinates=[37.48349007, 55.68965792]}";"886135271";
"";"";"Озерная, вход-выход 3, вестибюль 1";"3";"да";"Западный административный округ";"район Очаково-Матвеевское";"37.45015694";"55.67138372";"подземный";"Озёрная";"Солнцевская линия";"не является объектом культурного наследия";"открытие в 05:30:00; закрытие в 01:00:00; первый поезд по 1 пути в 05:51:00, по 2 пути в 05:44:00, последний поезд по 1 пути в 01:25:00, по 2 пути в 01:23:00";"открытие в 05:30:00; закрытие в 01:00:00; первый поезд по 1 пути в 05:51:00, по 2 пути в 05:47:00, последний поезд по 1 пути в 01:25:00, по 2 пути в 01:23:00";"";"";"3";"[]";"действует";"[Geometry[type=Point, coordinates=[37.45015694, 55.67138372]]]";"{type=Point, coordinates=[37.45015694, 55.67138372]}";"886135291";
"";"";"Озерная, вход-выход 4, вестибюль 1";"4";"да";"Западный административный округ";"район Очаково-Матвеевское";"37.45070143";"55.67162019";"подземный";"Озёрная";"Солнцевская линия";"не является объектом культурного наследия";"открытие в 05:30:00; закрытие в 01:00:00; первый поезд по 1 пути в 05:51:00, по 2 пути в 05:44:00, последний поезд по 1 пути в 01:25:00, по 2 пути в 01:23:00";"открытие в 05:30:00; закрытие в 01:00:00; первый поезд по 1 пути в 05:51:00, по 2 пути в 05:47:00, последний поезд по 1 пути в 01:25:00, по 2 пути в 01:23:00";"";"";"3";"[]";"действует";"[Geometry[type=Point, coordinates=[37.45070143, 55.67162019]]]";"{type=Point, coordinates=[37.45070143, 55.67162019]}";"886135317";
"";"";"Озерная, вход-выход 2, вестибюль 1";"2";"да";"Западный административный округ";"район Тропарёво-Никулино";"37.45122446";"55.67064701";"подземный";"Озёрная";"Солнцевская линия";"не является объектом культурного наследия";"открытие в 05:30:00; закрытие в 01:00:00; первый поезд по 1 пути в 05:51:00, по 2 пути в 05:44:00, последний поезд по 1 пути в 01:25:00, по 2 пути в 01:23:00";"открытие в 05:30:00; закрытие в 01:00:00; первый поезд по 1 пути в 05:51:00, по 2 пути в 05:47:00, последний поезд по 1 пути в 01:25:00, по 2 пути в 01:23:00";"";"";"3";"[]";"действует";"[Geometry[type=Point, coordinates=[37.45122446, 55.67064701]]]";"{type=Point, coordinates=[37.45122446, 55.67064701]}";"886135393";
"";"";"Озерная, вход-выход 1, вестибюль 2";"1";"да";"Западный административный округ";"район Очаково-Матвеевское";"37.44760788";"55.67041290";"подземный";"Озёрная";"Солнцевская линия";"не является объектом культурного наследия";"открытие в 05:30:00; закрытие в 01:00:00; первый поезд по 1 пути в 05:51:00, по 2 пути в 05:44:00, последний поезд по 1 пути в 01:25:00, по 2 пути в 01:23:00";"открытие в 05:30:00; закрытие в 01:00:00; первый поезд по 1 пути в 05:51:00, по 2 пути в 05:47:00, последний поезд по 1 пути в 01:25:00, по 2 пути в 01:23:00";"";"";"3";"[]";"действует";"[Geometry[type=Point, coordinates=[37.44760788, 55.6704129]]]";"{type=Point, coordinates=[37.44760788, 55.6704129]}";"886135443";
"";"";"Говорово, вход-выход 3 в вестибюль 1";"3";"да";"Западный административный округ";"район Солнцево";"37.41879596";"55.65933933";"подземный";"Говорово";"Солнцевская линия";"не является объектом культурного наследия";"открытие в 05:30:00, закрытие в 01:00:00, первый поезд по 1 пути в 05:48:00, по 2 пути в 05:49:00, последний поезд по 1 пути в 01:28:00, по 2 пути в 01:20:00";"открытие в 05:30:00, закрытие в 01:00:00, первый поезд по 1 пути в 05:48:00, по 2 пути в 05:43:00, последний поезд по 1 пути в 01:28:00, по 2 пути в 01:20:00";"";"";"3";"[]";"действует";"[Geometry[type=Point, coordinates=[37.41879596, 55.65933933]]]";"{type=Point, coordinates=[37.41879596, 55.65933933]}";"886135457";
"";"";"Говорово, вход-выход 4 в вестибюль 1";"4";"да";"Западный административный округ";"район Солнцево";"37.41789205";"55.65935449";"подземный";"Говорово";"Солнцевская линия";"не является объектом культурного наследия";"открытие в 05:30:00, закрытие в 01:00:00, первый поезд по 1 пути в 05:48:00, по 2 пути в 05:49:00, последний поезд по 1 пути в 01:28:00, по 2 пути в 01:20:00";"открытие в 05:30:00, закрытие в 01:00:00, первый поезд по 1 пути в 05:48:00, по 2 пути в 05:43:00, последний поезд по 1 пути в 01:28:00, по 2 пути в 01:20:00";"";"";"3";"[]";"действует";"[Geometry[type=Point, coordinates=[37.41789205, 55.65935449]]]";"{type=Point, coordinates=[37.41789205, 55.65935449]}";"886135472";
"";"";"Говорово, вход-выход 2 в вестибюль 2";"2";"да";"Западный административный округ";"район Солнцево";"37.41563632";"55.65936359";"подземный";"Говорово";"Солнцевская линия";"не является объектом культурного наследия";"открытие в 05:30:00, закрытие в 01:00:00, первый поезд по 1 пути в 05:48:00, по 2 пути в 05:49:00, последний поезд по 1 пути в 01:28:00, по 2 пути в 01:20:00";"открытие в 05:30:00, закрытие в 01:00:00, первый поезд по 1 пути в 05:48:00, по 2 пути в 05:43:00, последний поезд по 1 пути в 01:28:00, по 2 пути в 01:20:00";"";"";"3";"[]";"действует";"[Geometry[type=Point, coordinates=[37.41563632, 55.65936359]]]";"{type=Point, coordinates=[37.41563632, 55.65936359]}";"886135482";
"";"";"Говорово, вход-выход 1 в вестибюль 2";"1";"да";"Западный административный округ";"район Солнцево";"37.41621031";"55.65938482";"подземный";"Говорово";"Солнцевская линия";"не является объектом культурного наследия";"открытие в 05:30:00, закрытие в 01:00:00, первый поезд по 1 пути в 05:48:00, по 2 пути в 05:49:00, последний поезд по 1 пути в 01:28:00, по 2 пути в 01:20:00";"открытие в 05:30:00, закрытие в 01:00:00, первый поезд по 1 пути в 05:48:00, по 2 пути в 05:43:00, последний поезд по 1 пути в 01:28:00, по 2 пути в 01:20:00";"";"";"3";"[]";"действует";"[Geometry[type=Point, coordinates=[37.41621031, 55.65938482]]]";"{type=Point, coordinates=[37.41621031, 55.65938482]}";"886135498";
"";"";"Солнцево, вход-выход 4 в вестибюль 2";"4";"да";"Западный административный округ";"район Солнцево";"37.39204021";"55.65021011";"подземный";"Солнцево";"Солнцевская линия";"не является объектом культурного наследия";"открытие в 05:30:00, закрытие в 01:00:00, первый поезд по 1 пути в 05:51:00, по 2 пути в 05:50:00, последний поезд по 1 пути в 01:31:00, по 2 пути в 01:17:00";"открытие в 05:30:00, закрытие в 01:00:00, первый поезд по 1 пути в 05:51:00, по 2 пути в 05:50:00, последний поезд по 1 пути в 01:31:00, по 2 пути в 01:17:00";"";"";"3";"[]";"действует";"[Geometry[type=Point, coordinates=[37.39204021, 55.65021011]]]";"{type=Point, coordinates=[37.39204021, 55.65021011]}";"886135518";
"";"";"Солнцево, вход-выход 2 в вестибюль 1";"2";"да";"Западный административный округ";"район Солнцево";"37.38984080";"55.64856601";"подземный";"Солнцево";"Солнцевская линия";"не является объектом культурного наследия";"открытие в 05:30:00, закрытие в 01:00:00, первый поезд по 1 пути в 05:51:00, по 2 пути в 05:50:00, последний поезд по 1 пути в 01:31:00, по 2 пути в 01:17:00";"открытие в 05:30:00, закрытие в 01:00:00, первый поезд по 1 пути в 05:51:00, по 2 пути в 05:50:00, последний поезд по 1 пути в 01:31:00, по 2 пути в 01:17:00";"";"";"3";"[]";"действует";"[Geometry[type=Point, coordinates=[37.3898408, 55.64856601]]]";"{type=Point, coordinates=[37.3898408, 55.64856601]}";"886135534";
"";"";"Солнцево, вход-выход 1 в вестибюль 1";"1";"да";"Западный административный округ";"район Солнцево";"37.39030750";"55.64839310";"подземный";"Солнцево";"Солнцевская линия";"не является объектом культурного наследия";"открытие в 05:30:00, закрытие в 01:00:00, первый поезд по 1 пути в 05:51:00, по 2 пути в 05:50:00, последний поезд по 1 пути в 01:31:00, по 2 пути в 01:17:00";"открытие в 05:30:00, закрытие в 01:00:00, первый поезд по 1 пути в 05:51:00, по 2 пути в 05:50:00, последний поезд по 1 пути в 01:31:00, по 2 пути в 01:17:00";"";"";"3";"[]";"действует";"[Geometry[type=Point, coordinates=[37.3903075, 55.6483931]]]";"{type=Point, coordinates=[37.3903075, 55.6483931]}";"886135571";
"";"";"Боровское шоссе, вход-выход 3, вестибюль 2";"3";"да";"Западный административный округ";"район Ново-Переделкино";"37.37181963";"55.64841095";"подземный";"Боровское шоссе";"Солнцевская линия";"не является объектом культурного наследия";"открытие в 05:30:00, закрытие в 01:00:00, первый поезд по 1 пути в 05:40:00, по 2 пути в 05:47:00, последний поезд по 1 пути в 01:34:00, по 2 пути в 01:14:00";"открытие в 05:30:00, закрытие в 01:00:00, первый поезд по 1 пути в 05:40:00, по 2 пути в 05:47:00, последний поезд по 1 пути в 01:34:00, по 2 пути в 01:14:00";"";"";"3";"[]";"действует";"[Geometry[type=Point, coordinates=[37.37181963, 55.64841095]]]";"{type=Point, coordinates=[37.37181963, 55.64841095]}";"886135588";
"";"";"Боровское шоссе, вход-выход 1 в вестибюль 1";"1";"да";"Западный административный округ";"район Ново-Переделкино";"37.36859628";"55.64710094";"подземный";"Боровское шоссе";"Солнцевская линия";"не является объектом культурного наследия";"открытие в 05:30:00, закрытие в 01:00:00, первый поезд по 1 пути в 05:40:00, по 2 пути в 05:47:00, последний поезд по 1 пути в 01:34:00, по 2 пути в 01:14:00";"открытие в 05:30:00, закрытие в 01:00:00, первый поезд по 1 пути в 05:40:00, по 2 пути в 05:47:00, последний поезд по 1 пути в 01:34:00, по 2 пути в 01:14:00";"";"";"3";"[]";"действует";"[Geometry[type=Point, coordinates=[37.36859628, 55.64710094]]]";"{type=Point, coordinates=[37.36859628, 55.64710094]}";"886135614";
"";"";"Новопеределкино, вход-выход 3 в вестибюль 2";"3";"да";"Западный административный округ";"район Ново-Переделкино";"37.35648789";"55.64068791";"подземный";"Новопеределкино";"Солнцевская линия";"не является объектом культурного наследия";"открытие в 05:30:00, закрытие в 01:00:00, первый поезд по 1 пути в 05:43:00, по 2 пути в 05:45:00, последний поезд по 1 пути в 01:36:00, по 2 пути в 01:12:00";"открытие в 05:30:00, закрытие в 01:00:00, первый поезд по 1 пути в 05:42:00, по 2 пути в 05:45:00, последний поезд по 1 пути в 01:36:00, по 2 пути в 01:12:00";"";"";"3";"[]";"действует";"[Geometry[type=Point, coordinates=[37.35648789, 55.64068791]]]";"{type=Point, coordinates=[37.35648789, 55.64068791]}";"886135618";
"";"";"Новопеределкино, вход-выход 4 в вестибюль 2";"4";"да";"Западный административный округ";"район Ново-Переделкино";"37.35632160";"55.64008470";"подземный";"Новопеределкино";"Солнцевская линия";"не является объектом культурного наследия";"открытие в 05:30:00, закрытие в 01:00:00, первый поезд по 1 пути в 05:43:00, по 2 пути в 05:45:00, последний поезд по 1 пути в 01:36:00, по 2 пути в 01:12:00";"открытие в 05:30:00, закрытие в 01:00:00, первый поезд по 1 пути в 05:42:00, по 2 пути в 05:45:00, последний поезд по 1 пути в 01:36:00, по 2 пути в 01:12:00";"";"";"3";"[]";"действует";"[Geometry[type=Point, coordinates=[37.3563216, 55.6400847]]]";"{type=Point, coordinates=[37.3563216, 55.6400847]}";"886135644";
"";"";"Новопеределкино, вход-выход 2 в вестибюль 1";"2";"да";"Западный административный округ";"район Ново-Переделкино";"37.35352528";"55.63884426";"подземный";"Новопеределкино";"Солнцевская линия";"не является объектом культурного наследия";"открытие в 05:30:00, закрытие в 01:00:00, первый поезд по 1 пути в 05:43:00, по 2 пути в 05:45:00, последний поезд по 1 пути в 01:36:00, по 2 пути в 01:12:00";"открытие в 05:30:00, закрытие в 01:00:00, первый поезд по 1 пути в 05:42:00, по 2 пути в 05:45:00, последний поезд по 1 пути в 01:36:00, по 2 пути в 01:12:00";"";"";"3";"[]";"действует";"[Geometry[type=Point, coordinates=[37.35352528, 55.63884426]]]";"{type=Point, coordinates=[37.35352528, 55.63884426]}";"886135664";
"";"";"Новопеределкино, вход-выход 1 в вестибюль 1";"1";"да";"Западный административный округ";"район Ново-Переделкино";"37.35396854";"55.63861048";"подземный";"Новопеределкино";"Солнцевская линия";"не является объектом культурного наследия";"открытие в 05:30:00, закрытие в 01:00:00, первый поезд по 1 пути в 05:43:00, по 2 пути в 05:45:00, последний поезд по 1 пути в 01:36:00, по 2 пути в 01:12:00";"открытие в 05:30:00, закрытие в 01:00:00, первый поезд по 1 пути в 05:42:00, по 2 пути в 05:45:00, последний поезд по 1 пути в 01:36:00, по 2 пути в 01:12:00";"";"";"3";"[]";"действует";"[Geometry[type=Point, coordinates=[37.35396854, 55.63861048]]]";"{type=Point, coordinates=[37.35396854, 55.63861048]}";"886135675";
"";"";"Рассказовка, вход-выход 3, вестибюль 1";"3";"да";"Новомосковский административный округ";"район Внуково";"37.33470057";"55.63422396";"подземный";"Рассказовка";"Солнцевская линия";"не является объектом культурного наследия";"открытие в 05:30:00; закрытие в 01:00:00; первый поезд по 1 пути в 05:43:00, по 2 пути в 05:42:00; последний поезд по 1 пути в 01:38:00, по 2 пути в 01:10:00";"открытие в 05:30:00; закрытие в 01:00:00; первый поезд по 1 пути в 05:45:00, по 2 пути в 05:42:00; последний поезд по 1 пути в 01:38:00, по 2 пути в 01:10:00";"";"";"4";"[]";"действует";"[Geometry[type=Point, coordinates=[37.33470057, 55.63422396]]]";"{type=Point, coordinates=[37.33470057, 55.63422396]}";"886135690";
"";"";"Рассказовка, вход-выход 4, вестибюль 2";"4";"да";"Новомосковский административный округ";"район Внуково";"37.33559643";"55.63436109";"подземный";"Рассказовка";"Солнцевская линия";"не является объектом культурного наследия";"открытие в 05:30:00; закрытие в 01:00:00; первый поезд по 1 пути в 05:43:00, по 2 пути в 05:42:00; последний поезд по 1 пути в 01:38:00, по 2 пути в 01:10:00";"открытие в 05:30:00; закрытие в 01:00:00; первый поезд по 1 пути в 05:45:00, по 2 пути в 05:42:00; последний поезд по 1 пути в 01:38:00, по 2 пути в 01:10:00";"";"";"4";"[]";"действует";"[Geometry[type=Point, coordinates=[37.33559643, 55.63436109]]]";"{type=Point, coordinates=[37.33559643, 55.63436109]}";"886135701";
"";"";"Рассказовка, вход-выход 5, вестибюль 2";"5";"да";"Новомосковский административный округ";"район Внуково";"37.33651175";"55.63449838";"подземный";"Рассказовка";"Солнцевская линия";"не является объектом культурного наследия";"открытие в 05:30:00; закрытие в 01:00:00; первый поезд по 1 пути в 05:43:00, по 2 пути в 05:42:00; последний поезд по 1 пути в 01:38:00, по 2 пути в 01:10:00";"открытие в 05:30:00; закрытие в 01:00:00; первый поезд по 1 пути в 05:45:00, по 2 пути в 05:42:00; последний поезд по 1 пути в 01:38:00, по 2 пути в 01:10:00";"";"";"4";"[]";"действует";"[Geometry[type=Point, coordinates=[37.33651175, 55.63449838]]]";"{type=Point, coordinates=[37.33651175, 55.63449838]}";"886135715";
"";"";"Рассказовка, вход-выход 1, вестибюль 1";"1";"да";"Новомосковский административный округ";"район Внуково";"37.33275328";"55.63390230";"подземный";"Рассказовка";"Солнцевская линия";"не является объектом культурного наследия";"открытие в 05:30:00; закрытие в 01:00:00; первый поезд по 1 пути в 05:43:00, по 2 пути в 05:42:00; последний поезд по 1 пути в 01:38:00, по 2 пути в 01:10:00";"открытие в 05:30:00; закрытие в 01:00:00; первый поезд по 1 пути в 05:45:00, по 2 пути в 05:42:00; последний поезд по 1 пути в 01:38:00, по 2 пути в 01:10:00";"";"";"4";"[]";"действует";"[Geometry[type=Point, coordinates=[37.33275328, 55.6339023]]]";"{type=Point, coordinates=[37.33275328, 55.6339023]}";"886135751";
"";"";"Рассказовка, вход-выход 2, вестибюль 1";"2";"да";"Новомосковский административный округ";"район Внуково";"37.33360623";"55.63403885";"подземный";"Рассказовка";"Солнцевская линия";"не является объектом культурного наследия";"открытие в 05:30:00; закрытие в 01:00:00; первый поезд по 1 пути в 05:43:00, по 2 пути в 05:42:00; последний поезд по 1 пути в 01:38:00, по 2 пути в 01:10:00";"открытие в 05:30:00; закрытие в 01:00:00; первый поезд по 1 пути в 05:45:00, по 2 пути в 05:42:00; последний поезд по 1 пути в 01:38:00, по 2 пути в 01:10:00";"";"";"4";"[]";"действует";"[Geometry[type=Point, coordinates=[37.33360623, 55.63403885]]]";"{type=Point, coordinates=[37.33360623, 55.63403885]}";"886135788";
"";"";"Беломорская, вход-выход 1";"1";"да";"Северный административный округ";"район Левобережный";"37.47512280";"55.86523308";"подземный";"Беломорская";"Замоскворецкая линия";"не является объектом культурного наследия";"открытие в 05:30:00, закрытие в 01:00:00, первый поезд по 1 пути в 05:53:00, по 2 пути в 05:56:00; последний поезд по 1 пути в 02:04:00, по 2 пути в 01:05:00";"открытие в 05:30:00, закрытие в 01:00:00, первый поезд по 1 пути в 05:50:00, по 2 пути в 05:44:00; последний поезд по 1 пути в 02:04:00, по 2 пути в 01:05:00";"";"";"7";"[]";"действует";"[Geometry[type=Point, coordinates=[37.4751228, 55.86523308]]]";"{type=Point, coordinates=[37.4751228, 55.86523308]}";"904474390";
"";"";"Беломорская, вход-выход 2";"2";"да";"Северный административный округ";"район Левобережный";"37.47622787";"55.86548044";"подземный";"Беломорская";"Замоскворецкая линия";"не является объектом культурного наследия";"открытие в 05:30:00, закрытие в 01:00:00, первый поезд по 1 пути в 05:53:00, по 2 пути в 05:56:00; последний поезд по 1 пути в 02:04:00, по 2 пути в 01:05:00";"открытие в 05:30:00, закрытие в 01:00:00, первый поезд по 1 пути в 05:50:00, по 2 пути в 05:44:00; последний поезд по 1 пути в 02:04:00, по 2 пути в 01:05:00";"";"";"7";"[]";"действует";"[Geometry[type=Point, coordinates=[37.47622787, 55.86548044]]]";"{type=Point, coordinates=[37.47622787, 55.86548044]}";"904474391";
"";"";"Зорге, вход-выход 1";"1";"да";"Северо-Западный административный округ";"район Хорошёво-Мнёвники";"37.50255536";"55.78900852";"наземный отдельностоящий";"Зорге";"Московское центральное кольцо";"не является объектом культурного наследия";"открытие в 05:30:00, закрытие в 01:00:00, первый поезд по 1 пути в 06:08:00, по 2 пути в 05:35:00; последний поезд по 1 пути в 23:36:00, по 2 пути в 22:55:00";"открытие в 05:30:00, закрытие в 01:00:00, первый поезд по 1 пути в 06:08:00, по 2 пути в 05:35:00; последний поезд по 1 пути в 23:36:00, по 2 пути в 22:55:00";"";"";"2";"[{global_id=2990, RepairOfEscalators=15.02.2023-30.06.2023}, {global_id=3275, RepairOfEscalators=29.08.2023-02.02.2024}]";"действует";"[Geometry[type=Point, coordinates=[37.50255536, 55.78900852]]]";"{type=Point, coordinates=[37.50255536, 55.78900852]}";"906044451";
"";"";"Зорге, вход-выход 2";"2";"да";"Северный административный округ";"Хорошёвский район";"37.50700247";"55.78939238";"наземный отдельностоящий";"Зорге";"Московское центральное кольцо";"не является объектом культурного наследия";"открытие в 05:30:00, закрытие в 01:00:00, первый поезд по 1 пути в 06:08:00, по 2 пути в 05:35:00; последний поезд по 1 пути в 23:36:00, по 2 пути в 22:55:00";"открытие в 05:30:00, закрытие в 01:00:00, первый поезд по 1 пути в 06:08:00, по 2 пути в 05:35:00; последний поезд по 1 пути в 23:36:00, по 2 пути в 22:55:00";"";"";"2";"[{global_id=3024, RepairOfEscalators=10.11.2023-01.12.2023}, {global_id=3276, RepairOfEscalators=29.08.2023-02.02.2024}]";"действует";"[Geometry[type=Point, coordinates=[37.50700247, 55.78939238]]]";"{type=Point, coordinates=[37.50700247, 55.78939238]}";"906044607";
"";"";"Панфиловская, вход-выход 1";"1";"да";"Северо-Западный административный округ";"район Щукино";"37.49844660";"55.79725283";"наземный отдельностоящий";"Панфиловская";"Московское центральное кольцо";"не является объектом культурного наследия";"открытие в 05:25:00, закрытие в 01:00:00, первый поезд по 1 пути в 06:11:00, по 2 пути в 05:32:00; последний поезд по 1 пути в 23:53:00, по 2 пути в 22:53:00";"открытие в 05:25:00, закрытие в 01:00:00, первый поезд по 1 пути в 06:11:00, по 2 пути в 05:32:00; последний поезд по 1 пути в 23:53:00, по 2 пути в 22:53:00";"";"";"2";"[{global_id=3060, RepairOfEscalators=03.12.2022-01.05.2023}, {global_id=3615, RepairOfEscalators=13.03.2024-13.04.2024}]";"действует";"[Geometry[type=Point, coordinates=[37.4984466, 55.79725283]]]";"{type=Point, coordinates=[37.4984466, 55.79725283]}";"906044609";
"";"";"Панфиловская, вход-выход 2";"2";"да";"Северный административный округ";"район Сокол";"37.49988963";"55.79842228";"наземный отдельностоящий";"Панфиловская";"Московское центральное кольцо";"не является объектом культурного наследия";"открытие в 05:25:00, закрытие в 01:00:00, первый поезд по 1 пути в 06:11:00, по 2 пути в 05:32:00; последний поезд по 1 пути в 23:53:00, по 2 пути в 22:53:00";"открытие в 05:25:00, закрытие в 01:00:00, первый поезд по 1 пути в 06:11:00, по 2 пути в 05:32:00; последний поезд по 1 пути в 23:53:00, по 2 пути в 22:53:00";"";"";"2";"[{global_id=3616, RepairOfEscalators=13.03.2024-13.04.2024}]";"действует";"[Geometry[type=Point, coordinates=[37.49988963, 55.79842228]]]";"{type=Point, coordinates=[37.49988963, 55.79842228]}";"906044634";
"";"";"Коптево, вход-выход 1";"1";"да";"Северный административный округ";"район Коптево";"37.52082510";"55.84096633";"наземный отдельностоящий";"Коптево";"Московское центральное кольцо";"не является объектом культурного наследия";"открытие в 05:25:00, закрытие в 01:00:00, первый поезд по 1 пути в 05:48:00, по 2 пути в 05:33:00; последний поезд по 1 пути в 23:04:00, по 2 пути в 23:15:00";"открытие в 05:25:00, закрытие в 01:00:00, первый поезд по 1 пути в 05:48:00, по 2 пути в 05:33:00; последний поезд по 1 пути в 23:04:00, по 2 пути в 23:15:00";"";"";"4";"[{global_id=2887, RepairOfEscalators=04.07.2022-30.12.2022}, {global_id=3333, RepairOfEscalators=01.02.2023-31.10.2023}, {global_id=3802, RepairOfEscalators=08.07.2024-25.08.2024}, {global_id=3879, RepairOfEscalators=12.09.2024-25.11.2024}]";"действует";"[Geometry[type=Point, coordinates=[37.5208251, 55.84096633]]]";"{type=Point, coordinates=[37.5208251, 55.84096633]}";"906044635";
"";"";"Коптево, вход-выход 2";"2";"да";"Северный административный округ";"район Коптево";"37.52269223";"55.83972101";"наземный отдельностоящий";"Коптево";"Московское центральное кольцо";"не является объектом культурного наследия";"открытие в 05:25:00, закрытие в 01:00:00, первый поезд по 1 пути в 05:48:00, по 2 пути в 05:32:00; последний поезд по 1 пути в 23:08:00, по 2 пути в 23:16:00";"открытие в 05:25:00, закрытие в 01:00:00, первый поезд по 1 пути в 05:48:00, по 2 пути в 05:32:00; последний поезд по 1 пути в 23:08:00, по 2 пути в 23:16:00";"";"";"0";"[{global_id=3083, RepairOfEscalators=01.02.2023-31.01.2024}, {global_id=3700, RepairOfEscalators=11.04.2024-30.04.2024}]";"действует";"[Geometry[type=Point, coordinates=[37.52269223, 55.83972101]]]";"{type=Point, coordinates=[37.52269223, 55.83972101]}";"906044636";
"";"";"Савеловская, вход-выход 1 в вестибюль 2";"1";"да";"Северо-Восточный административный округ";"Бутырский район";"37.58707948";"55.79407825";"наземный отдельностоящий";"Савёловская";"Большая кольцевая линия";"не является объектом культурного наследия";"открытие в 05:30:00; закрытие в 01:00:00; первый поезд по 1 пути в 05:43:00, по 2 пути в 05:49:00; последний поезд по 1 пути в 01:09:00 , по 2 пути в 01:13:00";"открытие в 05:30:00; закрытие в 01:00:00; первый поезд по 1 пути в 05:45:00, по 2 пути в 05:49:00; последний поезд по 1 пути в 01:09:00 , по 2 пути в 01:10:00";"";"";"3";"[]";"действует";"[Geometry[type=Point, coordinates=[37.58707948, 55.79407825]]]";"{type=Point, coordinates=[37.58707948, 55.79407825]}";"906044651";
"";"";"Савёловская, вход-выход 3 в вестибюль";"3";"да";"Северо-Восточный административный округ";"Бутырский район";"37.58979924";"55.79406438";"подземный";"Савёловская";"Серпуховско-Тимирязевская линия";"не является объектом культурного наследия";"открытие в 05:30:00; закрытие в 01:00:00; первый поезд по 1 пути в 06:00:00, по 2 пути в 05:39:00; последний поезд по 1 пути в 01:42:00, по 2 пути в 01:20:00";"открытие в 05:30:00; закрытие в 01:00:00; первый поезд по 1 пути в 06:00:00, по 2 пути в 05:39:00; последний поезд по 1 пути в 01:42:00, по 2 пути в 01:20:00";"";"";"9";"[{global_id=3025, RepairOfEscalators=13.09.2022-23.06.2023}]";"действует";"[Geometry[type=Point, coordinates=[37.58979924, 55.79406438]]]";"{type=Point, coordinates=[37.58979924, 55.79406438]}";"906044703";
"";"";"Лухмановская, вход-выход 4";"4";"да";"Восточный административный округ";"район Косино-Ухтомский";"37.89616637";"55.70943239";"подземный";"Лухмановская";"Некрасовская линия";"не является объектом культурного наследия";"открытие в 05:25:00, закрытие в 01:00:00, первый поезд по 1 пути в 05:33:00, по 2 пути в 05:31:00; последний поезд по 1 пути в 01:05:00, по 2 пути в 01:19:00";"открытие в 05:25:00, закрытие в 01:00:00, первый поезд по 1 пути в 05:33:00, по 2 пути в 05:31:00; последний поезд по 1 пути в 01:05:00, по 2 пути в 01:19:00";"";"";"3";"[]";"действует";"[Geometry[type=Point, coordinates=[37.89616637, 55.70943239]]]";"{type=Point, coordinates=[37.89616637, 55.70943239]}";"929924145";
"";"";"Лухмановская, вход-выход 3";"3";"да";"Восточный административный округ";"район Косино-Ухтомский";"37.89666526";"55.70970800";"подземный";"Лухмановская";"Некрасовская линия";"не является объектом культурного наследия";"открытие в 05:25:00, закрытие в 01:00:00, первый поезд по 1 пути в 05:33:00, по 2 пути в 05:31:00; последний поезд по 1 пути в 01:05:00, по 2 пути в 01:19:00";"открытие в 05:25:00, закрытие в 01:00:00, первый поезд по 1 пути в 05:33:00, по 2 пути в 05:31:00; последний поезд по 1 пути в 01:05:00, по 2 пути в 01:19:00";"";"";"3";"[]";"действует";"[Geometry[type=Point, coordinates=[37.89666526, 55.709708]]]";"{type=Point, coordinates=[37.89666526, 55.709708]}";"929924163";
"";"";"Лухмановская, вход-выход 2";"2";"да";"Восточный административный округ";"район Косино-Ухтомский";"37.89716415";"55.70966863";"подземный";"Лухмановская";"Некрасовская линия";"не является объектом культурного наследия";"открытие в 05:25:00, закрытие в 01:00:00, первый поезд по 1 пути в 05:33:00, по 2 пути в 05:31:00; последний поезд по 1 пути в 01:05:00, по 2 пути в 01:19:00";"открытие в 05:25:00, закрытие в 01:00:00, первый поезд по 1 пути в 05:33:00, по 2 пути в 05:31:00; последний поезд по 1 пути в 01:05:00, по 2 пути в 01:19:00";"";"";"3";"[]";"действует";"[Geometry[type=Point, coordinates=[37.89716415, 55.70966863]]]";"{type=Point, coordinates=[37.89716415, 55.70966863]}";"929924185";
"";"";"Лухмановская, вход-выход 1";"1";"да";"Восточный административный округ";"район Косино-Ухтомский";"37.90248029";"55.70823905";"подземный";"Лухмановская";"Некрасовская линия";"не является объектом культурного наследия";"открытие в 05:25:00, закрытие в 01:00:00, первый поезд по 1 пути в 05:33:00, по 2 пути в 05:31:00; последний поезд по 1 пути в 01:05:00, по 2 пути в 01:19:00";"открытие в 05:25:00, закрытие в 01:00:00, первый поезд по 1 пути в 05:33:00, по 2 пути в 05:31:00; последний поезд по 1 пути в 01:05:00, по 2 пути в 01:19:00";"";"";"3";"[]";"действует";"[Geometry[type=Point, coordinates=[37.90248029, 55.70823905]]]";"{type=Point, coordinates=[37.90248029, 55.70823905]}";"929925061";
"";"";"Некрасовка, вход-выход 1 в вестибюль";"1";"да";"Юго-Восточный административный округ";"район Некрасовка";"37.92909816";"55.70268563";"подземный";"Некрасовка";"Некрасовская линия";"не является объектом культурного наследия";"открытие в 05:30:00, закрытие в 01:00:00, первый поезд по 1 пути в 05:40:00, последний поезд по 1 пути в 01:03:00";"открытие в 05:30:00, закрытие в 01:00:00, первый поезд по 1 пути в 05:40:00, последний поезд по 1 пути в 01:03:00";"";"";"3";"[]";"действует";"[Geometry[type=Point, coordinates=[37.92909816, 55.70268563]]]";"{type=Point, coordinates=[37.92909816, 55.70268563]}";"929926594";
"";"";"Некрасовка, вход-выход 10 в вестибюль";"10";"да";"Юго-Восточный административный округ";"район Некрасовка";"37.92434755";"55.70384695";"подземный";"Некрасовка";"Некрасовская линия";"не является объектом культурного наследия";"открытие в 05:30:00, закрытие в 01:00:00, первый поезд по 1 пути в 05:40:00, последний поезд по 1 пути в 01:03:00";"открытие в 05:30:00, закрытие в 01:00:00, первый поезд по 1 пути в 05:40:00, последний поезд по 1 пути в 01:03:00";"";"";"4";"[{global_id=3235, RepairOfEscalators=13.06.2023-26.06.2023}]";"действует";"[Geometry[type=Point, coordinates=[37.92434755, 55.70384695]]]";"{type=Point, coordinates=[37.92434755, 55.70384695]}";"929926979";
"";"";"Некрасовка, вход-выход 11 в вестибюль";"11";"да";"Юго-Восточный административный округ";"район Некрасовка";"37.92537215";"55.70461389";"подземный";"Некрасовка";"Некрасовская линия";"не является объектом культурного наследия";"открытие в 05:30:00, закрытие в 01:00:00, первый поезд по 1 пути в 05:40:00, последний поезд по 1 пути в 01:03:00";"открытие в 05:30:00, закрытие в 01:00:00, первый поезд по 1 пути в 05:40:00, последний поезд по 1 пути в 01:03:00";"";"";"3";"[{global_id=3236, RepairOfEscalators=13.06.2023-26.06.2023}]";"действует";"[Geometry[type=Point, coordinates=[37.92537215, 55.70461389]]]";"{type=Point, coordinates=[37.92537215, 55.70461389]}";"929927037";
"";"";"Некрасовка, вход-выход 2 в вестибюль";"2";"да";"Юго-Восточный административный округ";"район Некрасовка";"37.93051437";"55.70195558";"подземный";"Некрасовка";"Некрасовская линия";"не является объектом культурного наследия";"открытие в 05:30:00, закрытие в 01:00:00, первый поезд по 1 пути в 05:40:00, последний поезд по 1 пути в 01:03:00";"открытие в 05:30:00, закрытие в 01:00:00, первый поезд по 1 пути в 05:40:00, последний поезд по 1 пути в 01:03:00";"";"";"3";"[]";"действует";"[Geometry[type=Point, coordinates=[37.93051437, 55.70195558]]]";"{type=Point, coordinates=[37.93051437, 55.70195558]}";"929927050";
"";"";"Некрасовка, вход-выход 3 в вестибюль";"3";"да";"Юго-Восточный административный округ";"район Некрасовка";"37.93018178";"55.70167688";"подземный";"Некрасовка";"Некрасовская линия";"не является объектом культурного наследия";"открытие в 05:30:00, закрытие в 01:00:00, первый поезд по 1 пути в 05:40:00, последний поезд по 1 пути в 01:03:00";"открытие в 05:30:00, закрытие в 01:00:00, первый поезд по 1 пути в 05:40:00, последний поезд по 1 пути в 01:03:00";"";"";"3";"[]";"действует";"[Geometry[type=Point, coordinates=[37.93018178, 55.70167688]]]";"{type=Point, coordinates=[37.93018178, 55.70167688]}";"929929844";
"";"";"Некрасовка, вход-выход 4 в вестибюль";"4";"да";"Юго-Восточный административный округ";"район Некрасовка";"37.92870656";"55.70244935";"подземный";"Некрасовка";"Некрасовская линия";"не является объектом культурного наследия";"открытие в 05:30:00, закрытие в 01:00:00, первый поезд по 1 пути в 05:40:00, последний поезд по 1 пути в 01:03:00";"открытие в 05:30:00, закрытие в 01:00:00, первый поезд по 1 пути в 05:40:00, последний поезд по 1 пути в 01:03:00";"";"";"3";"[]";"действует";"[Geometry[type=Point, coordinates=[37.92870656, 55.70244935]]]";"{type=Point, coordinates=[37.92870656, 55.70244935]}";"929929871";
"";"";"Некрасовка, вход-выход 5 в вестибюль";"5";"да";"Юго-Восточный административный округ";"район Некрасовка";"37.92692557";"55.70381609";"подземный";"Некрасовка";"Некрасовская линия";"не является объектом культурного наследия";"открытие в 05:30:00, закрытие в 01:00:00, первый поезд по 1 пути в 05:40:00, последний поезд по 1 пути в 01:03:00";"открытие в 05:30:00, закрытие в 01:00:00, первый поезд по 1 пути в 05:40:00, последний поезд по 1 пути в 01:03:00";"";"";"4";"[{global_id=3237, RepairOfEscalators=13.06.2023-26.06.2023}]";"действует";"[Geometry[type=Point, coordinates=[37.92692557, 55.70381609]]]";"{type=Point, coordinates=[37.92692557, 55.70381609]}";"929929894";
"";"";"Некрасовка, вход-выход 6 в вестибюль";"6";"да";"Юго-Восточный административный округ";"район Некрасовка";"37.92645351";"55.70352586";"подземный";"Некрасовка";"Некрасовская линия";"не является объектом культурного наследия";"открытие в 05:30:00, закрытие в 01:00:00, первый поезд по 1 пути в 05:40:00, последний поезд по 1 пути в 01:03:00";"открытие в 05:30:00, закрытие в 01:00:00, первый поезд по 1 пути в 05:40:00, последний поезд по 1 пути в 01:03:00";"";"";"4";"[{global_id=3238, RepairOfEscalators=13.06.2023-26.06.2023}]";"действует";"[Geometry[type=Point, coordinates=[37.92645351, 55.70352586]]]";"{type=Point, coordinates=[37.92645351, 55.70352586]}";"929929920";
"";"";"Некрасовка, вход-выход 7 в вестибюль";"7";"да";"Юго-Восточный административный округ";"район Некрасовка";"37.92566719";"55.70317750";"подземный";"Некрасовка";"Некрасовская линия";"не является объектом культурного наследия";"открытие в 05:30:00, закрытие в 01:00:00, первый поезд по 1 пути в 05:40:00, последний поезд по 1 пути в 01:03:00";"открытие в 05:30:00, закрытие в 01:00:00, первый поезд по 1 пути в 05:40:00, последний поезд по 1 пути в 01:03:00";"";"";"4";"[{global_id=3239, RepairOfEscalators=13.06.2023-26.06.2023}]";"действует";"[Geometry[type=Point, coordinates=[37.92566719, 55.7031775]]]";"{type=Point, coordinates=[37.92566719, 55.7031775]}";"929930292";
"";"";"Некрасовка, вход-выход 8 в вестибюль";"8";"да";"Юго-Восточный административный округ";"район Некрасовка";"37.92537752";"55.70329867";"подземный";"Некрасовка";"Некрасовская линия";"не является объектом культурного наследия";"открытие в 05:30:00, закрытие в 01:00:00, первый поезд по 1 пути в 05:40:00, последний поезд по 1 пути в 01:03:00";"открытие в 05:30:00, закрытие в 01:00:00, первый поезд по 1 пути в 05:40:00, последний поезд по 1 пути в 01:03:00";"";"";"4";"[{global_id=3240, RepairOfEscalators=13.06.2023-26.06.2023}]";"действует";"[Geometry[type=Point, coordinates=[37.92537752, 55.70329867]]]";"{type=Point, coordinates=[37.92537752, 55.70329867]}";"929930849";
"";"";"Некрасовка, вход-выход 9 в вестибюль";"9";"да";"Юго-Восточный административный округ";"район Некрасовка";"37.92457822";"55.70371367";"подземный";"Некрасовка";"Некрасовская линия";"не является объектом культурного наследия";"открытие в 05:30:00, закрытие в 01:00:00, первый поезд по 1 пути в 05:40:00, последний поезд по 1 пути в 01:03:00";"открытие в 05:30:00, закрытие в 01:00:00, первый поезд по 1 пути в 05:40:00, последний поезд по 1 пути в 01:03:00";"";"";"4";"[{global_id=3241, RepairOfEscalators=13.06.2023-26.06.2023}]";"действует";"[Geometry[type=Point, coordinates=[37.92457822, 55.70371367]]]";"{type=Point, coordinates=[37.92457822, 55.70371367]}";"929931462";
"";"";"Улица Дмитриевского, вход-выход 1";"1";"да";"Восточный административный округ";"район Косино-Ухтомский";"37.87752445";"55.71085160";"подземный";"Улица Дмитриевского";"Некрасовская линия";"не является объектом культурного наследия";"открытие в 05:25:00, закрытие в 01:00:00, первый поезд по 1 пути в 05:35:00, по 2 пути в 05:55:00; последний поезд по 1 пути в 01:07:00, по 2 пути в 01:17:00";"открытие в 05:25:00, закрытие в 01:00:00, первый поезд по 1 пути в 05:35:00, по 2 пути в 05:55:00; последний поезд по 1 пути в 01:07:00, по 2 пути в 01:17:00";"";"";"3";"[]";"действует";"[Geometry[type=Point, coordinates=[37.87752445, 55.7108516]]]";"{type=Point, coordinates=[37.87752445, 55.7108516]}";"929932310";
"";"";"Улица Дмитриевского, вход-выход 2";"2";"да";"Восточный административный округ";"район Косино-Ухтомский";"37.87809844";"55.71086977";"подземный";"Улица Дмитриевского";"Некрасовская линия";"не является объектом культурного наследия";"открытие в 05:25:00, закрытие в 01:00:00, первый поезд по 1 пути в 05:35:00, по 2 пути в 05:55:00; последний поезд по 1 пути в 01:07:00, по 2 пути в 01:17:00";"открытие в 05:25:00, закрытие в 01:00:00, первый поезд по 1 пути в 05:35:00, по 2 пути в 05:55:00; последний поезд по 1 пути в 01:07:00, по 2 пути в 01:17:00";"";"";"3";"[]";"действует";"[Geometry[type=Point, coordinates=[37.87809844, 55.71086977]]]";"{type=Point, coordinates=[37.87809844, 55.71086977]}";"929932634";
"";"";"Улица Дмитриевского, вход-выход 3";"3";"да";"Восточный административный округ";"район Косино-Ухтомский";"37.87945027";"55.71093640";"подземный";"Улица Дмитриевского";"Некрасовская линия";"не является объектом культурного наследия";"открытие в 05:25:00, закрытие в 01:00:00, первый поезд по 1 пути в 05:35:00, по 2 пути в 05:55:00; последний поезд по 1 пути в 01:07:00, по 2 пути в 01:17:00";"открытие в 05:25:00, закрытие в 01:00:00, первый поезд по 1 пути в 05:35:00, по 2 пути в 05:55:00; последний поезд по 1 пути в 01:07:00, по 2 пути в 01:17:00";"";"";"3";"[]";"действует";"[Geometry[type=Point, coordinates=[37.87945027, 55.7109364]]]";"{type=Point, coordinates=[37.87945027, 55.7109364]}";"929932641";
"";"";"Филатов луг, вход-выход 1 в вестибюль";"1";"да";"Новомосковский административный округ";"район Коммунарка";"37.40920926";"55.60139489";"наземный отдельностоящий";"Филатов луг";"Сокольническая линия";"не является объектом культурного наследия";"открытие в 05:30:00, закрытие в 01:00:00, первый поезд по 1 пути в 05:51:00, по 2 пути в 05:52:00; последний поезд по 1 пути в 01:57:00, по 2 пути в 01:14:00";"открытие в 05:30:00, закрытие в 01:00:00, первый поезд по 1 пути в 05:53:00, по 2 пути в 05:49:00; последний поезд по 1 пути в 01:57:00, по 2 пути в 01:14:00";"";"";"3";"[]";"действует";"[Geometry[type=Point, coordinates=[37.40920926, 55.60139489]]]";"{type=Point, coordinates=[37.40920926, 55.60139489]}";"930071451";
"";"";"Филатов луг, вход-выход 2 в вестибюль";"2";"да";"Новомосковский административный округ";"район Коммунарка";"37.40692624";"55.60071680";"наземный отдельностоящий";"Филатов луг";"Сокольническая линия";"не является объектом культурного наследия";"открытие в 05:30:00, закрытие в 01:00:00, первый поезд по 1 пути в 05:51:00, по 2 пути в 05:52:00; последний поезд по 1 пути в 01:57:00, по 2 пути в 01:14:00";"открытие в 05:30:00, закрытие в 01:00:00, первый поезд по 1 пути в 05:53:00, по 2 пути в 05:49:00; последний поезд по 1 пути в 01:57:00, по 2 пути в 01:14:00";"";"";"3";"[]";"действует";"[Geometry[type=Point, coordinates=[37.40692624, 55.6007168]]]";"{type=Point, coordinates=[37.40692624, 55.6007168]}";"930071455";
"";"";"Прокшино, вход-выход 2 в вестибюль";"2";"да";"Новомосковский административный округ";"район Коммунарка";"37.43387932";"55.58689670";"наземный отдельностоящий";"Прокшино";"Сокольническая линия";"не является объектом культурного наследия";"открытие в 05:30:00; закрытие в 01:00:00; первый поезд по 1 пути в 05:55:00, по 2 пути в 05:48:00; последний поезд по 1 пути в 02:00:00, по 2 пути в 01:11:00";"открытие в 05:30:00; закрытие в 01:00:00; первый поезд по 1 пути в 05:56:00, по 2 пути в 05:45:00; последний поезд по 1 пути в 02:00:00, по 2 пути в 01:11:00";"";"";"3";"[]";"действует";"[Geometry[type=Point, coordinates=[37.43387932, 55.5868967]]]";"{type=Point, coordinates=[37.43387932, 55.5868967]}";"930071460";
"";"";"Прокшино, вход-выход 1 в вестибюль";"1";"да";"Новомосковский административный округ";"район Коммунарка";"37.43277425";"55.58592445";"наземный отдельностоящий";"Прокшино";"Сокольническая линия";"не является объектом культурного наследия";"открытие в 05:30:00; закрытие в 01:00:00; первый поезд по 1 пути в 05:55:00, по 2 пути в 05:48:00; последний поезд по 1 пути в 02:00:00, по 2 пути в 01:11:00";"открытие в 05:30:00; закрытие в 01:00:00; первый поезд по 1 пути в 05:56:00, по 2 пути в 05:45:00; последний поезд по 1 пути в 02:00:00, по 2 пути в 01:11:00";"";"";"3";"[]";"действует";"[Geometry[type=Point, coordinates=[37.43277425, 55.58592445]]]";"{type=Point, coordinates=[37.43277425, 55.58592445]}";"930071468";
"";"";"Ольховая, вход-выход 1";"1";"да";"Новомосковский административный округ";"район Коммунарка";"37.45878394";"55.56927661";"подземный";"Ольховая";"Сокольническая линия";"не является объектом культурного наследия";"открытие в 05:30:00, закрытие в 01:00:00, первый поезд по 1 пути в 05:58:00, по 2 пути в 05:45:00; последний поезд по 1 пути в 02:03:00, по 2 пути в 01:07:00";"открытие в 05:30:00, закрытие в 01:00:00, первый поезд по 1 пути в 06:00:00, по 2 пути в 05:42:00; последний поезд по 1 пути в 02:03:00, по 2 пути в 01:07:00";"";"";"3";"[]";"действует";"[Geometry[type=Point, coordinates=[37.45878394, 55.56927661]]]";"{type=Point, coordinates=[37.45878394, 55.56927661]}";"930071478";
"";"";"Новомосковская, вход-выход 2";"2";"да";"Новомосковский административный округ";"район Коммунарка";"37.47041233";"55.55981196";"подземный";"Новомосковская";"Сокольническая линия";"не является объектом культурного наследия";"открытие в 05:30:00, закрытие в 01:00:00, первый поезд по 1 пути в 05:58:00, по 2 пути в 05:43:00; последний поезд по 1 пути в 02:06:00, по 2 пути в 01:05:00";"открытие в 05:30:00, закрытие в 01:00:00, первый поезд по 1 пути в 05:52:00, по 2 пути в 05:40:00; последний поезд по 1 пути в 02:06:00, по 2 пути в 01:05:00";"";"";"3";"[]";"действует";"[Geometry[type=Point, coordinates=[37.47041233, 55.55981196]]]";"{type=Point, coordinates=[37.47041233, 55.55981196]}";"930071482";
"";"";"Новомосковская, вход-выход 1";"1";"да";"Новомосковский административный округ";"район Коммунарка";"37.46977396";"55.56013975";"подземный";"Новомосковская";"Сокольническая линия";"не является объектом культурного наследия";"открытие в 05:30:00, закрытие в 01:00:00, первый поезд по 1 пути в 05:58:00, по 2 пути в 05:43:00; последний поезд по 1 пути в 02:06:00, по 2 пути в 01:05:00";"открытие в 05:30:00, закрытие в 01:00:00, первый поезд по 1 пути в 05:52:00, по 2 пути в 05:40:00; последний поезд по 1 пути в 02:06:00, по 2 пути в 01:05:00";"";"";"3";"[]";"действует";"[Geometry[type=Point, coordinates=[37.46977396, 55.56013975]]]";"{type=Point, coordinates=[37.46977396, 55.56013975]}";"930071489";
"";"";"Новомосковская, вход-выход 3";"3";"да";"Новомосковский административный округ";"район Коммунарка";"37.46866889";"55.55978156";"подземный";"Новомосковская";"Сокольническая линия";"не является объектом культурного наследия";"открытие в 05:30:00, закрытие в 01:00:00, первый поезд по 1 пути в 05:58:00, по 2 пути в 05:43:00; последний поезд по 1 пути в 02:06:00, по 2 пути в 01:05:00";"открытие в 05:30:00, закрытие в 01:00:00, первый поезд по 1 пути в 05:52:00, по 2 пути в 05:40:00; последний поезд по 1 пути в 02:06:00, по 2 пути в 01:05:00";"";"";"3";"[]";"действует";"[Geometry[type=Point, coordinates=[37.46866889, 55.55978156]]]";"{type=Point, coordinates=[37.46866889, 55.55978156]}";"930071511";
"";"";"Новомосковская, вход-выход 4";"4";"да";"Новомосковский административный округ";"район Коммунарка";"37.46822901";"55.55944712";"подземный";"Новомосковская";"Сокольническая линия";"не является объектом культурного наследия";"открытие в 05:30:00, закрытие в 01:00:00, первый поезд по 1 пути в 05:58:00, по 2 пути в 05:43:00; последний поезд по 1 пути в 02:06:00, по 2 пути в 01:05:00";"открытие в 05:30:00, закрытие в 01:00:00, первый поезд по 1 пути в 05:52:00, по 2 пути в 05:40:00; последний поезд по 1 пути в 02:06:00, по 2 пути в 01:05:00";"";"";"3";"[]";"действует";"[Geometry[type=Point, coordinates=[37.46822901, 55.55944712]]]";"{type=Point, coordinates=[37.46822901, 55.55944712]}";"930071523";
"";"";"Косино, вход-выход 5 в вестибюль 1";"5";"да";"Юго-Восточный административный округ";"район Выхино-Жулебино";"37.85058927";"55.70177453";"подземный";"Косино";"Некрасовская линия";"не является объектом культурного наследия";"открытие в 05:30:00, закрытие в 01:00:00, первый поезд по 1 пути в 05:39:00, по 2 пути в 05:52:00; последний поезд по 1 пути в 01:10:00, по 2 пути в 01:14:00";"открытие в 05:30:00, закрытие в 01:00:00, первый поезд по 1 пути в 05:39:00, по 2 пути в 05:52:00; последний поезд по 1 пути в 01:10:00, по 2 пути в 01:14:00";"";"";"3";"[]";"действует";"[Geometry[type=Point, coordinates=[37.85058927, 55.70177453]]]";"{type=Point, coordinates=[37.85058927, 55.70177453]}";"930238047";
"";"";"Косино, вход-выход 7 в вестибюль 2";"7";"да";"Юго-Восточный административный округ";"район Выхино-Жулебино";"37.85053318";"55.70424256";"подземный";"Косино";"Некрасовская линия";"не является объектом культурного наследия";"открытие в 05:30:00, закрытие в 01:00:00, первый поезд по 1 пути в 05:39:00, по 2 пути в 05:52:00; последний поезд по 1 пути в 01:10:00, по 2 пути в 01:14:00";"открытие в 05:30:00, закрытие в 01:00:00, первый поезд по 1 пути в 05:39:00, по 2 пути в 05:52:00; последний поезд по 1 пути в 01:10:00, по 2 пути в 01:14:00";"";"";"3";"[{global_id=2892, RepairOfEscalators=29.06.2022-30.10.2022}]";"действует";"[Geometry[type=Point, coordinates=[37.85053318, 55.70424256]]]";"{type=Point, coordinates=[37.85053318, 55.70424256]}";"930240593";
"";"";"Октябрьская, вход 1 в вестибюля";"1";"да";"Центральный административный округ";"район Якиманка";"37.61149707";"55.72924586";"наземный, встроенный в здание";"Октябрьская";"Кольцевая линия";"выявленный объект культурного наследия";"открытие в 05:30:00; закрытие в 01:00:00; первый поезд по 1 пути в 05:56:00, по 2 пути в 05:43:00; последний поезд по 1 пути в 01:38:00, по 2 пути в 01:20:00";"открытие в 05:30:00; закрытие в 01:00:00; первый поезд по 1 пути в 05:56:00, по 2 пути в 05:42:00; последний поезд по 1 пути в 01:38:00, по 2 пути в 01:19:00";"";"";"3";"[{global_id=3026, RepairOfEscalators=09.11.2022-01.12.2022}, {global_id=3412, RepairOfEscalators=23.10.2023-21.12.2023}]";"действует";"[Geometry[type=Point, coordinates=[37.61149707, 55.72924586]]]";"{type=Point, coordinates=[37.61149707, 55.72924586]}";"1032937419";
"";"";"Юго-Восточная, вход-выход 1 в вестибюль";"1";"да";"Юго-Восточный административный округ";"район Выхино-Жулебино";"37.81795606";"55.70510787";"подземный";"Юго-Восточная";"Некрасовская линия";"не является объектом культурного наследия";"открытие в 05:30:00, закрытие в 01:00:00, первый поезд по 1 пути в 05:42:00, по 2 пути в 05:49:00; последний поезд по 1 пути в 01:13:00, по 2 пути в 01:11:00";"открытие в 05:30:00, закрытие в 01:00:00, первый поезд по 1 пути в 05:42:00, по 2 пути в 05:49:00; последний поезд по 1 пути в 01:13:00, по 2 пути в 01:11:00";"";"";"3";"[{global_id=2852, RepairOfEscalators=24.06.2022-28.06.2022}]";"действует";"[Geometry[type=Point, coordinates=[37.81795606, 55.70510787]]]";"{type=Point, coordinates=[37.81795606, 55.70510787]}";"1032991449";
"";"";"Юго-Восточная, вход-выход 2 в вестибюль";"2";"да";"Юго-Восточный административный округ";"район Выхино-Жулебино";"37.81782195";"55.70579546";"подземный";"Юго-Восточная";"Некрасовская линия";"не является объектом культурного наследия";"открытие в 05:30:00, закрытие в 01:00:00, первый поезд по 1 пути в 05:42:00, по 2 пути в 05:49:00; последний поезд по 1 пути в 01:13:00, по 2 пути в 01:11:00";"открытие в 05:30:00, закрытие в 01:00:00, первый поезд по 1 пути в 05:42:00, по 2 пути в 05:49:00; последний поезд по 1 пути в 01:13:00, по 2 пути в 01:11:00";"";"";"3";"[{global_id=2853, RepairOfEscalators=24.06.2022-28.06.2022}]";"действует";"[Geometry[type=Point, coordinates=[37.81782195, 55.70579546]]]";"{type=Point, coordinates=[37.81782195, 55.70579546]}";"1032991450";
"";"";"Юго-Восточная, вход-выход 3 в вестибюль";"3";"да";"Юго-Восточный административный округ";"район Выхино-Жулебино";"37.81649158";"55.70565916";"подземный";"Юго-Восточная";"Некрасовская линия";"не является объектом культурного наследия";"открытие в 05:30:00, закрытие в 01:00:00, первый поезд по 1 пути в 05:42:00, по 2 пути в 05:49:00; последний поезд по 1 пути в 01:13:00, по 2 пути в 01:11:00";"открытие в 05:30:00, закрытие в 01:00:00, первый поезд по 1 пути в 05:42:00, по 2 пути в 05:49:00; последний поезд по 1 пути в 01:13:00, по 2 пути в 01:11:00";"";"";"3";"[{global_id=2854, RepairOfEscalators=24.06.2022-28.06.2022}]";"действует";"[Geometry[type=Point, coordinates=[37.81649158, 55.70565916]]]";"{type=Point, coordinates=[37.81649158, 55.70565916]}";"1032991451";
"";"";"Юго-Восточная, вход-выход 4 в вестибюль";"4";"да";"Юго-Восточный административный округ";"район Выхино-Жулебино";"37.81663105";"55.70592571";"подземный";"Юго-Восточная";"Некрасовская линия";"не является объектом культурного наследия";"открытие в 05:30:00, закрытие в 01:00:00, первый поезд по 1 пути в 05:42:00, по 2 пути в 05:49:00; последний поезд по 1 пути в 01:13:00, по 2 пути в 01:11:00";"открытие в 05:30:00, закрытие в 01:00:00, первый поезд по 1 пути в 05:42:00, по 2 пути в 05:49:00; последний поезд по 1 пути в 01:13:00, по 2 пути в 01:11:00";"";"";"3";"[{global_id=2855, RepairOfEscalators=24.06.2022-28.06.2022}]";"действует";"[Geometry[type=Point, coordinates=[37.81663105, 55.70592571]]]";"{type=Point, coordinates=[37.81663105, 55.70592571]}";"1032991456";
"";"";"Окская, вход-выход 1 в вестибюль";"1";"да";"Юго-Восточный административный округ";"Рязанский район";"37.78048645";"55.7187253";"подземный";"Окская";"Некрасовская линия";"не является объектом культурного наследия";"открытие в 05:30:00, закрытие в 01:00:00, первый поезд по 1 пути в 05:46:00, по 2 пути в 05:45:00; последний поезд по 1 пути в 01:16:00, по 2 пути в 01:07:00";"открытие в 05:30:00, закрытие в 01:00:00, первый поезд по 1 пути в 05:46:00, по 2 пути в 05:45:00; последний поезд по 1 пути в 01:16:00, по 2 пути в 01:07:00";"";"";"2";"[]";"действует";"[Geometry[type=Point, coordinates=[37.78048645, 55.7187253]]]";"{type=Point, coordinates=[37.78048645, 55.7187253]}";"1032991458";
"";"";"Окская, вход-выход 2 в вестибюль";"2";"да";"Юго-Восточный административный округ";"Рязанский район";"37.78106045";"55.7190917";"подземный";"Окская";"Некрасовская линия";"не является объектом культурного наследия";"открытие в 05:30:00, закрытие в 01:00:00, первый поезд по 1 пути в 05:46:00, по 2 пути в 05:45:00; последний поезд по 1 пути в 01:16:00, по 2 пути в 01:07:00";"открытие в 05:30:00, закрытие в 01:00:00, первый поезд по 1 пути в 05:46:00, по 2 пути в 05:45:00; последний поезд по 1 пути в 01:16:00, по 2 пути в 01:07:00";"";"";"2";"[]";"действует";"[Geometry[type=Point, coordinates=[37.78106045, 55.7190917]]]";"{type=Point, coordinates=[37.78106045, 55.7190917]}";"1032991459";
"";"";"Окская, вход-выход 3 в вестибюль";"3";"да";"Юго-Восточный административный округ";"Рязанский район";"37.78131257";"55.7194671";"подземный";"Окская";"Некрасовская линия";"не является объектом культурного наследия";"открытие в 05:30:00, закрытие в 01:00:00, первый поезд по 1 пути в 05:46:00, по 2 пути в 05:45:00; последний поезд по 1 пути в 01:16:00, по 2 пути в 01:07:00";"открытие в 05:30:00, закрытие в 01:00:00, первый поезд по 1 пути в 05:46:00, по 2 пути в 05:45:00; последний поезд по 1 пути в 01:16:00, по 2 пути в 01:07:00";"";"";"2";"[]";"действует";"[Geometry[type=Point, coordinates=[37.78131257, 55.7194671]]]";"{type=Point, coordinates=[37.78131257, 55.7194671]}";"1032991460";
"";"";"Окская, вход-выход 4 в вестибюль";"4";"да";"Юго-Восточный административный округ";"Рязанский район";"37.78217712";"55.7186004";"подземный";"Окская";"Некрасовская линия";"не является объектом культурного наследия";"открытие в 05:30:00, закрытие в 01:00:00, первый поезд по 1 пути в 05:46:00, по 2 пути в 05:45:00; последний поезд по 1 пути в 01:16:00, по 2 пути в 01:07:00";"открытие в 05:30:00, закрытие в 01:00:00, первый поезд по 1 пути в 05:46:00, по 2 пути в 05:45:00; последний поезд по 1 пути в 01:16:00, по 2 пути в 01:07:00";"";"";"2";"[]";"действует";"[Geometry[type=Point, coordinates=[37.78217712, 55.7186004]]]";"{type=Point, coordinates=[37.78217712, 55.7186004]}";"1032991461";
"";"";"Стахановская, вход-выход 1 в вестибюль";"1";"да";"Юго-Восточный административный округ";"Рязанский район";"37.75143049";"55.72716800";"подземный";"Стахановская";"Некрасовская линия";"не является объектом культурного наследия";"открытие в 05:30:00, закрытие в 01:00:00, первый поезд по 1 пути в 05:49:00, по 2 пути в 05:42:00; последний поезд по 1 пути в 01:19:00, по 2 пути в 01:05:00";"открытие в 05:30:00, закрытие в 01:00:00, первый поезд по 1 пути в 05:49:00, по 2 пути в 05:42:00; последний поезд по 1 пути в 01:19:00, по 2 пути в 01:05:00";"";"";"2";"[]";"действует";"[Geometry[type=Point, coordinates=[37.75143049, 55.727168]]]";"{type=Point, coordinates=[37.75143049, 55.727168]}";"1032991462";
"";"";"Стахановская, вход-выход 2 в вестибюль";"2";"да";"Юго-Восточный административный округ";"Рязанский район";"37.75293789";"55.72743743";"подземный";"Стахановская";"Некрасовская линия";"не является объектом культурного наследия";"открытие в 05:30:00, закрытие в 01:00:00, первый поезд по 1 пути в 05:49:00, по 2 пути в 05:42:00; последний поезд по 1 пути в 01:19:00, по 2 пути в 01:05:00";"открытие в 05:30:00, закрытие в 01:00:00, первый поезд по 1 пути в 05:49:00, по 2 пути в 05:42:00; последний поезд по 1 пути в 01:19:00, по 2 пути в 01:05:00";"";"";"2";"[]";"действует";"[Geometry[type=Point, coordinates=[37.75293789, 55.72743743]]]";"{type=Point, coordinates=[37.75293789, 55.72743743]}";"1032991463";
"";"";"Нижегородская, вход-выход 4 в вестибюль";"4";"да";"Юго-Восточный административный округ";"Нижегородский район";"37.72929852";"55.73199052";"наземный отдельностоящий";"Нижегородская";"Московское центральное кольцо";"не является объектом культурного наследия";"открытие в 05:20:00; закрытие в 01:00:00; первый поезд по 1 пути в 05:31:00, по 2 пути 5:50:00; последний поезд по 1 пути в 22:59:00, по 2 пути в 23:25:00";"открытие в 05:00:00; закрытие в 01:00:00; первый поезд по 1 пути в 05:31:00, по 2 пути 5:50:00; последний поезд по 1 пути в 22:59:00, по 2 пути в 23:25:00";"";"";"0";"[]";"временно закрыт";"[Geometry[type=Point, coordinates=[37.72929852, 55.73199052]]]";"{type=Point, coordinates=[37.72929852, 55.73199052]}";"1032991511";
"";"";"Лефортово, вход-выход 1 в вестибюль";"1";"да";"Юго-Восточный административный округ";"район Лефортово";"37.70499152";"55.76445505";"подземный";"Лефортово";"Большая кольцевая линия";"не является объектом культурного наследия";"открытие в 05:30:00, закрытие в 01:00:00, первый поезд по 1 пути в 05:49:00, по 2 пути в 05:47:00; последний поезд по 1 пути в 01:05:00, по 2 пути в 01:07:00";"открытие в 05:30:00, закрытие в 01:00:00, первый поезд по 1 пути в 05:49:00, по 2 пути в 05:47:00; последний поезд по 1 пути в 01:06:00, по 2 пути в 01:09:00";"";"";"2";"[]";"действует";"[Geometry[type=Point, coordinates=[37.70499152, 55.76445505]]]";"{type=Point, coordinates=[37.70499152, 55.76445505]}";"1032991592";
"";"";"Фонвизинская, вход-выход 4 в вестибюль 1";"4";"да";"Северо-Восточный административный округ";"Бутырский район";"37.58890538";"55.82189151";"подземный";"Фонвизинская";"Люблинско-Дмитровская линия";"не является объектом культурного наследия";"открытие в 05:30:00; закрытие в 01:00:00; первый поезд по 1 пути в 05:43:00, по 2 пути в 05:54:00; последний поезд по 1 пути в 01:20:00, по 2 пути в 01:51:00";"открытие в 05:30:00; закрытие в 01:00:00; первый поезд по 1 пути в 05:45:00, по 2 пути в 05:53:00; последний поезд по 1 пути в 01:20:00, по 2 пути в 01:51:00";"";"";"3";"[]";"действует";"[Geometry[type=Point, coordinates=[37.58890538, 55.82189151]]]";"{type=Point, coordinates=[37.58890538, 55.82189151]}";"1034720951";
"";"";"Фонвизинская, вход-выход 1 во 2-й вестибюль";"1";"да";"Северо-Восточный административный округ";"Бутырский район";"37.58595036";"55.82378604";"подземный";"Фонвизинская";"Люблинско-Дмитровская линия";"не является объектом культурного наследия";"открытие в 05:30:00; закрытие в 01:00:00; первый поезд по 1 пути в 05:43:00, по 2 пути в 05:54:00; последний поезд по 1 пути в 01:20:00, по 2 пути в 01:51:00";"открытие в 05:30:00; закрытие в 01:00:00; первый поезд по 1 пути в 05:45:00, по 2 пути в 05:53:00; последний поезд по 1 пути в 01:20:00, по 2 пути в 01:51:00";"";"";"3";"[]";"действует";"[Geometry[type=Point, coordinates=[37.58595036, 55.82378604]]]";"{type=Point, coordinates=[37.58595036, 55.82378604]}";"1034721000";
"";"";"Фонвизинская, вход-выход 2 в вестибюль 2";"2";"да";"Северо-Восточный административный округ";"Бутырский район";"37.58659945";"55.82395515";"подземный";"Фонвизинская";"Люблинско-Дмитровская линия";"не является объектом культурного наследия";"открытие в 05:30:00; закрытие в 01:00:00; первый поезд по 1 пути в 05:43:00, по 2 пути в 05:54:00; последний поезд по 1 пути в 01:20:00, по 2 пути в 01:51:00";"открытие в 05:30:00; закрытие в 01:00:00; первый поезд по 1 пути в 05:45:00, по 2 пути в 05:53:00; последний поезд по 1 пути в 01:20:00, по 2 пути в 01:51:00";"";"";"3";"[]";"действует";"[Geometry[type=Point, coordinates=[37.58659945, 55.82395515]]]";"{type=Point, coordinates=[37.58659945, 55.82395515]}";"1034721026";
"";"";"Ховрино, вход-выход 2 в вестибюль 2";"2";"да";"Северный административный округ";"район Ховрино";"37.47997182";"55.87853944";"подземный";"Ховрино";"Замоскворецкая линия";"не является объектом культурного наследия";"открытие в 05:30:00; закрытие в 01:00:00; первый поезд по 2 пути в 06:02:00; последний поезд по 2 пути в 01:03:00";"открытие в 05:30:00; закрытие в 01:00:00; первый поезд по 2 пути в 05:41:00; последний поезд по 2 пути в 01:03:00";"";"";"7";"[]";"действует";"[Geometry[type=Point, coordinates=[37.47997182, 55.87853944]]]";"{type=Point, coordinates=[37.47997182, 55.87853944]}";"1034721029";
"";"";"Ховрино, вход-выход 3 в вестибюль 2";"3";"да";"Северный административный округ";"район Ховрино";"37.4802943";"55.8780027";"подземный";"Ховрино";"Замоскворецкая линия";"не является объектом культурного наследия";"открытие в 05:30:00; закрытие в 01:00:00; первый поезд по 2 пути в 06:02:00; последний поезд по 2 пути в 01:03:00";"открытие в 05:30:00; закрытие в 01:00:00; первый поезд по 2 пути в 05:41:00; последний поезд по 2 пути в 01:03:00";"";"";"7";"[]";"действует";"[Geometry[type=Point, coordinates=[37.4802943, 55.8780027]]]";"{type=Point, coordinates=[37.4802943, 55.8780027]}";"1034721036";
"";"";"Хорошёво, вход-выход 2";"2";"да";"Северо-Западный административный округ";"район Хорошёво-Мнёвники";"37.50655335";"55.77774291";"наземный отдельностоящий";"Хорошёво";"Московское центральное кольцо";"не является объектом культурного наследия";"открытие в 05:30:00; закрытие в 01:00:00; первый поезд по 1 пути в 06:06:00, по 2 пути 5:38:00; последний поезд по 1 пути в 23:34:00, по 2 пути в 22:58:00";"открытие в 05:30:00; закрытие в 01:00:00; первый поезд по 1 пути в 06:06:00, по 2 пути 5:38:00; последний поезд по 1 пути в 23:34:00, по 2 пути в 22:58:01";"";"";"0";"[]";"действует";"[Geometry[type=Point, coordinates=[37.50655335, 55.77774291]]]";"{type=Point, coordinates=[37.50655335, 55.77774291]}";"1034721044";
"";"";"Хорошёвская, вход-выход 5 в вестибюль 2";"5";"да";"Северный административный округ";"Хорошёвский район";"37.52100976";"55.77798752";"подземный";"Хорошёвская";"Большая кольцевая линия";"не является объектом культурного наследия";"открытие в 05:30:00; закрытие в 01:00:00; первый поезд по 1 пути в 05:42:00, по 2 пути в 05:40:00; последний поезд по 1 пути в 01:04:00, по 2 пути в 01:05:00";"открытие в 05:30:00, закрытие в 01:00:00, первый поезд по 1 пути в 05:51:00, по 2 пути в 05:40:00; последний поезд по 1 пути в 01:05:00, по 2 пути в 01:09:00";"";"";"2";"[{global_id=3105, RepairOfEscalators=26.04.2023-26.07.2023}, {global_id=3193, RepairOfEscalators=27.05.2023-29.05.2023}, {global_id=3196, RepairOfEscalators=20.05.2023-22.05.2023}, {global_id=3295, RepairOfEscalators=24.04.2023-29.12.2023}, {global_id=3347, RepairOfEscalators=25.08.2023-27.08.2023}, {global_id=3380, RepairOfEscalators=29.09.2023-02.10.2023}, {global_id=3522, RepairOfEscalators=26.04.2023-27.12.2023}, {global_id=3645, RepairOfEscalators=01.04.2024-31.05.2024}, {global_id=3843, RepairOfEscalators=15.08.2024-29.08.2024}, {global_id=3926, RepairOfEscalators=02.10.2024-12.12.2024}]";"действует";"[Geometry[type=Point, coordinates=[37.52100976, 55.77798752]]]";"{type=Point, coordinates=[37.52100976, 55.77798752]}";"1034721055";
"";"";"Шелепиха, вход-выход 3";"3";"да";"Центральный административный округ";"Пресненский район";"37.52593391";"55.75658514";"наземный отдельностоящий";"Шелепиха";"Московское центральное кольцо";"не является объектом культурного наследия";"открытие в 05:30:00; закрытие в 01:00:00; первый поезд по 1 пути в 06:02:00, по 2 пути 5:41:00; последний поезд по 1 пути в 23:30:00, по 2 пути в 23:01:00";"открытие в 05:30:00; закрытие в 01:00:00; первый поезд по 1 пути в 06:02:00, по 2 пути 5:41:00; последний поезд по 1 пути в 23:30:00, по 2 пути в 23:01:00";"";"";"0";"[]";"действует";"[Geometry[type=Point, coordinates=[37.52593391, 55.75658514]]]";"{type=Point, coordinates=[37.52593391, 55.75658514]}";"1034721184";
"";"";"Авиамоторная, вход-выход 10 в вестибюль 1";"10";"да";"Восточный административный округ";"район Соколиная Гора";"37.71969085";"55.75326731";"подземный";"Авиамоторная";"Большая кольцевая линия";"не является объектом культурного наследия";"открытие в 05:30:00, закрытие в 01:00:00, первый поезд по 1 пути в 05:46:00, по 2 пути в 05:50:00; последний поезд по 1 пути в 01:12:00, по 2 пути в 01:09:00";"открытие в 05:30:00, закрытие в 01:00:00, первый поезд по 1 пути в 05:46:00, по 2 пути в 05:50:00; последний поезд по 1 пути в 01:04:00, по 2 пути в 01:12:00";"";"";"3";"[]";"действует";"[Geometry[type=Point, coordinates=[37.71969085, 55.75326731]]]";"{type=Point, coordinates=[37.71969085, 55.75326731]}";"1034752102";
"";"";"Бутырская, вход-выход 4 в вестибюль 1";"4";"да";"Северо-Восточный административный округ";"Бутырский район";"37.60416813";"55.81259972";"подземный";"Бутырская";"Люблинско-Дмитровская линия";"не является объектом культурного наследия";"открытие в 05:30:00; закрытие в 01:00:00; первый поезд по 1 пути в 05:45:00, по 2 пути в 05:51:00; последний поезд по 1 пути в 01:23:00, по 2 пути в 01:48:00";"открытие в 05:30:00; закрытие в 01:00:00; первый поезд по 1 пути в 05:48:00, по 2 пути в 05:50:00; последний поезд по 1 пути в 01:23:00, по 2 пути в 01:48:00";"";"";"4";"[{global_id=3180, RepairOfEscalators=15.05.2023-14.07.2023}]";"действует";"[Geometry[type=Point, coordinates=[37.60416813, 55.81259972]]]";"{type=Point, coordinates=[37.60416813, 55.81259972]}";"1035316206";
"";"";"Измайлово, вход-выход 3";"3";"да";"Восточный административный округ";"район Соколиная Гора";"37.74275617";"55.78845148";"наземный отдельностоящий";"Измайлово";"Московское центральное кольцо";"не является объектом культурного наследия";"открытие в 05:30:00; закрытие в 01:00:00; первый поезд по 1 пути в 05:43:00, по 2 пути 5:45:00; последний поезд по 1 пути в 23:35:00, по 2 пути в 23:13:00";"открытие в 05:30:00; закрытие в 01:00:00; первый поезд по 1 пути в 05:43:00, по 2 пути 5:45:00; последний поезд по 1 пути в 23:35:00, по 2 пути в 23:13:00";"";"";"0";"[]";"действует";"[Geometry[type=Point, coordinates=[37.74275617, 55.78845148]]]";"{type=Point, coordinates=[37.74275617, 55.78845148]}";"1035316210";
"";"";"Измайловская, вход-выход 3 в восточный вестибюль";"3";"да";"Восточный административный округ";"район Измайлово";"37.78322593";"55.78765290";"наземный отдельностоящий";"Измайловская";"Арбатско-Покровская линия";"не является объектом культурного наследия";"открытие в 05:30:00; закрытие в 01:00:00; первый поезд по 1 пути в 05:45:00, по 2 пути в 06:01:00; последний поезд по 1 пути в 01:08:00, по 2 пути в 02:01:00";"открытие в 05:30:00; закрытие в 01:00:00; первый поезд по 1 пути в 05:43:00, по 2 пути в 06:01:00; последний поезд по 1 пути в 01:08:00, по 2 пути в 02:01:00";"";"";"2";"[]";"действует";"[Geometry[type=Point, coordinates=[37.78322593, 55.7876529]]]";"{type=Point, coordinates=[37.78322593, 55.7876529]}";"1035316211";
"";"";"Измайловская, вход-выход 4 в западный вестибюль";"4";"да";"Восточный административный округ";"район Измайлово";"37.78002247";"55.78764475";"наземный отдельностоящий";"Измайловская";"Арбатско-Покровская линия";"не является объектом культурного наследия";"открытие в 05:30:00; закрытие в 01:00:00; первый поезд по 1 пути в 05:45:00, по 2 пути в 06:01:00; последний поезд по 1 пути в 01:08:00, по 2 пути в 02:01:00";"открытие в 05:30:00; закрытие в 01:00:00; первый поезд по 1 пути в 05:43:00, по 2 пути в 06:01:00; последний поезд по 1 пути в 01:08:00, по 2 пути в 02:01:00";"";"";"2";"[]";"действует";"[Geometry[type=Point, coordinates=[37.78002247, 55.78764475]]]";"{type=Point, coordinates=[37.78002247, 55.78764475]}";"1035316212";
"";"";"Измайловская, вход-выход 7 в западный вестибюль";"7";"да";"Восточный административный округ";"район Измайлово";"37.78006002";"55.78782309";"подземный";"Измайловская";"Арбатско-Покровская линия";"не является объектом культурного наследия";"открытие в 05:30:00; закрытие в 01:00:00; первый поезд по 1 пути в 05:45:00, по 2 пути в 06:01:00; последний поезд по 1 пути в 01:08:00, по 2 пути в 02:01:00";"открытие в 05:30:00; закрытие в 01:00:00; первый поезд по 1 пути в 05:43:00, по 2 пути в 06:01:00; последний поезд по 1 пути в 01:08:00, по 2 пути в 02:01:00";"";"";"2";"[]";"действует";"[Geometry[type=Point, coordinates=[37.78006002, 55.78782309]]]";"{type=Point, coordinates=[37.78006002, 55.78782309]}";"1035316213";
"";"";"Лихоборы, вход-выход 3";"3";"да";"Северный административный округ";"Головинский район";"37.55191336";"55.84843097";"наземный отдельностоящий";"Лихоборы";"Московское центральное кольцо";"не является объектом культурного наследия";"открытие в 05:20:00; закрытие в 01:00:00; первый поезд по 1 пути в 05:51:00, по 2 пути 05:29:00; последний поезд по 1 пути в 23:39:00, по 2 пути в 00:41:00";"открытие в 05:20:00; закрытие в 01:00:00; первый поезд по 1 пути в 05:51:00, по 2 пути 05:29:00; последний поезд по 1 пути в 23:39:00, по 2 пути в 00:41:00";"";"";"3";"[{global_id=3941, RepairOfEscalators=28.10.2024-30.11.2024}]";"действует";"[Geometry[type=Point, coordinates=[37.55191336, 55.84843097]]]";"{type=Point, coordinates=[37.55191336, 55.84843097]}";"1035316215";
"";"";"Лихоборы, вход-выход 4";"4";"да";"Северный административный округ";"район Западное Дегунино";"37.55388746";"55.84963207";"наземный отдельностоящий";"Лихоборы";"Московское центральное кольцо";"не является объектом культурного наследия";"открытие в 05:20:00; закрытие в 01:00:00; первый поезд по 1 пути в 05:51:00, по 2 пути 05:29:00; последний поезд по 1 пути в 23:39:00, по 2 пути в 00:41:00";"открытие в 05:20:00; закрытие в 01:00:00; первый поезд по 1 пути в 05:51:00, по 2 пути 05:29:00; последний поезд по 1 пути в 23:39:00, по 2 пути в 00:41:00";"";"";"3";"[{global_id=3942, RepairOfEscalators=28.10.2024-30.11.2024}]";"действует";"[Geometry[type=Point, coordinates=[37.55388746, 55.84963207]]]";"{type=Point, coordinates=[37.55388746, 55.84963207]}";"1035316216";
"";"";"Маяковская, вход-выход 3 в южный вестбюль";"3";"да";"Центральный административный округ";"Тверской район";"37.59724962";"55.76946758";"подземный";"Маяковская";"Замоскворецкая линия";"объект культурного наследия регионального значения";"открытие в 05:30:00; закрытие в 01:00:00; первый поезд по 1 пути в 06:00:00, по 2 пути в 05:39:00; последний поезд по 1 пути в 01:44:00, по 2 пути в 01:25:00";"открытие в 05:30:00; закрытие в 01:00:00; первый поезд по 1 пути в 06:00:00, по 2 пути в 05:39:00; последний поезд по 1 пути в 01:44:00, по 2 пути в 01:25:00";"";"";"3";"[]";"действует";"[Geometry[type=Point, coordinates=[37.59724962, 55.76946758]]]";"{type=Point, coordinates=[37.59724962, 55.76946758]}";"1035316218";
"";"";"Москва-Сити, вход-выход 2 в вестибюль 1";"2";"да";"Центральный административный округ";"Пресненский район";"37.53333283";"55.74870613";"подземный";"Москва-Сити";"Филёвская линия";"не является объектом культурного наследия";"открытие в 05:30:00, закрытие в 01:00:00, первый поезд по 2 пути 06:07:00; последний поезд по 2 пути в 01:05:00";"открытие в 05:30:00, закрытие в 01:00:00, первый поезд по 2 пути 05:45:00; последний поезд по 2 пути в 01:05:00";"";"";"2";"[]";"действует";"[Geometry[type=Point, coordinates=[37.53333283, 55.74870613]]]";"{type=Point, coordinates=[37.53333283, 55.74870613]}";"1035316220";
"";"";"Москва-Сити, вход-выход 4 в вестибюль 1";"4";"да";"Центральный административный округ";"Пресненский район";"37.53284467";"55.74814810";"подземный";"Москва-Сити";"Филёвская линия";"не является объектом культурного наследия";"открытие в 05:30:00, закрытие в 01:00:00, первый поезд по 2 пути 06:07:00; последний поезд по 2 пути в 01:05:00";"открытие в 05:30:00, закрытие в 01:00:00, первый поезд по 2 пути 05:45:00; последний поезд по 2 пути в 01:05:00";"";"";"2";"[]";"действует";"[Geometry[type=Point, coordinates=[37.53284467, 55.7481481]]]";"{type=Point, coordinates=[37.53284467, 55.7481481]}";"1035316221";
"";"";"Москва-Сити, вход-выход 1 в вестибюль 1";"1";"да";"Центральный административный округ";"Пресненский район";"37.53440091";"55.74746872";"подземный";"Москва-Сити";"Филёвская линия";"не является объектом культурного наследия";"открытие в 05:30:00, закрытие в 01:00:00, первый поезд по 2 пути 06:07:00; последний поезд по 2 пути в 01:05:00";"открытие в 05:30:00, закрытие в 01:00:00, первый поезд по 2 пути 05:45:00; последний поезд по 2 пути в 01:05:00";"";"";"2";"[]";"действует";"[Geometry[type=Point, coordinates=[37.53440091, 55.74746872]]]";"{type=Point, coordinates=[37.53440091, 55.74746872]}";"1035316222";
"";"";"Нижегородская, вход-выход 6";"6";"да";"Юго-Восточный административный округ";"Нижегородский район";"37.73085956";"55.73288347";"подземный";"Нижегородская";"Московское центральное кольцо";"не является объектом культурного наследия";"открытие в 05:20:00; закрытие в 01:00:00; первый поезд по 1 пути в 05:31:00, по 2 пути 5:50:00; последний поезд по 1 пути в 22:59:00, по 2 пути в 23:25:00";"открытие в 05:20:00; закрытие в 01:00:00; первый поезд по 1 пути в 05:31:00, по 2 пути 5:50:00; последний поезд по 1 пути в 22:59:00, по 2 пути в 23:25:00";"9";"0";"0";"[]";"действует";"[Geometry[type=Point, coordinates=[37.73085956, 55.73288347]]]";"{type=Point, coordinates=[37.73085956, 55.73288347]}";"1035316228";
"";"";"Раменки, вход-выход 7 в вестибюль 1";"7";"да";"Западный административный округ";"район Раменки";"37.50075240";"55.69839282";"подземный";"Раменки";"Солнцевская линия";"не является объектом культурного наследия";"открытие в 05:30:00; закрытие в 01:00:00; первый поезд по 1 пути в 05:45:00, по 2 пути в 05:45:00; последний поезд по 1 пути в 01:19:00, по 2 пути в 01:29:00";"открытие в 05:30:00; закрытие в 01:00:00; первый поезд по 1 пути в 05:45:00, по 2 пути в 05:41:00; последний поезд по 1 пути в 01:19:00, по 2 пути в 01:29:00";"";"";"4";"[{global_id=3677, RepairOfEscalators=04.03.2024-21.11.2024}]";"действует";"[Geometry[type=Point, coordinates=[37.5007524, 55.69839282]]]";"{type=Point, coordinates=[37.5007524, 55.69839282]}";"1035316232";
"";"";"Саларьево, вход-выход 2А";"2А";"да";"Новомосковский административный округ";"район Коммунарка";"37.42277261";"55.62138372";"подземный";"Саларьево";"Сокольническая линия";"не является объектом культурного наследия";"открытие в 05:30:00; закрытие в 01:00:00; первый поезд по 1 пути в 05:47:00, по 2 пути в 05:56:00; последний поезд по 1 пути в 01:53:00, по 2 пути в 01:18:00";"открытие в 05:30:00; закрытие в 01:00:00; первый поезд по 1 пути в 05:49:00, по 2 пути в 05:44:00; последний поезд по 1 пути в 01:53:00, по 2 пути в 01:18:00";"";"";"7";"[{global_id=2906, RepairOfEscalators=16.08.2022-17.09.2022}, {global_id=3143, RepairOfEscalators=21.03.2023-21.07.2023}]";"действует";"[Geometry[type=Point, coordinates=[37.42277261, 55.62138372]]]";"{type=Point, coordinates=[37.42277261, 55.62138372]}";"1035316233";
"";"";"Саларьево, вход-выход 2В";"2В";"да";"Новомосковский административный округ";"район Коммунарка";"37.42275242";"55.62168424";"подземный";"Саларьево";"Сокольническая линия";"не является объектом культурного наследия";"открытие в 05:30:00; закрытие в 01:00:00; первый поезд по 1 пути в 05:47:00, по 2 пути в 05:56:00; последний поезд по 1 пути в 01:53:00, по 2 пути в 01:18:00";"открытие в 05:30:00; закрытие в 01:00:00; первый поезд по 1 пути в 05:49:00, по 2 пути в 05:44:00; последний поезд по 1 пути в 01:53:00, по 2 пути в 01:18:00";"";"";"7";"[{global_id=2907, RepairOfEscalators=16.08.2022-17.09.2022}, {global_id=3144, RepairOfEscalators=21.03.2023-21.07.2023}]";"действует";"[Geometry[type=Point, coordinates=[37.42275242, 55.62168424]]]";"{type=Point, coordinates=[37.42275242, 55.62168424]}";"1035316234";
"";"";"Саларьево, вход-выход 3А";"3А";"да";"Новомосковский административный округ";"район Коммунарка";"37.42262777";"55.62126893";"подземный";"Саларьево";"Сокольническая линия";"не является объектом культурного наследия";"открытие в 05:30:00; закрытие в 01:00:00; первый поезд по 1 пути в 05:47:00, по 2 пути в 05:56:00; последний поезд по 1 пути в 01:53:00, по 2 пути в 01:18:00";"открытие в 05:30:00; закрытие в 01:00:00; первый поезд по 1 пути в 05:49:00, по 2 пути в 05:44:00; последний поезд по 1 пути в 01:53:00, по 2 пути в 01:18:00";"";"";"7";"[{global_id=2908, RepairOfEscalators=16.08.2022-17.09.2022}, {global_id=3145, RepairOfEscalators=21.03.2023-21.07.2023}]";"действует";"[Geometry[type=Point, coordinates=[37.42262777, 55.62126893]]]";"{type=Point, coordinates=[37.42262777, 55.62126893]}";"1035316235";
"";"";"Саларьево, вход-выход 3В";"3В";"да";"Новомосковский административный округ";"район Коммунарка";"37.42194493";"55.62156469";"подземный";"Саларьево";"Сокольническая линия";"не является объектом культурного наследия";"открытие в 05:30:00; закрытие в 01:00:00; первый поезд по 1 пути в 05:47:00, по 2 пути в 05:56:00; последний поезд по 1 пути в 01:53:00, по 2 пути в 01:18:00";"открытие в 05:30:00; закрытие в 01:00:00; первый поезд по 1 пути в 05:49:00, по 2 пути в 05:44:00; последний поезд по 1 пути в 01:53:00, по 2 пути в 01:18:00";"";"";"7";"[{global_id=2909, RepairOfEscalators=16.08.2022-17.09.2022}, {global_id=3146, RepairOfEscalators=21.03.2023-21.07.2023}]";"действует";"[Geometry[type=Point, coordinates=[37.42194493, 55.62156469]]]";"{type=Point, coordinates=[37.42194493, 55.62156469]}";"1035316236";
"";"";"Саларьево, вход-выход 4А";"4А";"да";"Новомосковский административный округ";"район Коммунарка";"37.42247601";"55.62117310";"подземный";"Саларьево";"Сокольническая линия";"не является объектом культурного наследия";"открытие в 05:30:00; закрытие в 01:00:00; первый поезд по 1 пути в 05:47:00, по 2 пути в 05:56:00; последний поезд по 1 пути в 01:53:00, по 2 пути в 01:18:00";"открытие в 05:30:00; закрытие в 01:00:00; первый поезд по 1 пути в 05:49:00, по 2 пути в 05:44:00; последний поезд по 1 пути в 01:53:00, по 2 пути в 01:18:00";"";"";"7";"[{global_id=2910, RepairOfEscalators=16.08.2022-17.09.2022}, {global_id=3147, RepairOfEscalators=21.03.2023-21.07.2023}]";"действует";"[Geometry[type=Point, coordinates=[37.42247601, 55.6211731]]]";"{type=Point, coordinates=[37.42247601, 55.6211731]}";"1035316237";
"";"";"Саларьево, вход-выход 4В";"4В";"да";"Новомосковский административный округ";"район Коммунарка";"37.42184004";"55.62145237";"подземный";"Саларьево";"Сокольническая линия";"не является объектом культурного наследия";"открытие в 05:30:00; закрытие в 01:00:00; первый поезд по 1 пути в 05:47:00, по 2 пути в 05:56:00; последний поезд по 1 пути в 01:53:00, по 2 пути в 01:18:00";"открытие в 05:30:00; закрытие в 01:00:00; первый поезд по 1 пути в 05:49:00, по 2 пути в 05:44:00; последний поезд по 1 пути в 01:53:00, по 2 пути в 01:18:00";"";"";"7";"[{global_id=2911, RepairOfEscalators=16.08.2022-17.09.2022}, {global_id=3148, RepairOfEscalators=21.03.2023-21.07.2023}]";"действует";"[Geometry[type=Point, coordinates=[37.42184004, 55.62145237]]]";"{type=Point, coordinates=[37.42184004, 55.62145237]}";"1035316238";
"";"";"Саларьево, вход-выход 5А";"5А";"да";"Новомосковский административный округ";"район Коммунарка";"37.42233654";"55.62104465";"подземный";"Саларьево";"Сокольническая линия";"не является объектом культурного наследия";"открытие в 05:30:00; закрытие в 01:00:00; первый поезд по 1 пути в 05:47:00, по 2 пути в 05:56:00; последний поезд по 1 пути в 01:53:00, по 2 пути в 01:18:00";"открытие в 05:30:00; закрытие в 01:00:00; первый поезд по 1 пути в 05:49:00, по 2 пути в 05:44:00; последний поезд по 1 пути в 01:53:00, по 2 пути в 01:18:00";"";"";"7";"[{global_id=2912, RepairOfEscalators=16.08.2022-17.09.2022}, {global_id=3149, RepairOfEscalators=21.03.2023-21.07.2023}]";"действует";"[Geometry[type=Point, coordinates=[37.42233654, 55.62104465]]]";"{type=Point, coordinates=[37.42233654, 55.62104465]}";"1035316239";
"";"";"Саларьево, вход-выход 5В";"5В";"да";"Новомосковский административный округ";"район Коммунарка";"37.42166598";"55.62132696";"подземный";"Саларьево";"Сокольническая линия";"не является объектом культурного наследия";"открытие в 05:30:00; закрытие в 01:00:00; первый поезд по 1 пути в 05:47:00, по 2 пути в 05:56:00; последний поезд по 1 пути в 01:53:00, по 2 пути в 01:18:00";"открытие в 05:30:00; закрытие в 01:00:00; первый поезд по 1 пути в 05:49:00, по 2 пути в 05:44:00; последний поезд по 1 пути в 01:53:00, по 2 пути в 01:18:00";"";"";"7";"[{global_id=2913, RepairOfEscalators=16.08.2022-17.09.2022}, {global_id=3150, RepairOfEscalators=21.03.2023-21.07.2023}]";"действует";"[Geometry[type=Point, coordinates=[37.42166598, 55.62132696]]]";"{type=Point, coordinates=[37.42166598, 55.62132696]}";"1035316240";
"";"";"Стрешнево, вход-выход 3";"3";"да";"Северный административный округ";"район Сокол";"37.48720538";"55.81454785";"наземный отдельностоящий";"Стрешнево";"Московское центральное кольцо";"не является объектом культурного наследия";"открытие в 05:30:00; закрытие в 01:00:00; первый поезд по 1 пути в 06:14:00, по 2 пути 5:38:00; последний поезд по 1 пути в 23:42:00, по 2 пути в 22:50:00";"открытие в 05:30:00; закрытие в 01:00:00; первый поезд по 1 пути в 06:14:00, по 2 пути 5:38:00; последний поезд по 1 пути в 23:42:00, по 2 пути в 22:50:00";"";"";"4";"[{global_id=3175, RepairOfEscalators=12.05.2023-01.12.2023}]";"действует";"[Geometry[type=Point, coordinates=[37.48720538, 55.81454785]]]";"{type=Point, coordinates=[37.48720538, 55.81454785]}";"1035316244";
"";"";"Технопарк, выход 5 из северного вестибюль";"5";"да";"Южный административный округ";"Даниловский район";"37.66462457";"55.69419002";"наземный отдельностоящий";"Технопарк";"Замоскворецкая линия";"не является объектом культурного наследия";"открытие в 05:30:00; закрытие в 01:00:00; первый поезд по 1 пути в 05:51:00, по 2 пути в 05:46:00; последний поезд по 1 пути в 01:28:00, по 2 пути в 01:41:00";"открытие в 05:30:00; закрытие в 01:00:00; первый поезд по 1 пути в 05:51:00, по 2 пути в 05:46:00; последний поезд по 1 пути в 01:28:00, по 2 пути в 01:41:00";"";"";"4";"[]";"действует";"[Geometry[type=Point, coordinates=[37.66462457, 55.69419002]]]";"{type=Point, coordinates=[37.66462457, 55.69419002]}";"1035316245";
"";"";"Технопарк, вход-выход 6 в северный вестибюль";"6";"да";"Южный административный округ";"Даниловский район";"37.66585302";"55.69455967";"наземный отдельностоящий";"Технопарк";"Замоскворецкая линия";"не является объектом культурного наследия";"открытие в 05:30:00; закрытие в 01:00:00; первый поезд по 1 пути в 05:51:00, по 2 пути в 05:46:00; последний поезд по 1 пути в 01:28:00, по 2 пути в 01:41:00";"открытие в 05:30:00; закрытие в 01:00:00; первый поезд по 1 пути в 05:51:00, по 2 пути в 05:46:00; последний поезд по 1 пути в 01:28:00, по 2 пути в 01:41:00";"";"";"2";"[]";"действует";"[Geometry[type=Point, coordinates=[37.66585302, 55.69455967]]]";"{type=Point, coordinates=[37.66585302, 55.69455967]}";"1035316246";
"";"";"Технопарк, вход-выход 7 в северный вестибюль";"7";"да";"Южный административный округ";"район Нагатинский Затон";"37.66711366";"55.69474146";"наземный отдельностоящий";"Технопарк";"Замоскворецкая линия";"не является объектом культурного наследия";"открытие в 05:30:00; закрытие в 01:00:00; первый поезд по 1 пути в 05:51:00, по 2 пути в 05:46:00; последний поезд по 1 пути в 01:28:00, по 2 пути в 01:41:00";"открытие в 05:30:00; закрытие в 01:00:00; первый поезд по 1 пути в 05:51:00, по 2 пути в 05:46:00; последний поезд по 1 пути в 01:28:00, по 2 пути в 01:41:00";"";"";"2";"[]";"действует";"[Geometry[type=Point, coordinates=[37.66711366, 55.69474146]]]";"{type=Point, coordinates=[37.66711366, 55.69474146]}";"1035316247";
"";"";"Технопарк, вход-выход 8 в северный вестибюль";"8";"да";"Южный административный округ";"район Нагатинский Затон";"37.66703319";"55.69440874";"наземный отдельностоящий";"Технопарк";"Замоскворецкая линия";"не является объектом культурного наследия";"открытие в 05:30:00; закрытие в 01:00:00; первый поезд по 1 пути в 05:51:00, по 2 пути в 05:46:00; последний поезд по 1 пути в 01:28:00, по 2 пути в 01:41:00";"открытие в 05:30:00; закрытие в 01:00:00; первый поезд по 1 пути в 05:51:00, по 2 пути в 05:46:00; последний поезд по 1 пути в 01:28:00, по 2 пути в 01:41:00";"";"";"2";"[]";"действует";"[Geometry[type=Point, coordinates=[37.66703319, 55.69440874]]]";"{type=Point, coordinates=[37.66703319, 55.69440874]}";"1035316248";
"";"";"Ховрино, вход-выход 6 в вестибюль 1";"6";"да";"Северный административный округ";"район Ховрино";"37.48148141";"55.87696146";"наземный отдельностоящий";"Ховрино";"Замоскворецкая линия";"не является объектом культурного наследия";"открытие в 05:30:00; закрытие в 01:00:00; первый поезд по 2 пути в 06:02:00; последний поезд по 2 пути в 01:03:00";"открытие в 05:30:00; закрытие в 01:00:00; первый поезд по 2 пути в 05:41:00; последний поезд по 2 пути в 01:03:00";"";"";"4";"[]";"действует";"[Geometry[type=Point, coordinates=[37.48148141, 55.87696146]]]";"{type=Point, coordinates=[37.48148141, 55.87696146]}";"1035316254";
"";"";"Балтийская, вход-выход 2";"2";"да";"Северный административный округ";"Войковский район";"37.49396663";"55.82562835";"наземный отдельностоящий";"Балтийская";"Московское центральное кольцо";"не является объектом культурного наследия";"открытие в 05:30:00; закрытие в 01:00:00; первый поезд по 1 пути в 05:45:00, по 2 пути 5:36:00; последний поезд по 1 пути в 23:45:00, по 2 пути в 22:48:00";"открытие в 05:30:00; закрытие в 01:00:00; первый поезд по 1 пути в 05:45:00, по 2 пути 5:36:00; последний поезд по 1 пути в 23:45:00, по 2 пути в 22:48:00";"";"";"2";"[{global_id=3463, RepairOfEscalators=13.11.2023-31.03.2024}, {global_id=3979, RepairOfEscalators=20.12.2024-20.06.2025}]";"действует";"[Geometry[type=Point, coordinates=[37.49396663, 55.82562835]]]";"{type=Point, coordinates=[37.49396663, 55.82562835]}";"1047572669";
"";"";"Беговая, вход-выход 4 в 1-й вестибюль";"4";"да";"Центральный административный округ";"Пресненский район";"37.54900814";"55.77327440";"подземный";"Беговая";"Таганско-Краснопресненская линия";"не является объектом культурного наследия";"открытие в 05:30:00; закрытие в 01:00:00; первый поезд по 1 пути в 06:00:00, по 2 пути в 06:05:00; последний поезд по 1 пути в 01:22:00, по 2 пути в 01:44:00";"открытие в 05:30:00; закрытие в 01:00:00; первый поезд по 1 пути в 05:59:00, по 2 пути в 06:05:00; последний поезд по 1 пути в 01:22:00, по 2 пути в 01:44:00";"";"";"5";"[]";"действует";"[Geometry[type=Point, coordinates=[37.54900814, 55.7732744]]]";"{type=Point, coordinates=[37.54900814, 55.7732744]}";"1047573174";
"";"";"Боровское шоссе, вход-выход 2 в вестибюль 2";"2";"да";"Западный административный округ";"район Ново-Переделкино";"37.37122955";"55.64818951";"подземный";"Боровское шоссе";"Солнцевская линия";"не является объектом культурного наследия";"открытие в 05:30:00, закрытие в 01:00:00, первый поезд по 1 пути в 05:40:00, по 2 пути в 05:47:00, последний поезд по 1 пути в 01:34:00, по 2 пути в 01:14:00";"открытие в 05:30:00, закрытие в 01:00:00, первый поезд по 1 пути в 05:40:00, по 2 пути в 05:47:00, последний поезд по 1 пути в 01:34:00, по 2 пути в 01:14:00";"";"";"3";"[]";"действует";"[Geometry[type=Point, coordinates=[37.37122955, 55.64818951]]]";"{type=Point, coordinates=[37.37122955, 55.64818951]}";"1047573572";
"";"";"Бутырская, вход-выход 2 в вестибюль 2";"2";"да";"Северо-Восточный административный округ";"Бутырский район";"37.60074347";"55.81421226";"подземный";"Бутырская";"Люблинско-Дмитровская линия";"не является объектом культурного наследия";"открытие в 05:30:00; закрытие в 01:00:00; первый поезд по 1 пути в 05:45:00, по 2 пути в 05:51:00; последний поезд по 1 пути в 01:23:00, по 2 пути в 01:48:00";"открытие в 05:30:00; закрытие в 01:00:00; первый поезд по 1 пути в 05:48:00, по 2 пути в 05:50:00; последний поезд по 1 пути в 01:23:00, по 2 пути в 01:48:00";"";"";"3";"[{global_id=3079, RepairOfEscalators=23.01.2023-01.02.2023}, {global_id=3115, RepairOfEscalators=02.03.2023-28.04.2023}]";"действует";"[Geometry[type=Point, coordinates=[37.60074347, 55.81421226]]]";"{type=Point, coordinates=[37.60074347, 55.81421226]}";"1047574240";
"";"";"Бутырская, вход-выход 3 в вестибюль 1";"3";"да";"Северо-Восточный административный округ";"Бутырский район";"37.60377117";"55.81233994";"подземный";"Бутырская";"Люблинско-Дмитровская линия";"не является объектом культурного наследия";"открытие в 05:30:00; закрытие в 01:00:00; первый поезд по 1 пути в 05:45:00, по 2 пути в 05:51:00; последний поезд по 1 пути в 01:23:00, по 2 пути в 01:48:00";"открытие в 05:30:00; закрытие в 01:00:00; первый поезд по 1 пути в 05:48:00, по 2 пути в 05:50:00; последний поезд по 1 пути в 01:23:00, по 2 пути в 01:48:00";"";"";"4";"[{global_id=3179, RepairOfEscalators=15.05.2023-14.07.2023}]";"действует";"[Geometry[type=Point, coordinates=[37.60377117, 55.81233994]]]";"{type=Point, coordinates=[37.60377117, 55.81233994]}";"1047574831";
"";"";"Деловой центр, вход-выход 2 в вестибюль";"2";"да";"Центральный административный округ";"Пресненский район";"37.53453966";"55.74749657";"подземный";"Деловой центр";"Рублёво-Архангельская линия";"не является объектом культурного наследия";"открытие в 05:30:00; закрытие в 01:00:00; первый поезд по 2 пути в 05:40:00; последний поезд по 2 пути в 01:03:00";"открытие в 05:30:00; закрытие в 01:00:00; первый поезд по 2 пути в 05:44:00; последний поезд по 2 пути в 01:03:00";"";"";"1";"[{global_id=3517, RepairOfEscalators=09.01.2024-10.02.2024}]";"действует";"[Geometry[type=Point, coordinates=[37.53453966, 55.74749657]]]";"{type=Point, coordinates=[37.53453966, 55.74749657]}";"1047576705";
"";"";"Деловой центр, вход-выход 3 в вестибюль";"3";"да";"Центральный административный округ";"Пресненский район";"37.53866490";"55.74817736";"подземный";"Деловой центр";"Рублёво-Архангельская линия";"не является объектом культурного наследия";"открытие в 05:30:00; закрытие в 01:00:00; первый поезд по 2 пути в 05:40:00; последний поезд по 2 пути в 01:03:00";"открытие в 05:30:00; закрытие в 01:00:00; первый поезд по 2 пути в 05:44:00; последний поезд по 2 пути в 01:03:00";"";"";"1";"[]";"действует";"[Geometry[type=Point, coordinates=[37.5386649, 55.74817736]]]";"{type=Point, coordinates=[37.5386649, 55.74817736]}";"1047577033";
"";"";"Домодедовская, вход-выход 5 в северный вестибюль";"5";"да";"Южный административный округ";"район Орехово-Борисово Северное";"37.71793662";"55.61130823";"подземный";"Домодедовская";"Замоскворецкая линия";"не является объектом культурного наследия";"открытие в 05:25:00; закрытие в 01:00:00; первый поезд по 1 пути в 05:32:00, по 2 пути в 05:59:00; последний поезд по 1 пути в 01:10:00, по 2 пути в 01:59:00";"открытие в 05:25:00; закрытие в 01:00:00; первый поезд по 1 пути в 05:32:00, по 2 пути в 05:59:00; последний поезд по 1 пути в 01:10:00, по 2 пути в 01:59:00";"";"";"7";"[{global_id=3792, RepairOfEscalators=22.07.2024-30.08.2024}, {global_id=3886, RepairOfEscalators=16.09.2024-24.10.2024}, {global_id=3955, RepairOfEscalators=26.11.2024-28.12.2024}]";"действует";"[Geometry[type=Point, coordinates=[37.71793662, 55.61130823]]]";"{type=Point, coordinates=[37.71793662, 55.61130823]}";"1047577769";
"";"";"Домодедовская, вход-выход 6 в северный вестибюль";"6";"да";"Южный административный округ";"район Орехово-Борисово Северное";"37.71671890";"55.61109018";"подземный";"Домодедовская";"Замоскворецкая линия";"не является объектом культурного наследия";"открытие в 05:25:00; закрытие в 01:00:00; первый поезд по 1 пути в 05:32:00, по 2 пути в 05:59:00; последний поезд по 1 пути в 01:10:00, по 2 пути в 01:59:00";"открытие в 05:25:00; закрытие в 01:00:00; первый поезд по 1 пути в 05:32:00, по 2 пути в 05:59:00; последний поезд по 1 пути в 01:10:00, по 2 пути в 01:59:00";"";"";"7";"[{global_id=3793, RepairOfEscalators=22.07.2024-30.08.2024}, {global_id=3887, RepairOfEscalators=16.09.2024-24.10.2024}, {global_id=3956, RepairOfEscalators=26.11.2024-28.12.2024}]";"действует";"[Geometry[type=Point, coordinates=[37.7167189, 55.61109018]]]";"{type=Point, coordinates=[37.7167189, 55.61109018]}";"1047581058";
"";"";"Кутузовская, вход-выход 2 в южный вестибюль";"2";"да";"Западный административный округ";"район Дорогомилово";"37.53421713";"55.73959221";"наземный отдельностоящий";"Кутузовская";"Московское центральное кольцо";"не является объектом культурного наследия";"открытие в 05:30:00; закрытие в 01:00:00; первый поезд по 1 пути в 05:58:00, по 2 пути 05:37:00; последний поезд по 1 пути в 23:26:00, по 2 пути в 23:05:00";"открытие в 05:30:00; закрытие в 01:00:00; первый поезд по 1 пути в 05:58:00, по 2 пути 05:37:00; последний поезд по 1 пути в 23:26:00, по 2 пути в 23:05:00";"";"";"2";"[]";"действует";"[Geometry[type=Point, coordinates=[37.53421713, 55.73959221]]]";"{type=Point, coordinates=[37.53421713, 55.73959221]}";"1047583491";
"";"";"Ломоносовский проспект, вход-выход 1 в вестибюль 2";"1";"да";"Западный административный округ";"район Раменки";"37.51521276";"55.70634085";"подземный";"Ломоносовский проспект";"Солнцевская линия";"не является объектом культурного наследия";"открытие в 05:30:00, закрытие в 01:00:00, первый поезд по 1 пути в 05:57:00, по 2 пути 5:44:00; последний поезд по 1 пути в 01:17:00, по 2 пути в 01:31:10";"открытие в 05:30:00, закрытие в 01:00:00, первый поезд по 1 пути в 05:57:00, по 2 пути 5:43:00; последний поезд по 1 пути в 01:17:00, по 2 пути в 01:31:00";"";"";"4";"[]";"действует";"[Geometry[type=Point, coordinates=[37.51521276, 55.70634085]]]";"{type=Point, coordinates=[37.51521276, 55.70634085]}";"1047583839";
"";"";"Москва-Сити, вход-выход 1 в вестибюль 1 (2)";"1";"да";"Центральный административный округ";"Пресненский район";"37.53576884";"55.74777432";"подземный";"Москва-Сити";"Филёвская линия";"не является объектом культурного наследия";"открытие в 05:30:00, закрытие в 01:00:00, первый поезд по 2 пути 06:07:00; последний поезд по 2 пути в 01:05:00";"открытие в 05:30:00, закрытие в 01:00:00, первый поезд по 2 пути 05:45:00; последний поезд по 2 пути в 01:05:00";"";"";"2";"[]";"действует";"[Geometry[type=Point, coordinates=[37.53576884, 55.74777432]]]";"{type=Point, coordinates=[37.53576884, 55.74777432]}";"1047584021";
"";"";"Мякинино, вход-выход 2 в северный вестибюль";"2";"нет";"";"";"37.38644737";"55.82582964";"наземный отдельностоящий";"Мякинино";"Арбатско-Покровская линия";"не является объектом культурного наследия";"открытие в 05:30:00; закрытие в 01:00:00; первый поезд по 1 пути в 05:57:00, по 2 пути в 05:45:00; последний поезд по 1 пути в 02:00:00, по 2 пути в 01:10:00";"открытие в 05:30:00; закрытие в 01:00:00; первый поезд по 1 пути в 05:54:00, по 2 пути в 05:45:00; последний поезд по 1 пути в 02:00:00, по 2 пути в 01:10:00";"";"";"3";"[]";"действует";"[Geometry[type=Point, coordinates=[37.38644737, 55.82582964]]]";"{type=Point, coordinates=[37.38644737, 55.82582964]}";"1047585953";
"";"";"Отрадное, вход-выход 1 в северный вестибюль";"1";"да";"Северо-Восточный административный округ";"район Отрадное";"37.60459233";"55.86439518";"подземный";"Отрадное";"Серпуховско-Тимирязевская линия";"не является объектом культурного наследия";"открытие в 05:30:00; закрытие в 01:00:00; первый поезд по 1 пути в 05:59:00, по 2 пути в 05:52:00; последний поезд по 1 пути в 01:54:00, по 2 пути в 01:08:00";"открытие в 05:30:00; закрытие в 01:00:00; первый поезд по 1 пути в 05:52:00, по 2 пути в 05:47:00; последний поезд по 1 пути в 01:54:00, по 2 пути в 01:08:00";"";"";"3";"[]";"действует";"[Geometry[type=Point, coordinates=[37.60459233, 55.86439518]]]";"{type=Point, coordinates=[37.60459233, 55.86439518]}";"1047586011";
"";"";"Отрадное, вход-выход 4 в северный вестибюль";"4";"да";"Северо-Восточный административный округ";"район Отрадное";"37.60603536";"55.86395286";"подземный";"Отрадное";"Серпуховско-Тимирязевская линия";"не является объектом культурного наследия";"открытие в 05:30:00; закрытие в 01:00:00; первый поезд по 1 пути в 05:59:00, по 2 пути в 05:52:00; последний поезд по 1 пути в 01:54:00, по 2 пути в 01:08:00";"открытие в 05:30:00; закрытие в 01:00:00; первый поезд по 1 пути в 05:52:00, по 2 пути в 05:47:00; последний поезд по 1 пути в 01:54:00, по 2 пути в 01:08:00";"";"";"3";"[]";"действует";"[Geometry[type=Point, coordinates=[37.60603536, 55.86395286]]]";"{type=Point, coordinates=[37.60603536, 55.86395286]}";"1047586162";
"";"";"Петровско-Разумовская, вход-выход 3 в вестибюль 1";"3";"да";"Северный административный округ";"Тимирязевский район";"37.57342058";"55.83370250";"подземный";"Петровско-Разумовская";"Люблинско-Дмитровская линия";"не является объектом культурного наследия";"открытие в 05:20:00, закрытие в 01:00:00, первый поезд по 1 пути в 05:40:00, по 2 пути в 05:48:00, последний поезд по 1 пути в 01:18:00, по 2 пути в 01:53:00";"открытие в 05:20:00, закрытие в 01:00:00, первый поезд по 1 пути в 05:43:00, по 2 пути в 05:55:00, последний поезд по 1 пути в 01:18:00, по 2 пути в 01:53:00";"";"";"3";"[{global_id=3153, RepairOfEscalators=16.03.2023-31.08.2023}, {global_id=3478, RepairOfEscalators=11.12.2023-28.05.2024}, {global_id=3972, RepairOfEscalators=22.11.2024-30.09.2025}]";"действует";"[Geometry[type=Point, coordinates=[37.57342058, 55.8337025]]]";"{type=Point, coordinates=[37.57342058, 55.8337025]}";"1047586871";
"";"";"Печатники, вход-выход 7 в вестибюль";"7";"да";"Юго-Восточный административный округ";"район Печатники";"37.72780964";"55.69267095";"наземный отдельностоящий";"Печатники";"Люблинско-Дмитровская линия";"не является объектом культурного наследия";"открытие в 05:25:00; закрытие в 01:00:00; первый поезд по 1 пути в 05:47:00, по 2 пути в 05:31:00; последний поезд по 1 пути в 01:51:00, по 2 пути в 01:21:00";"открытие в 05:25:00; закрытие в 01:00:00; первый поезд по 1 пути в 05:47:00, по 2 пути в 05:31:00; последний поезд по 1 пути в 01:51:00, по 2 пути в 01:21:00";"";"";"3";"[]";"действует";"[Geometry[type=Point, coordinates=[37.72780964, 55.69267095]]]";"{type=Point, coordinates=[37.72780964, 55.69267095]}";"1048055808";
"";"";"Соколиная гора, вход-выход 4";"4";"да";"Восточный административный округ";"район Измайлово";"37.74776341";"55.77032330";"наземный отдельностоящий";"Соколиная Гора";"Московское центральное кольцо";"не является объектом культурного наследия";"открытие в 05:30:00; закрытие в 01:00:00; первый поезд по 1 пути в 05:46:00, по 2 пути 5:43:00; последний поезд по 1 пути в 23:38:00, по 2 пути в 23:11:00";"открытие в 05:30:00; закрытие в 01:00:00; первый поезд по 1 пути в 05:46:00, по 2 пути 5:43:00; последний поезд по 1 пути в 23:38:00, по 2 пути в 23:11:00";"";"";"0";"[{global_id=3698, RepairOfEscalators=16.04.2024-07.06.2024}]";"действует";"[Geometry[type=Point, coordinates=[37.74776341, 55.7703233]]]";"{type=Point, coordinates=[37.74776341, 55.7703233]}";"1048056549";
"";"";"Солнцево, вход-выход 3 в вестибюль 2";"3";"да";"Западный административный округ";"район Солнцево";"37.39241572";"55.65067117";"подземный";"Солнцево";"Солнцевская линия";"не является объектом культурного наследия";"открытие в 05:30:00, закрытие в 01:00:00, первый поезд по 1 пути в 05:51:00, по 2 пути в 05:50:00, последний поезд по 1 пути в 01:31:00, по 2 пути в 01:17:00";"открытие в 05:30:00, закрытие в 01:00:00, первый поезд по 1 пути в 05:51:00, по 2 пути в 05:50:00, последний поезд по 1 пути в 01:31:00, по 2 пути в 01:17:00";"";"";"3";"[]";"действует";"[Geometry[type=Point, coordinates=[37.39241572, 55.65067117]]]";"{type=Point, coordinates=[37.39241572, 55.65067117]}";"1048056812";
"";"";"Стрешнево, вход-выход 1";"1";"да";"Северо-Западный административный округ";"район Щукино";"37.48609762";"55.81221851";"наземный отдельностоящий";"Стрешнево";"Московское центральное кольцо";"не является объектом культурного наследия";"открытие в 05:30:00; закрытие в 01:00:00; первый поезд по 1 пути в 06:14:00, по 2 пути 5:38:00; последний поезд по 1 пути в 23:42:00, по 2 пути в 22:50:00";"открытие в 05:30:00; закрытие в 01:00:00; первый поезд по 1 пути в 06:14:00, по 2 пути 5:38:00; последний поезд по 1 пути в 23:42:00, по 2 пути в 22:50:00";"";"";"0";"[{global_id=3396, RepairOfEscalators=12.05.2023-29.12.2023}]";"действует";"[Geometry[type=Point, coordinates=[37.48609762, 55.81221851]]]";"{type=Point, coordinates=[37.48609762, 55.81221851]}";"1048057530";
"";"";"Нижегородская, вход-выход 2 в вестибюль";"2";"да";"Юго-Восточный административный округ";"Нижегородский район";"37.73089647";"55.73089923";"подземный";"Нижегородская";"Некрасовская линия";"не является объектом культурного наследия";"открытие в 05:25:00, закрытие в 01:00:00, первый поезд по 2 пути в 05:40:00; последний поезд по 2 пути в 01:03:00";"открытие в 05:25:00, закрытие в 01:00:00, первый поезд по 2 пути в 05:46:00; последний поезд по 2 пути в 01:03:00";"";"";"13";"[{global_id=3188, RepairOfEscalators=28.04.2023-29.02.2024}]";"действует";"[Geometry[type=Point, coordinates=[37.73089647, 55.73089923]]]";"{type=Point, coordinates=[37.73089647, 55.73089923]}";"1048061984";
"";"";"Нижегородская, вход-выход 4 в вестибюль (А)";"4";"да";"Юго-Восточный административный округ";"Нижегородский район";"37.72925764";"55.73199803";"подземный";"Нижегородская";"Некрасовская линия";"не является объектом культурного наследия";"открытие в 05:25:00, закрытие в 01:00:00, первый поезд по 2 пути в 05:40:00; последний поезд по 2 пути в 01:03:00";"открытие в 05:25:00, закрытие в 01:00:00, первый поезд по 2 пути в 05:46:00; последний поезд по 2 пути в 01:03:00";"";"";"4";"[{global_id=3189, RepairOfEscalators=28.04.2023-29.02.2024}]";"действует";"[Geometry[type=Point, coordinates=[37.72925764, 55.73199803]]]";"{type=Point, coordinates=[37.72925764, 55.73199803]}";"1048062917";
"";"";"Нижегородская, вход-выход 5";"5";"да";"Юго-Восточный административный округ";"Нижегородский район";"37.73087029";"55.73260197";"наземный отдельностоящий";"Нижегородская";"Московское центральное кольцо";"не является объектом культурного наследия";"открытие в 05:20:00; закрытие в 01:00:00; первый поезд по 1 пути в 05:31:00, по 2 пути 5:50:00; последний поезд по 1 пути в 22:59:00, по 2 пути в 23:25:00";"открытие в 05:20:00; закрытие в 01:00:00; первый поезд по 1 пути в 05:31:00, по 2 пути 5:50:00; последний поезд по 1 пути в 22:59:00, по 2 пути в 23:25:00";"8";"0";"0";"[{global_id=3872, RepairOfEscalators=05.07.2024-14.11.2024}]";"действует";"[Geometry[type=Point, coordinates=[37.73087029, 55.73260197]]]";"{type=Point, coordinates=[37.73087029, 55.73260197]}";"1048091862";
"";"";"Нижегородская, вход-выход 7";"7";"да";"Юго-Восточный административный округ";"Нижегородский район";"37.73103068";"55.73353753";"наземный отдельностоящий";"Нижегородская";"Московское центральное кольцо";"не является объектом культурного наследия";"открытие в 05:20:00; закрытие в 01:00:00; первый поезд по 1 пути в 05:31:00, по 2 пути 5:50:00; последний поезд по 1 пути в 22:59:00, по 2 пути в 23:25:00";"открытие в 05:20:00; закрытие в 01:00:00; первый поезд по 1 пути в 05:31:00, по 2 пути 5:50:00; последний поезд по 1 пути в 22:59:00, по 2 пути в 23:25:00";"9";"";"0";"[]";"действует";"[Geometry[type=Point, coordinates=[37.73103068, 55.73353753]]]";"{type=Point, coordinates=[37.73103068, 55.73353753]}";"1048091868";
"";"";"Аннино, вход-выход 4 в северный вестибюль";"4";"да";"Южный административный округ";"район Чертаново Южное";"37.59789033";"55.58372873";"подземный";"Аннино";"Серпуховско-Тимирязевская линия";"не является объектом культурного наследия";"открытие в 05:30:00; закрытие в 01:00:00; первый поезд по 1 пути в 05:45:00, по 2 пути в 05:50:00; последний поезд по 1 пути в 01:05:00, по 2 пути в 01:58:00";"открытие в 05:30:00; закрытие в 01:00:00; первый поезд по 1 пути в 05:59:00, по 2 пути в 05:51:00; последний поезд по 1 пути в 01:05:00, по 2 пути в 01:58:00";"";"";"2";"[]";"действует";"[Geometry[type=Point, coordinates=[37.59789033, 55.58372873]]]";"{type=Point, coordinates=[37.59789033, 55.58372873]}";"1048314798";
"";"";"Марьино, вход-выход 2 в южный вестибюль";"2";"да";"Юго-Восточный административный округ";"район Марьино";"37.74399166";"55.64883870";"подземный";"Марьино";"Люблинско-Дмитровская линия";"не является объектом культурного наследия";"открытие в 05:30:00; закрытие в 01:00:00; первый поезд по 1 пути в 05:46:00, по 2 пути в 05:46:00; последний поезд по 1 пути в 02:01:00, по 2 пути в 01:10:00";"открытие в 05:30:00; закрытие в 01:00:00; первый поезд по 1 пути в 05:46:00, по 2 пути в 05:41:00; последний поезд по 1 пути в 02:01:00, по 2 пути в 01:10:00";"";"";"3";"[]";"действует";"[Geometry[type=Point, coordinates=[37.74399166, 55.6488387]]]";"{type=Point, coordinates=[37.74399166, 55.6488387]}";"1056441570";
"";"";"Электрозаводская вход-выход 2 в вестибюль";"2";"да";"Центральный административный округ";"Басманный район";"37.70393196";"55.78094081";"наземный отдельностоящий";"Электрозаводская";"Большая кольцевая линия";"не является объектом культурного наследия";"открытие в 05:30:00; закрытие в 01:00:00; первый поезд по 1 пути в 05:41:00, по 2 пути в 05:45:00; последний поезд по 1 пути в 01:08:00, по 2 пути в 01:04:00";"открытие в 05:30:00; закрытие в 01:00:00; первый поезд по 1 пути в 05:52:00, по 2 пути в 06:01:00; последний поезд по 1 пути в 01:09:00, по 2 пути в 01:07:00";"";"";"3";"[]";"действует";"[Geometry[type=Point, coordinates=[37.70393196, 55.78094081]]]";"{type=Point, coordinates=[37.70393196, 55.78094081]}";"1103050806";
"";"";"Пражская, вход-выход 4 в южный вестибюль";"4";"да";"Южный административный округ";"район Чертаново Центральное";"37.60378478";"55.61065150";"подземный";"Пражская";"Серпуховско-Тимирязевская линия";"не является объектом культурного наследия";"открытие в 05:30:00; закрытие в 01:00:00; первый поезд по 1 пути в 05:40:00, по 2 пути в 06:01:00; последний поезд по 1 пути в 01:10:00, по 2 пути в 01:53:00";"открытие в 05:30:00; закрытие в 01:00:00; первый поезд по 1 пути в 05:50:00, по 2 пути в 05:46:00; последний поезд по 1 пути в 01:10:00, по 2 пути в 01:53:00";"";"";"5";"[{global_id=3298, RepairOfEscalators=19.07.2023-19.09.2023}, {global_id=3650, RepairOfEscalators=15.04.2024-18.04.2024}, {global_id=3817, RepairOfEscalators=19.08.2024-30.09.2024}]";"действует";"[Geometry[type=Point, coordinates=[37.60378478, 55.6106515]]]";"{type=Point, coordinates=[37.60378478, 55.6106515]}";"1103583853";
"";"";"Народное Ополчение,вход-выход 1 в вестибюль 1";"1";"да";"Северо-Западный административный округ";"район Хорошёво-Мнёвники";"37.48359685";"55.77535736";"подземный";"Народное Ополчение";"Большая кольцевая линия";"не является объектом культурного наследия";"открытие в 05:30:00; закрытие в 01:00:00; первый поезд по 1 пути в 05:46:00, по 2 пути в 05:52:00; последний поезд по 1 пути в 01:07:00, по 2 пути в 01:05:00";"открытие в 05:30:00; закрытие в 01:00:00; первый поезд по 1 пути в 05:40:00, по 2 пути в 05:44:00; последний поезд по 1 пути в 01:09:00, по 2 пути в 01:05:00";"";"";"4";"[{global_id=4046, RepairOfEscalators=07.03.2025-06.06.2025}]";"действует";"[Geometry[type=Point, coordinates=[37.48359685, 55.77535736]]]";"{type=Point, coordinates=[37.48359685, 55.77535736]}";"1103711202";
"";"";"Народное Ополчение,вход-выход 2 в вестибюль 1";"2";"да";"Северо-Западный административный округ";"район Хорошёво-Мнёвники";"37.48326426";"55.77557203";"подземный";"Народное Ополчение";"Большая кольцевая линия";"не является объектом культурного наследия";"открытие в 05:30:00; закрытие в 01:00:00; первый поезд по 1 пути в 05:46:00, по 2 пути в 05:52:00; последний поезд по 1 пути в 01:07:00, по 2 пути в 01:05:00";"открытие в 05:30:00; закрытие в 01:00:00; первый поезд по 1 пути в 05:40:00, по 2 пути в 05:44:00; последний поезд по 1 пути в 01:09:00, по 2 пути в 01:05:00";"";"";"4";"[{global_id=4047, RepairOfEscalators=07.03.2025-06.06.2025}]";"действует";"[Geometry[type=Point, coordinates=[37.48326426, 55.77557203]]]";"{type=Point, coordinates=[37.48326426, 55.77557203]}";"1103711263";
"";"";"Народное Ополчение,вход-выход 3 в вестибюль 2";"3";"да";"Северо-Западный административный округ";"район Хорошёво-Мнёвники";"37.48651509";"55.77570205";"подземный";"Народное Ополчение";"Большая кольцевая линия";"не является объектом культурного наследия";"открытие в 05:30:00; закрытие в 01:00:00; первый поезд по 1 пути в 05:46:00, по 2 пути в 05:52:00; последний поезд по 1 пути в 01:07:00, по 2 пути в 01:05:00";"открытие в 05:30:00; закрытие в 01:00:00; первый поезд по 1 пути в 05:40:00, по 2 пути в 05:44:00; последний поезд по 1 пути в 01:09:00, по 2 пути в 01:05:00";"";"";"2";"[]";"действует";"[Geometry[type=Point, coordinates=[37.48651509, 55.77570205]]]";"{type=Point, coordinates=[37.48651509, 55.77570205]}";"1103711293";
"";"";"Народное Ополчение,вход-выход 4 в вестибюль 2";"4";"да";"Северо-Западный административный округ";"район Хорошёво-Мнёвники";"37.48735731";"55.77548133";"подземный";"Народное Ополчение";"Большая кольцевая линия";"не является объектом культурного наследия";"открытие в 05:30:00; закрытие в 01:00:00; первый поезд по 1 пути в 05:46:00, по 2 пути в 05:52:00; последний поезд по 1 пути в 01:07:00, по 2 пути в 01:05:00";"открытие в 05:30:00; закрытие в 01:00:00; первый поезд по 1 пути в 05:40:00, по 2 пути в 05:44:00; последний поезд по 1 пути в 01:09:00, по 2 пути в 01:05:00";"";"";"2";"[]";"действует";"[Geometry[type=Point, coordinates=[37.48735731, 55.77548133]]]";"{type=Point, coordinates=[37.48735731, 55.77548133]}";"1103711408";
"";"";"Мнёвники, вход-выход 1 в вестибюль 1";"1";"да";"Северо-Западный административный округ";"район Хорошёво-Мнёвники";"37.47138012";"55.76026171";"подземный";"Мнёвники";"Большая кольцевая линия";"не является объектом культурного наследия";"открытие в 05:30:00; закрытие в 01:00:00; первый поезд по 1 пути в 05:43:00, по 2 пути в 05:53:00; последний поезд по 1 пути в 01:10:00, по 2 пути в 01:06:00";"открытие в 05:30:00; закрытие в 01:00:00; первый поезд по 1 пути в 05:43:00, по 2 пути в 05:41:00; последний поезд по 1 пути в 01:03:00, по 2 пути в 01:08:00";"";"";"3";"[]";"действует";"[Geometry[type=Point, coordinates=[37.47138012, 55.76026171]]]";"{type=Point, coordinates=[37.47138012, 55.76026171]}";"1103711449";
"";"";"Мнёвники, вход-выход 2 в вестибюль 1";"2";"да";"Северо-Западный административный округ";"район Хорошёво-Мнёвники";"37.47172881";"55.76017096";"подземный";"Мнёвники";"Большая кольцевая линия";"не является объектом культурного наследия";"открытие в 05:30:00; закрытие в 01:00:00; первый поезд по 1 пути в 05:43:00, по 2 пути в 05:53:00; последний поезд по 1 пути в 01:10:00, по 2 пути в 01:06:00";"открытие в 05:30:00; закрытие в 01:00:00; первый поезд по 1 пути в 05:43:00, по 2 пути в 05:41:00; последний поезд по 1 пути в 01:03:00, по 2 пути в 01:08:00";"";"";"3";"[]";"действует";"[Geometry[type=Point, coordinates=[37.47172881, 55.76017096]]]";"{type=Point, coordinates=[37.47172881, 55.76017096]}";"1103711484";
"";"";"Мнёвники, вход-выход 3 в вестибюль 2";"3";"да";"Северо-Западный административный округ";"район Хорошёво-Мнёвники";"37.47233066";"55.76200533";"подземный";"Мнёвники";"Большая кольцевая линия";"не является объектом культурного наследия";"открытие в 05:30:00; закрытие в 01:00:00; первый поезд по 1 пути в 05:43:00, по 2 пути в 05:53:00; последний поезд по 1 пути в 01:10:00, по 2 пути в 01:06:00";"открытие в 05:30:00; закрытие в 01:00:00; первый поезд по 1 пути в 05:43:00, по 2 пути в 05:41:00; последний поезд по 1 пути в 01:03:00, по 2 пути в 01:08:00";"";"";"4";"[]";"действует";"[Geometry[type=Point, coordinates=[37.47233066, 55.76200533]]]";"{type=Point, coordinates=[37.47233066, 55.76200533]}";"1103711494";
"";"";"Мнёвники, вход-выход 4 в вестибюль 2";"4";"да";"Северо-Западный административный округ";"район Хорошёво-Мнёвники";"37.47264716";"55.76196903";"подземный";"Мнёвники";"Большая кольцевая линия";"не является объектом культурного наследия";"открытие в 05:30:00; закрытие в 01:00:00; первый поезд по 1 пути в 05:43:00, по 2 пути в 05:53:00; последний поезд по 1 пути в 01:10:00, по 2 пути в 01:06:00";"открытие в 05:30:00; закрытие в 01:00:00; первый поезд по 1 пути в 05:43:00, по 2 пути в 05:41:00; последний поезд по 1 пути в 01:03:00, по 2 пути в 01:08:00";"";"";"4";"[]";"действует";"[Geometry[type=Point, coordinates=[37.47264716, 55.76196903]]]";"{type=Point, coordinates=[37.47264716, 55.76196903]}";"1103711495";
"";"";"Парк культуры, вход в вестибюль";"";"да";"Центральный административный округ";"район Хамовники";"37.59334650";"55.73513600";"наземный отдельностоящий";"Парк культуры";"Кольцевая линия";"объект культурного наследия регионального значения";"открытие в 05:30:00; закрытие в 01:00:00; первый поезд по 1 пути в 05:55:00, по 2 пути в 05:52:00; последний поезд по 1 пути в 01:34:00, по 2 пути в 01:23:00";"открытие в 05:30:00; закрытие в 01:00:00; первый поезд по 1 пути в 05:48:00, по 2 пути в 05:40:00; последний поезд по 1 пути в 01:31:00, по 2 пути в 01:23:00";"";"";"11";"[{global_id=3753, RepairOfEscalators=29.06.2024-06.09.2024}]";"действует";"[Geometry[type=Point, coordinates=[37.5933465, 55.735136]]]";"{type=Point, coordinates=[37.5933465, 55.735136]}";"1136376991";
"";"";"Терехово, вход-выход 1 в вестибюль 1";"1";"да";"Северо-Западный административный округ";"район Хорошёво-Мнёвники";"37.45957887";"55.74744372";"подземный";"Терехово";"Большая кольцевая линия";"не является объектом культурного наследия";"открытие в 05:30:00; закрытие в 01:00:00; первый поезд по 1 пути в 05:43:00, по 2 пути в 05:54:00; последний поезд по 1 пути в 01:03:00, по 2 пути в 01:04:00";"открытие в 05:30:00; закрытие в 01:00:00; первый поезд по 1 пути в 05:45:00, по 2 пути в 05:54:00; последний поезд по 1 пути в 01:05:00, по 2 пути в 01:15:00";"";"";"3";"[]";"действует";"[Geometry[type=Point, coordinates=[37.45957887, 55.74744372]]]";"{type=Point, coordinates=[37.45957887, 55.74744372]}";"1266671418";
"";"";"Терехово, вход-выход 2 в вестибюль 1";"2";"да";"Северо-Западный административный округ";"район Хорошёво-Мнёвники";"37.45860361";"55.74781230";"подземный";"Терехово";"Большая кольцевая линия";"не является объектом культурного наследия";"открытие в 05:30:00; закрытие в 01:00:00; первый поезд по 1 пути в 05:43:00, по 2 пути в 05:54:00; последний поезд по 1 пути в 01:03:00, по 2 пути в 01:04:00";"открытие в 05:30:00; закрытие в 01:00:00; первый поезд по 1 пути в 05:45:00, по 2 пути в 05:54:00; последний поезд по 1 пути в 01:05:00, по 2 пути в 01:15:00";"";"";"3";"[]";"действует";"[Geometry[type=Point, coordinates=[37.45860361, 55.7478123]]]";"{type=Point, coordinates=[37.45860361, 55.7478123]}";"1266671445";
"";"";"Терехово, вход-выход 3 в вестибюль 2";"3";"да";"Северо-Западный административный округ";"район Хорошёво-Мнёвники";"37.45996165";"55.74908378";"подземный";"Терехово";"Большая кольцевая линия";"не является объектом культурного наследия";"открытие в 05:30:00; закрытие в 01:00:00; первый поезд по 1 пути в 05:43:00, по 2 пути в 05:54:00; последний поезд по 1 пути в 01:03:00, по 2 пути в 01:04:00";"открытие в 05:30:00; закрытие в 01:00:00; первый поезд по 1 пути в 05:45:00, по 2 пути в 05:54:00; последний поезд по 1 пути в 01:05:00, по 2 пути в 01:15:00";"";"";"3";"[]";"действует";"[Geometry[type=Point, coordinates=[37.45996165, 55.74908378]]]";"{type=Point, coordinates=[37.45996165, 55.74908378]}";"1266671447";
"";"";"Терехово, вход-выход 4 в вестибюль 2";"4";"да";"Северо-Западный административный округ";"район Хорошёво-Мнёвники";"37.46099698";"55.74872676";"подземный";"Терехово";"Большая кольцевая линия";"не является объектом культурного наследия";"открытие в 05:30:00; закрытие в 01:00:00; первый поезд по 1 пути в 05:43:00, по 2 пути в 05:54:00; последний поезд по 1 пути в 01:03:00, по 2 пути в 01:04:00";"открытие в 05:30:00; закрытие в 01:00:00; первый поезд по 1 пути в 05:45:00, по 2 пути в 05:54:00; последний поезд по 1 пути в 01:05:00, по 2 пути в 01:15:00";"";"";"3";"[]";"действует";"[Geometry[type=Point, coordinates=[37.46099698, 55.74872676]]]";"{type=Point, coordinates=[37.46099698, 55.74872676]}";"1266671513";
"";"";"Кунцевская, вход 4 в вестибюль 1";"4";"да";"Западный административный округ";"район Кунцево";"37.44676713";"55.72785827";"подземный";"Кунцевская";"Большая кольцевая линия";"не является объектом культурного наследия";"открытие в 05:30:00; закрытие в 01:00:00; первый поезд по 1 пути в 05:46:00, по 2 пути в 05:50:00; последний поезд по 1 пути в 01:07:00, по 2 пути в 01:07:00";"открытие в 05:30:00; закрытие в 01:00:00; первый поезд по 1 пути в 05:49:00, по 2 пути в 05:50:00; последний поезд по 1 пути в 01:08:00, по 2 пути в 01:12:00";"";"";"6";"[]";"действует";"[Geometry[type=Point, coordinates=[37.44676713, 55.72785827]]]";"{type=Point, coordinates=[37.44676713, 55.72785827]}";"1266671948";
"";"";"Кунцевская, вход 5 в вестибюль 1";"5";"да";"Западный административный округ";"район Кунцево";"37.44578813";"55.72762517";"подземный";"Кунцевская";"Большая кольцевая линия";"не является объектом культурного наследия";"открытие в 05:30:00; закрытие в 01:00:00; первый поезд по 1 пути в 05:46:00, по 2 пути в 05:50:00; последний поезд по 1 пути в 01:07:00, по 2 пути в 01:07:00";"открытие в 05:30:00; закрытие в 01:00:00; первый поезд по 1 пути в 05:49:00, по 2 пути в 05:50:00; последний поезд по 1 пути в 01:08:00, по 2 пути в 01:12:00";"";"";"6";"[]";"действует";"[Geometry[type=Point, coordinates=[37.44578813, 55.72762517]]]";"{type=Point, coordinates=[37.44578813, 55.72762517]}";"1266671950";
"";"";"Кунцевская, вход 3 в вестибюль 2";"3";"да";"Западный административный округ";"район Кунцево";"37.44552428";"55.73036374";"наземный отдельностоящий";"Кунцевская";"Большая кольцевая линия";"не является объектом культурного наследия";"открытие в 05:30:00; закрытие в 01:00:00; первый поезд по 1 пути в 05:46:00, по 2 пути в 05:50:00; последний поезд по 1 пути в 01:07:00, по 2 пути в 01:07:00";"открытие в 05:30:00; закрытие в 01:00:00; первый поезд по 1 пути в 05:49:00, по 2 пути в 05:50:00; последний поезд по 1 пути в 01:08:00, по 2 пути в 01:12:00";"";"";"4";"[{global_id=3800, RepairOfEscalators=17.07.2024-17.08.2024}]";"действует";"[Geometry[type=Point, coordinates=[37.44552428, 55.73036374]]]";"{type=Point, coordinates=[37.44552428, 55.73036374]}";"1266671951";
"";"";"Воронцовская, вход-выход 9 в вестибюль 1";"9";"да";"Юго-Западный административный округ";"Обручевский район";"37.54082220";"55.65794575";"подземный";"Воронцовская";"Большая кольцевая линия";"не является объектом культурного наследия";"открытие в 05:30:00; закрытие в 01:00:00; первый поезд по 1 пути в 05:52:00, по 2 пути в 05:51:00; последний поезд по 1 пути в 01:07:00, по 2 пути в 01:07:00";"открытие в 05:30:00; закрытие в 01:00:00; первый поезд по 1 пути в 05:52:00, по 2 пути в 05:51:00; последний поезд по 1 пути в 01:07:00, по 2 пути в 01:15:00";"";"";"2";"[{global_id=3061, RepairOfEscalators=11.01.2023-20.04.2023}]";"действует";"[Geometry[type=Point, coordinates=[37.5408222, 55.65794575]]]";"{type=Point, coordinates=[37.5408222, 55.65794575]}";"1266779987";
"";"";"Воронцовская, вход-выход 7 в вестибюль 1";"7";"да";"Юго-Западный административный округ";"район Черёмушки";"37.54193448";"55.65784265";"подземный";"Воронцовская";"Большая кольцевая линия";"не является объектом культурного наследия";"открытие в 05:30:00; закрытие в 01:00:00; первый поезд по 1 пути в 05:52:00, по 2 пути в 05:51:00; последний поезд по 1 пути в 01:07:00, по 2 пути в 01:07:00";"открытие в 05:30:00; закрытие в 01:00:00; первый поезд по 1 пути в 05:52:00, по 2 пути в 05:51:00; последний поезд по 1 пути в 01:07:00, по 2 пути в 01:15:00";"";"";"2";"[{global_id=3062, RepairOfEscalators=11.01.2023-20.04.2023}]";"действует";"[Geometry[type=Point, coordinates=[37.54193448, 55.65784265]]]";"{type=Point, coordinates=[37.54193448, 55.65784265]}";"1266779988";
"";"";"Воронцовская, вход-выход 11 в вестибюль 2";"11";"да";"Юго-Западный административный округ";"Обручевский район";"37.53718565";"55.65992588";"подземный";"Воронцовская";"Большая кольцевая линия";"не является объектом культурного наследия";"открытие в 05:30:00; закрытие в 01:00:00; первый поезд по 1 пути в 05:52:00, по 2 пути в 05:51:00; последний поезд по 1 пути в 01:07:00, по 2 пути в 01:07:00";"открытие в 05:30:00; закрытие в 01:00:00; первый поезд по 1 пути в 05:52:00, по 2 пути в 05:51:00; последний поезд по 1 пути в 01:07:00, по 2 пути в 01:15:00";"";"";"2";"[{global_id=3063, RepairOfEscalators=11.01.2023-20.04.2023}]";"действует";"[Geometry[type=Point, coordinates=[37.53718565, 55.65992588]]]";"{type=Point, coordinates=[37.53718565, 55.65992588]}";"1266779989";
"";"";"Воронцовская, вход-выход 12 в вестибюль 2";"12";"да";"Юго-Западный административный округ";"Обручевский район";"37.53778647";"55.65968024";"подземный";"Воронцовская";"Большая кольцевая линия";"не является объектом культурного наследия";"открытие в 05:30:00; закрытие в 01:00:00; первый поезд по 1 пути в 05:52:00, по 2 пути в 05:51:00; последний поезд по 1 пути в 01:07:00, по 2 пути в 01:07:00";"открытие в 05:30:00; закрытие в 01:00:00; первый поезд по 1 пути в 05:52:00, по 2 пути в 05:51:00; последний поезд по 1 пути в 01:07:00, по 2 пути в 01:15:00";"";"";"2";"[{global_id=3064, RepairOfEscalators=11.01.2023-20.04.2023}]";"действует";"[Geometry[type=Point, coordinates=[37.53778647, 55.65968024]]]";"{type=Point, coordinates=[37.53778647, 55.65968024]}";"1266779990";
"";"";"Зюзино, вход-выход 1 в вестибюль 1";"1";"да";"Юго-Западный административный округ";"район Зюзино";"37.57580691";"55.65517550";"подземный";"Зюзино";"Большая кольцевая линия";"не является объектом культурного наследия";"открытие в 05:30:00; закрытие в 01:00:00; первый поезд по 1 пути в 05:55:00, по 2 пути в 05:48:00; последний поезд по 1 пути в 01:05:00, по 2 пути в 01:04:00";"открытие в 05:30:00; закрытие в 01:00:00; первый поезд по 1 пути в 05:55:00, по 2 пути в 05:48:00; последний поезд по 1 пути в 01:03:00, по 2 пути в 01:12:00";"";"";"4";"[{global_id=3327, RepairOfEscalators=07.08.2023-10.09.2023}]";"действует";"[Geometry[type=Point, coordinates=[37.57580691, 55.6551755]]]";"{type=Point, coordinates=[37.57580691, 55.6551755]}";"1266779991";
"";"";"Зюзино, вход-выход 2 в вестибюль 1";"2";"да";"Юго-Западный административный округ";"район Зюзино";"37.57557087";"55.65488434";"подземный";"Зюзино";"Большая кольцевая линия";"не является объектом культурного наследия";"открытие в 05:30:00; закрытие в 01:00:00; первый поезд по 1 пути в 05:55:00, по 2 пути в 05:48:00; последний поезд по 1 пути в 01:05:00, по 2 пути в 01:04:00";"открытие в 05:30:00; закрытие в 01:00:00; первый поезд по 1 пути в 05:55:00, по 2 пути в 05:48:00; последний поезд по 1 пути в 01:03:00, по 2 пути в 01:12:00";"";"";"4";"[{global_id=3328, RepairOfEscalators=07.08.2023-10.09.2023}]";"действует";"[Geometry[type=Point, coordinates=[37.57557087, 55.65488434]]]";"{type=Point, coordinates=[37.57557087, 55.65488434]}";"1266779992";
"";"";"Зюзино, вход-выход 3 в вестибюль 2";"3";"да";"Юго-Западный административный округ";"район Зюзино";"37.57233613";"55.65639473";"подземный";"Зюзино";"Большая кольцевая линия";"не является объектом культурного наследия";"открытие в 05:30:00; закрытие в 01:00:00; первый поезд по 1 пути в 05:55:00, по 2 пути в 05:48:00; последний поезд по 1 пути в 01:05:00, по 2 пути в 01:04:00";"открытие в 05:30:00; закрытие в 01:00:00; первый поезд по 1 пути в 05:55:00, по 2 пути в 05:48:00; последний поезд по 1 пути в 01:03:00, по 2 пути в 01:12:00";"";"";"3";"[]";"действует";"[Geometry[type=Point, coordinates=[37.57233613, 55.65639473]]]";"{type=Point, coordinates=[37.57233613, 55.65639473]}";"1266779993";
"";"";"Зюзино, вход-выход 4 в вестибюль 2";"4";"да";"Юго-Западный административный округ";"район Зюзино";"37.57202637";"55.65610971";"подземный";"Зюзино";"Большая кольцевая линия";"не является объектом культурного наследия";"открытие в 05:30:00; закрытие в 01:00:00; первый поезд по 1 пути в 05:55:00, по 2 пути в 05:48:00; последний поезд по 1 пути в 01:05:00, по 2 пути в 01:04:00";"открытие в 05:30:00; закрытие в 01:00:00; первый поезд по 1 пути в 05:55:00, по 2 пути в 05:48:00; последний поезд по 1 пути в 01:03:00, по 2 пути в 01:12:00";"";"";"3";"[]";"действует";"[Geometry[type=Point, coordinates=[37.57202637, 55.65610971]]]";"{type=Point, coordinates=[37.57202637, 55.65610971]}";"1266779994";
"";"";"Давыдково, вход 1 в вестибюль";"1";"да";"Западный административный округ";"Можайский район";"37.45197320";"55.71465451";"наземный отдельностоящий";"Давыдково";"Большая кольцевая линия";"не является объектом культурного наследия";"открытие в 05:30:00; закрытие в 01:00:00; первый поезд по 1 пути в 05:48:00, по 2 пути в 05:48:00; последний поезд по 1 пути в 01:04:00, по 2 пути в 01:04:00";"открытие в 05:30:00; закрытие в 01:00:00; первый поезд по 1 пути в 05:51:00, по 2 пути в 05:48:00; последний поезд по 1 пути в 01:04:00, по 2 пути в 01:09:00";"";"";"5";"[]";"действует";"[Geometry[type=Point, coordinates=[37.4519732, 55.71465451]]]";"{type=Point, coordinates=[37.4519732, 55.71465451]}";"1266782637";
"";"";"Аминьевская, вход-выход 3 в вестибюль 1";"3";"да";"Западный административный округ";"район Очаково-Матвеевское";"37.46496950";"55.69686486";"подземный";"Аминьевская";"Большая кольцевая линия";"не является объектом культурного наследия";"открытие в 05:30:00; закрытие в 01:00:00; первый поезд по 1 пути в 05:52:00, по 2 пути в 05:49:00; последний поезд по 1 пути в 01:05:00, по 2 пути в 01:11:00";"открытие в 05:30:00; закрытие в 01:00:00; первый поезд по 1 пути в 05:54:00, по 2 пути в 05:49:00; последний поезд по 1 пути в 01:07:00, по 2 пути в 01:05:00";"";"";"3";"[]";"действует";"[Geometry[type=Point, coordinates=[37.4649695, 55.69686486]]]";"{type=Point, coordinates=[37.4649695, 55.69686486]}";"1266782724";
"";"";"Аминьевская, вход-выход 7 в вестибюль 2";"7";"да";"Западный административный округ";"район Очаково-Матвеевское";"37.46414338";"55.69749806";"подземный";"Аминьевская";"Большая кольцевая линия";"не является объектом культурного наследия";"открытие в 05:30:00; закрытие в 01:00:00; первый поезд по 1 пути в 05:52:00, по 2 пути в 05:49:00; последний поезд по 1 пути в 01:05:00, по 2 пути в 01:11:00";"открытие в 05:30:00; закрытие в 01:00:00; первый поезд по 1 пути в 05:54:00, по 2 пути в 05:49:00; последний поезд по 1 пути в 01:07:00, по 2 пути в 01:05:00";"";"";"3";"[]";"действует";"[Geometry[type=Point, coordinates=[37.46414338, 55.69749806]]]";"{type=Point, coordinates=[37.46414338, 55.69749806]}";"1266782818";
"";"";"Аминьевская, вход-выход 8 в вестибюль 2";"8";"да";"Западный административный округ";"район Очаково-Матвеевское";"37.46514116";"55.69813428";"подземный";"Аминьевская";"Большая кольцевая линия";"не является объектом культурного наследия";"открытие в 05:30:00; закрытие в 01:00:00; первый поезд по 1 пути в 05:52:00, по 2 пути в 05:49:00; последний поезд по 1 пути в 01:05:00, по 2 пути в 01:11:00";"открытие в 05:30:00; закрытие в 01:00:00; первый поезд по 1 пути в 05:54:00, по 2 пути в 05:49:00; последний поезд по 1 пути в 01:07:00, по 2 пути в 01:05:00";"";"";"3";"[]";"действует";"[Geometry[type=Point, coordinates=[37.46514116, 55.69813428]]]";"{type=Point, coordinates=[37.46514116, 55.69813428]}";"1266782892";
"";"";"Новаторская, вход-выход 1 в вестибюль";"1";"да";"Юго-Западный административный округ";"Обручевский район";"37.52407575";"55.66906208";"подземный";"Новаторская";"Большая кольцевая линия";"не является объектом культурного наследия";"открытие в 05:30:00; закрытие в 01:00:00; первый поезд по 1 пути в 05:59:00, по 2 пути в 05:51:00; последний поезд по 1 пути в 01:04:00, по 2 пути в 01:04:00";"открытие в 05:30:00; закрытие в 01:00:00; первый поезд по 1 пути в 05:55:00, по 2 пути в 05:41:00; последний поезд по 1 пути в 01:04:00, по 2 пути в 01:04:00";"";"";"3";"[{global_id=3065, RepairOfEscalators=09.01.2023-10.02.2023}, {global_id=3273, RepairOfEscalators=08.06.2023-29.06.2023}]";"действует";"[Geometry[type=Point, coordinates=[37.52407575, 55.66906208]]]";"{type=Point, coordinates=[37.52407575, 55.66906208]}";"1266782982";
"";"";"Каховская, вход-выход 9 в вестибюль 1";"9";"да";"Юго-Западный административный округ";"район Зюзино";"37.60021369";"55.65344116";"подземный";"Каховская";"Большая кольцевая линия";"не является объектом культурного наследия";"открытие в 05:30:00; закрытие в 01:00:00; первый поезд по 1 пути в 05:41:00, по 2 пути в 05:45:00; последний поезд по 1 пути в 01:07:00, по 2 пути в 01:08:00";"открытие в 05:30:00; закрытие в 01:00:00; первый поезд по 1 пути в 05:41:00, по 2 пути в 05:45:00; последний поезд по 1 пути в 01:05:00, по 2 пути в 01:10:00";"";"";"4";"[]";"действует";"[Geometry[type=Point, coordinates=[37.60021369, 55.65344116]]]";"{type=Point, coordinates=[37.60021369, 55.65344116]}";"1266803136";
"";"";"Каховская, вход-выход 10 в вестибюль 1";"10";"да";"Юго-Западный административный округ";"район Зюзино";"37.60035317";"55.65298013";"подземный";"Каховская";"Большая кольцевая линия";"не является объектом культурного наследия";"открытие в 05:30:00; закрытие в 01:00:00; первый поезд по 1 пути в 05:41:00, по 2 пути в 05:45:00; последний поезд по 1 пути в 01:07:00, по 2 пути в 01:08:00";"открытие в 05:30:00; закрытие в 01:00:00; первый поезд по 1 пути в 05:41:00, по 2 пути в 05:45:00; последний поезд по 1 пути в 01:05:00, по 2 пути в 01:10:00";"";"";"4";"[]";"действует";"[Geometry[type=Point, coordinates=[37.60035317, 55.65298013]]]";"{type=Point, coordinates=[37.60035317, 55.65298013]}";"1266803239";
"";"";"Каховская, вход-выход 11 в вестибюль 1";"11";"да";"Юго-Западный административный округ";"район Зюзино";"37.59980600";"55.65298620";"подземный";"Каховская";"Большая кольцевая линия";"не является объектом культурного наследия";"открытие в 05:30:00; закрытие в 01:00:00; первый поезд по 1 пути в 05:41:00, по 2 пути в 05:45:00; последний поезд по 1 пути в 01:07:00, по 2 пути в 01:08:00";"открытие в 05:30:00; закрытие в 01:00:00; первый поезд по 1 пути в 05:41:00, по 2 пути в 05:45:00; последний поезд по 1 пути в 01:05:00, по 2 пути в 01:10:00";"";"";"4";"[]";"действует";"[Geometry[type=Point, coordinates=[37.599806, 55.6529862]]]";"{type=Point, coordinates=[37.599806, 55.6529862]}";"1266803287";
"";"";"Каховская, вход-выход 8 в вестибюль 1";"8";"да";"Юго-Западный административный округ";"район Зюзино";"37.59963970";"55.65344116";"подземный";"Каховская";"Большая кольцевая линия";"не является объектом культурного наследия";"открытие в 05:30:00; закрытие в 01:00:00; первый поезд по 1 пути в 05:41:00, по 2 пути в 05:45:00; последний поезд по 1 пути в 01:07:00, по 2 пути в 01:08:00";"открытие в 05:30:00; закрытие в 01:00:00; первый поезд по 1 пути в 05:41:00, по 2 пути в 05:45:00; последний поезд по 1 пути в 01:05:00, по 2 пути в 01:10:00";"";"";"4";"[]";"действует";"[Geometry[type=Point, coordinates=[37.5996397, 55.65344116]]]";"{type=Point, coordinates=[37.5996397, 55.65344116]}";"1266803478";
"";"";"Новаторская, вход-выход 2 в вестибюль";"2";"да";"Юго-Западный административный округ";"Обручевский район";"37.52372770";"55.66878618";"подземный";"Новаторская";"Большая кольцевая линия";"не является объектом культурного наследия";"открытие в 05:30:00; закрытие в 01:00:00; первый поезд по 1 пути в 05:59:00, по 2 пути в 05:51:00; последний поезд по 1 пути в 01:04:00, по 2 пути в 01:04:00";"открытие в 05:30:00; закрытие в 01:00:00; первый поезд по 1 пути в 05:55:00, по 2 пути в 05:41:00; последний поезд по 1 пути в 01:04:00, по 2 пути в 01:04:00";"";"";"3";"[{global_id=3066, RepairOfEscalators=09.01.2023-10.02.2023}, {global_id=3274, RepairOfEscalators=08.06.2023-29.06.2023}]";"действует";"[Geometry[type=Point, coordinates=[37.5237277, 55.66878618]]]";"{type=Point, coordinates=[37.5237277, 55.66878618]}";"1266803887";
"";"";"Проспект Вернадского, вход-выход 8 в вестибюль 1";"8";"да";"Западный административный округ";"район Проспект Вернадского";"37.50546647";"55.67793327";"подземный";"Проспект Вернадского";"Большая кольцевая линия";"не является объектом культурного наследия";"открытие в 05:30:00; закрытие в 01:00:00; первый поезд по 1 пути в 05:57:00, по 2 пути в 05:44:00; последний поезд по 1 пути в 01:10:00, по 2 пути в 01:06:00";"открытие в 05:30:00; закрытие в 01:00:00; первый поезд по 1 пути в 05:53:00, по 2 пути в 05:44:00; последний поезд по 1 пути в 01:07:00, по 2 пути в 01:06:00";"";"";"3";"[]";"действует";"[Geometry[type=Point, coordinates=[37.50546647, 55.67793327]]]";"{type=Point, coordinates=[37.50546647, 55.67793327]}";"1266804083";
"";"";"Проспект Вернадского, вход-выход 9 в вестибюль 1";"9";"да";"Западный административный округ";"район Проспект Вернадского";"37.50488712";"55.67757862";"подземный";"Проспект Вернадского";"Большая кольцевая линия";"не является объектом культурного наследия";"открытие в 05:30:00; закрытие в 01:00:00; первый поезд по 1 пути в 05:57:00, по 2 пути в 05:44:00; последний поезд по 1 пути в 01:10:00, по 2 пути в 01:06:00";"открытие в 05:30:00; закрытие в 01:00:00; первый поезд по 1 пути в 05:53:00, по 2 пути в 05:44:00; последний поезд по 1 пути в 01:07:00, по 2 пути в 01:06:00";"";"";"3";"[]";"действует";"[Geometry[type=Point, coordinates=[37.50488712, 55.67757862]]]";"{type=Point, coordinates=[37.50488712, 55.67757862]}";"1266804329";
"";"";"Проспект Вернадского, вход-выход 10 в вестибюль 2";"10";"да";"Западный административный округ";"район Проспект Вернадского";"37.50231487";"55.67887561";"подземный";"Проспект Вернадского";"Большая кольцевая линия";"не является объектом культурного наследия";"открытие в 05:30:00; закрытие в 01:00:00; первый поезд по 1 пути в 05:57:00, по 2 пути в 05:44:00; последний поезд по 1 пути в 01:10:00, по 2 пути в 01:06:00";"открытие в 05:30:00; закрытие в 01:00:00; первый поезд по 1 пути в 05:53:00, по 2 пути в 05:44:00; последний поезд по 1 пути в 01:07:00, по 2 пути в 01:06:00";"";"";"3";"[]";"действует";"[Geometry[type=Point, coordinates=[37.50231487, 55.67887561]]]";"{type=Point, coordinates=[37.50231487, 55.67887561]}";"1266804406";
"";"";"Мичуринский проспект, вход-выход 3 в вестибюль 2";"3";"да";"Западный административный округ";"район Раменки";"37.48455869";"55.68863241";"наземный отдельностоящий";"Мичуринский проспект";"Большая кольцевая линия";"не является объектом культурного наследия";"открытие в 05:30:00; закрытие в 01:00:00; первый поезд по 1 пути в 05:54:00, по 2 пути в 05:47:00; последний поезд по 1 пути в 01:07:00, по 2 пути в 01:09:00";"открытие в 05:30:00; закрытие в 01:00:00; первый поезд по 1 пути в 05:57:00; по 2 пути в 05:47:00, последний поезд по 1 пути в 01:04:00, по 2 пути в 01:09:00";"";"";"4";"[]";"действует";"[Geometry[type=Point, coordinates=[37.48455869, 55.68863241]]]";"{type=Point, coordinates=[37.48455869, 55.68863241]}";"1266804468";
"";"";"Мичуринский проспект, вход-выход 4 в вестибюль 1";"4";"да";"Западный административный округ";"район Раменки";"37.48651134";"55.68760208";"наземный отдельностоящий";"Мичуринский проспект";"Большая кольцевая линия";"не является объектом культурного наследия";"открытие в 05:30:00; закрытие в 01:00:00; первый поезд по 1 пути в 05:54:00, по 2 пути в 05:47:00; последний поезд по 1 пути в 01:07:00, по 2 пути в 01:09:00";"открытие в 05:30:00; закрытие в 01:00:00; первый поезд по 1 пути в 05:57:00; по 2 пути в 05:47:00, последний поезд по 1 пути в 01:04:00, по 2 пути в 01:09:00";"";"";"2";"[{global_id=3980, RepairOfEscalators=07.03.2024-30.09.2025}]";"действует";"[Geometry[type=Point, coordinates=[37.48651134, 55.68760208]]]";"{type=Point, coordinates=[37.48651134, 55.68760208]}";"1266804547";
"";"";"Мичуринский проспект, вход-выход 5 в вестибюль 1";"5";"да";"Западный административный округ";"район Раменки";"37.48683857";"55.68795057";"подземный";"Мичуринский проспект";"Большая кольцевая линия";"не является объектом культурного наследия";"открытие в 05:30:00; закрытие в 01:00:00; первый поезд по 1 пути в 05:54:00, по 2 пути в 05:47:00; последний поезд по 1 пути в 01:07:00, по 2 пути в 01:09:00";"открытие в 05:30:00; закрытие в 01:00:00; первый поезд по 1 пути в 05:57:00; по 2 пути в 05:47:00, последний поезд по 1 пути в 01:04:00, по 2 пути в 01:09:00";"";"";"2";"[{global_id=3981, RepairOfEscalators=07.03.2024-30.09.2025}]";"действует";"[Geometry[type=Point, coordinates=[37.48683857, 55.68795057]]]";"{type=Point, coordinates=[37.48683857, 55.68795057]}";"1266804578";
"";"";"Аминьевская, вход-выход 4 в вестибюль 1";"4";"да";"Западный административный округ";"район Очаково-Матвеевское";"37.46484612";"55.69607713";"подземный";"Аминьевская";"Большая кольцевая линия";"не является объектом культурного наследия";"открытие в 05:30:00; закрытие в 01:00:00; первый поезд по 1 пути в 05:52:00, по 2 пути в 05:49:00; последний поезд по 1 пути в 01:05:00, по 2 пути в 01:11:00";"открытие в 05:30:00; закрытие в 01:00:00; первый поезд по 1 пути в 05:54:00, по 2 пути в 05:49:00; последний поезд по 1 пути в 01:07:00, по 2 пути в 01:05:00";"";"";"3";"[]";"действует";"[Geometry[type=Point, coordinates=[37.46484612, 55.69607713]]]";"{type=Point, coordinates=[37.46484612, 55.69607713]}";"1266804631";
"";"";"Мичуринский проспект, вход-выход 2 в вестибюль 2";"2";"да";"Западный административный округ";"район Раменки";"37.48517300";"55.68850120";"наземный отдельностоящий";"Мичуринский проспект";"Большая кольцевая линия";"не является объектом культурного наследия";"открытие в 05:30:00; закрытие в 01:00:00; первый поезд по 1 пути в 05:54:00, по 2 пути в 05:47:00; последний поезд по 1 пути в 01:07:00, по 2 пути в 01:09:00";"открытие в 05:30:00; закрытие в 01:00:00; первый поезд по 1 пути в 05:57:00; по 2 пути в 05:47:00, последний поезд по 1 пути в 01:04:00, по 2 пути в 01:09:00";"";"";"4";"[]";"действует";"[Geometry[type=Point, coordinates=[37.485173, 55.6885012]]]";"{type=Point, coordinates=[37.485173, 55.6885012]}";"1266805858";
"";"";"Деловой центр, вход-выход 1 в вестибюль (СЛ)";"1";"да";"Центральный административный округ";"Пресненский район";"37.53770823";"55.74915269";"подземный";"Деловой центр";"Солнцевская линия";"не является объектом культурного наследия";"открытие в 05:30:00; закрытие в 01:00:00; первый поезд по 1 пути в 05:45:00; последний поезд по 1 пути в 01:06:00";"открытие в 05:30:00; закрытие в 01:00:00; первый поезд по 1 пути в 05:53:00; последний поезд по 1 пути в 01:06:00";"";"";"3";"[{global_id=3093, RepairOfEscalators=12.01.2023-25.02.2023}]";"действует";"[Geometry[type=Point, coordinates=[37.53770823, 55.74915269]]]";"{type=Point, coordinates=[37.53770823, 55.74915269]}";"2256698586";
"";"";"Каховская, вход-выход 6 в вестибюль 2";"6";"да";"Юго-Западный административный округ";"район Зюзино";"37.59656976";"55.65245999";"подземный";"Каховская";"Большая кольцевая линия";"не является объектом культурного наследия";"открытие в 05:30:00; закрытие в 01:00:00; первый поезд по 1 пути в 05:41:00, по 2 пути в 05:45:00; последний поезд по 1 пути в 01:07:00, по 2 пути в 01:08:00";"открытие в 05:30:00; закрытие в 01:00:00; первый поезд по 1 пути в 05:41:00, по 2 пути в 05:45:00; последний поезд по 1 пути в 01:05:00, по 2 пути в 01:10:00";"";"";"4";"[]";"действует";"[Geometry[type=Point, coordinates=[37.59656976, 55.65245999]]]";"{type=Point, coordinates=[37.59656976, 55.65245999]}";"2369599993";
"";"";"Каховская, вход-выход 7 в вестибюль 2";"7";"да";"Юго-Западный административный округ";"район Зюзино";"37.59637664";"55.65293013";"подземный";"Каховская";"Большая кольцевая линия";"не является объектом культурного наследия";"открытие в 05:30:00; закрытие в 01:00:00; первый поезд по 1 пути в 05:41:00, по 2 пути в 05:45:00; последний поезд по 1 пути в 01:07:00, по 2 пути в 01:08:00";"открытие в 05:30:00; закрытие в 01:00:00; первый поезд по 1 пути в 05:41:00, по 2 пути в 05:45:00; последний поезд по 1 пути в 01:05:00, по 2 пути в 01:10:00";"";"";"4";"[]";"действует";"[Geometry[type=Point, coordinates=[37.59637664, 55.65293013]]]";"{type=Point, coordinates=[37.59637664, 55.65293013]}";"2369599999";
"";"";"Каховская, вход-выход 5 в вестибюль 2";"5";"да";"Юго-Западный административный округ";"район Зюзино";"37.59715984";"55.65260558";"подземный";"Каховская";"Большая кольцевая линия";"не является объектом культурного наследия";"открытие в 05:30:00; закрытие в 01:00:00; первый поезд по 1 пути в 05:41:00, по 2 пути в 05:45:00; последний поезд по 1 пути в 01:07:00, по 2 пути в 01:08:00";"открытие в 05:30:00; закрытие в 01:00:00; первый поезд по 1 пути в 05:41:00, по 2 пути в 05:45:00; последний поезд по 1 пути в 01:05:00, по 2 пути в 01:10:00";"";"";"4";"[]";"действует";"[Geometry[type=Point, coordinates=[37.59715984, 55.65260558]]]";"{type=Point, coordinates=[37.59715984, 55.65260558]}";"2369600003";
"";"";"Савёловская, вход-выход 2 в вестибюль 2";"2";"да";"Северо-Восточный административный округ";"Бутырский район";"37.58884900";"55.79426947";"подземный";"Савёловская";"Большая кольцевая линия";"не является объектом культурного наследия";"открытие в 05:30:00; закрытие в 01:00:00; первый поезд по 1 пути в 05:43:00, по 2 пути в 05:49:00; последний поезд по 1 пути в 01:09:00 , по 2 пути в 01:13:00";"открытие в 05:30:00; закрытие в 01:00:00; первый поезд по 1 пути в 05:45:00, по 2 пути в 05:49:00; последний поезд по 1 пути в 01:09:00 , по 2 пути в 01:10:00";"";"";"3";"[{global_id=3272, RepairOfEscalators=23.06.2023-18.07.2023}]";"действует";"[Geometry[type=Point, coordinates=[37.588849, 55.79426947]]]";"{type=Point, coordinates=[37.588849, 55.79426947]}";"2369706247";
"";"";"Савёловская, вход-выход 3 в вестибюль 2";"3";"да";"Северо-Восточный административный округ";"Бутырский район";"37.58980924";"55.79405188";"подземный";"Савёловская";"Большая кольцевая линия";"не является объектом культурного наследия";"открытие в 05:30:00; закрытие в 01:00:00; первый поезд по 1 пути в 05:43:00, по 2 пути в 05:49:00; последний поезд по 1 пути в 01:09:00 , по 2 пути в 01:13:00";"открытие в 05:30:00; закрытие в 01:00:00; первый поезд по 1 пути в 05:45:00, по 2 пути в 05:49:00; последний поезд по 1 пути в 01:09:00 , по 2 пути в 01:10:00";"";"";"3";"[]";"действует";"[Geometry[type=Point, coordinates=[37.58980924, 55.79405188]]]";"{type=Point, coordinates=[37.58980924, 55.79405188]}";"2369706256";
"";"";"Савёловская, вход-выход 4 в вестибюль 2";"4";"да";"Северо-Восточный административный округ";"район Марьина Роща";"37.59027058";"55.79399446";"подземный";"Савёловская";"Большая кольцевая линия";"не является объектом культурного наследия";"открытие в 05:30:00; закрытие в 01:00:00; первый поезд по 1 пути в 05:43:00, по 2 пути в 05:49:00; последний поезд по 1 пути в 01:09:00 , по 2 пути в 01:13:00";"открытие в 05:30:00; закрытие в 01:00:00; первый поезд по 1 пути в 05:45:00, по 2 пути в 05:49:00; последний поезд по 1 пути в 01:09:00 , по 2 пути в 01:10:00";"";"";"3";"[]";"действует";"[Geometry[type=Point, coordinates=[37.59027058, 55.79399446]]]";"{type=Point, coordinates=[37.59027058, 55.79399446]}";"2369706271";
"";"";"Савёловская, вход-выход 5 в вестибюль 2";"5";"да";"Северо-Восточный административный округ";"район Марьина Роща";"37.59005819";"55.79358111";"подземный";"Савёловская";"Большая кольцевая линия";"не является объектом культурного наследия";"открытие в 05:30:00; закрытие в 01:00:00; первый поезд по 1 пути в 05:43:00, по 2 пути в 05:49:00; последний поезд по 1 пути в 01:09:00 , по 2 пути в 01:13:00";"открытие в 05:30:00; закрытие в 01:00:00; первый поезд по 1 пути в 05:45:00, по 2 пути в 05:49:00; последний поезд по 1 пути в 01:09:00 , по 2 пути в 01:10:00";"";"";"3";"[]";"действует";"[Geometry[type=Point, coordinates=[37.59005819, 55.79358111]]]";"{type=Point, coordinates=[37.59005819, 55.79358111]}";"2369740731";
"";"";"Савёловская, вход-выход 2 в вестибюль";"2";"да";"Северо-Восточный административный округ";"Бутырский район";"37.58884900";"55.79426947";"подземный";"Савёловская";"Большая кольцевая линия";"не является объектом культурного наследия";"открытие в 05:30:00; закрытие в 01:00:00; первый поезд по 1 пути в 05:43:00, по 2 пути в 05:49:00; последний поезд по 1 пути в 01:09:00 , по 2 пути в 01:13:00";"открытие в 05:30:00; закрытие в 01:00:00; первый поезд по 1 пути в 05:45:00, по 2 пути в 05:49:00; последний поезд по 1 пути в 01:09:00 , по 2 пути в 01:10:00";"";"";"3";"[]";"действует";"[Geometry[type=Point, coordinates=[37.588849, 55.79426947]]]";"{type=Point, coordinates=[37.588849, 55.79426947]}";"2369740732";
"";"";"Локомотив, вход-выход 6 в северный вестибюль";"6";"да";"Восточный административный округ";"район Преображенское";"37.74555948";"55.80554896";"наземный отдельностоящий";"Локомотив";"Московское центральное кольцо";"не является объектом культурного наследия";"открытие в 05:30:00; закрытие в 01:00:00; первый поезд по 1 пути в 05:40:00, по 2 пути 05:48:00; последний поезд по 1 пути в 23:32:00, по 2 пути в 23:16:00";"открытие в 05:30:00; закрытие в 01:00:00; первый поезд по 1 пути в 05:40:00, по 2 пути 05:48:00; последний поезд по 1 пути в 23:32:00, по 2 пути в 23:16:00";"";"";"1";"[{global_id=3670, RepairOfEscalators=15.05.2024-15.06.2024}]";"действует";"[Geometry[type=Point, coordinates=[37.74555948, 55.80554896]]]";"{type=Point, coordinates=[37.74555948, 55.80554896]}";"2382340122";
"";"";"Тверская, вход-выход 2 в вестибюль";"2";"да";"Центральный административный округ";"Тверской район";"37.60405014";"55.76566343";"подземный";"Тверская";"Замоскворецкая линия";"не является объектом культурного наследия";"открытие в 05:30:00; закрытие в 01:00:00; первый поезд по 1 пути в 05:58:00, по 2 пути в 05:41:00; последний поезд по 1 пути в 01:42:00, по 2 пути в 01:27:00";"открытие в 05:30:00; закрытие в 01:00:00; первый поезд по 1 пути в 05:58:00, по 2 пути в 05:41:00; последний поезд по 1 пути в 01:42:00, по 2 пути в 01:27:00";"";"";"6";"[{global_id=3132, RepairOfEscalators=10.01.2023-28.04.2023}, {global_id=3488, RepairOfEscalators=15.01.2024-29.03.2024}, {global_id=3537, RepairOfEscalators=28.12.2023-14.01.2024}, {global_id=3565, RepairOfEscalators=19.01.2024-16.02.2024}, {global_id=3706, RepairOfEscalators=27.02.2024-27.12.2024}]";"действует";"[Geometry[type=Point, coordinates=[37.60405014, 55.76566343]]]";"{type=Point, coordinates=[37.60405014, 55.76566343]}";"2382343273";
"";"";"Тверская, вход-выход 3 в вестибюль";"3";"да";"Центральный административный округ";"Тверской район";"37.60398577";"55.76528236";"подземный";"Тверская";"Замоскворецкая линия";"не является объектом культурного наследия";"открытие в 05:30:00; закрытие в 01:00:00; первый поезд по 1 пути в 05:58:00, по 2 пути в 05:41:00; последний поезд по 1 пути в 01:42:00, по 2 пути в 01:27:00";"открытие в 05:30:00; закрытие в 01:00:00; первый поезд по 1 пути в 05:58:00, по 2 пути в 05:41:00; последний поезд по 1 пути в 01:42:00, по 2 пути в 01:27:00";"";"";"6";"[{global_id=3133, RepairOfEscalators=10.01.2023-28.04.2023}, {global_id=3489, RepairOfEscalators=15.01.2024-29.03.2024}, {global_id=3538, RepairOfEscalators=28.12.2023-14.01.2024}, {global_id=3566, RepairOfEscalators=19.01.2024-16.02.2024}, {global_id=3707, RepairOfEscalators=27.02.2024-27.12.2024}]";"действует";"[Geometry[type=Point, coordinates=[37.60398577, 55.76528236]]]";"{type=Point, coordinates=[37.60398577, 55.76528236]}";"2382344244";
"";"";"Тверская, вход-выход 5 в вестибюль";"5";"да";"Центральный административный округ";"Тверской район";"37.60496209";"55.76530353";"подземный";"Тверская";"Замоскворецкая линия";"не является объектом культурного наследия";"открытие в 05:30:00; закрытие в 01:00:00; первый поезд по 1 пути в 05:58:00, по 2 пути в 05:41:00; последний поезд по 1 пути в 01:42:00, по 2 пути в 01:27:00";"открытие в 05:30:00; закрытие в 01:00:00; первый поезд по 1 пути в 05:58:00, по 2 пути в 05:41:00; последний поезд по 1 пути в 01:42:00, по 2 пути в 01:27:00";"";"";"6";"[{global_id=3134, RepairOfEscalators=10.01.2023-28.04.2023}, {global_id=3490, RepairOfEscalators=15.01.2024-29.03.2024}, {global_id=3539, RepairOfEscalators=28.12.2023-14.01.2024}, {global_id=3567, RepairOfEscalators=19.01.2024-16.02.2024}, {global_id=3708, RepairOfEscalators=27.02.2024-27.12.2024}]";"действует";"[Geometry[type=Point, coordinates=[37.60496209, 55.76530353]]]";"{type=Point, coordinates=[37.60496209, 55.76530353]}";"2382344419";
"";"";"Тверская, вход-выход 7 в вестибюль";"7";"да";"Центральный административный округ";"Тверской район";"37.60625492";"55.76484987";"подземный";"Тверская";"Замоскворецкая линия";"не является объектом культурного наследия";"открытие в 05:30:00; закрытие в 01:00:00; первый поезд по 1 пути в 05:58:00, по 2 пути в 05:41:00; последний поезд по 1 пути в 01:42:00, по 2 пути в 01:27:00";"открытие в 05:30:00; закрытие в 01:00:00; первый поезд по 1 пути в 05:58:00, по 2 пути в 05:41:00; последний поезд по 1 пути в 01:42:00, по 2 пути в 01:27:00";"";"";"6";"[{global_id=3135, RepairOfEscalators=10.01.2023-28.04.2023}, {global_id=3491, RepairOfEscalators=15.01.2024-29.03.2024}, {global_id=3540, RepairOfEscalators=28.12.2023-14.01.2024}, {global_id=3568, RepairOfEscalators=19.12.2023-16.02.2024}, {global_id=3709, RepairOfEscalators=27.02.2024-27.12.2024}]";"действует";"[Geometry[type=Point, coordinates=[37.60625492, 55.76484987]]]";"{type=Point, coordinates=[37.60625492, 55.76484987]}";"2382344544";
"";"";"Тверская, вход-выход 9 в вестибюль";"9";"да";"Центральный административный округ";"Тверской район";"37.60572920";"55.76435991";"подземный";"Тверская";"Замоскворецкая линия";"не является объектом культурного наследия";"открытие в 05:30:00; закрытие в 01:00:00; первый поезд по 1 пути в 05:58:00, по 2 пути в 05:41:00; последний поезд по 1 пути в 01:42:00, по 2 пути в 01:27:00";"открытие в 05:30:00; закрытие в 01:00:00; первый поезд по 1 пути в 05:58:00, по 2 пути в 05:41:00; последний поезд по 1 пути в 01:42:00, по 2 пути в 01:27:00";"";"";"6";"[{global_id=3136, RepairOfEscalators=10.01.2023-28.04.2023}, {global_id=3492, RepairOfEscalators=15.01.2024-29.03.2024}, {global_id=3541, RepairOfEscalators=28.12.2023-14.01.2024}, {global_id=3569, RepairOfEscalators=19.12.2023-16.02.2024}, {global_id=3710, RepairOfEscalators=27.02.2024-27.12.2024}]";"действует";"[Geometry[type=Point, coordinates=[37.6057292, 55.76435991]]]";"{type=Point, coordinates=[37.6057292, 55.76435991]}";"2382344856";
"";"";"Кузьминки, вход-выход 2 в восточный вестибюль";"2";"да";"Юго-Восточный административный округ";"район Кузьминки";"37.76773600";"55.70552184";"подземный";"Кузьминки";"Таганско-Краснопресненская линия";"не является объектом культурного наследия";"открытие в 05:30:00; закрытие в 01:00:00; первый поезд по 1 пути в 06:05:00, по 2 пути в 05:38:00; последний поезд по 1 пути в 01:47:00, по 2 пути в 01:18:00";"открытие в 05:30:00; закрытие в 01:00:00; первый поезд по 1 пути в 06:00:00, по 2 пути в 05:38:00; последний поезд по 1 пути в 01:47:00, по 2 пути в 01:18:00";"";"";"7";"[{global_id=3503, RepairOfEscalators=15.12.2023-18.12.2023}, {global_id=3611, RepairOfEscalators=27.03.2024-29.03.2024}, {global_id=3936, RepairOfEscalators=28.10.2024-13.12.2024}]";"действует";"[Geometry[type=Point, coordinates=[37.767736, 55.70552184]]]";"{type=Point, coordinates=[37.767736, 55.70552184]}";"2537358604";
"";"";"Кленовый бульвар, вход-выход 1 в вестибюль";"1";"да";"Южный административный округ";"район Нагатинский Затон";"37.68303647";"55.67497063";"подземный";"Кленовый бульвар";"Большая кольцевая линия";"не является объектом культурного наследия";"открытие в 05:30:00; закрытие в 01:00:00; первый поезд по 1 пути в 05:40:00, по 2 пути в 05:45:00; последний поезд по 1 пути в 01:05:00, по 2 пути в 01:03:00";"открытие в 05:30:00; закрытие в 01:00:00; первый поезд по 1 пути в 05:40:00, по 2 пути в 05:45:00; последний поезд по 1 пути в 01:03:00, по 2 пути в 01:10:00";"";"";"5";"[]";"действует";"[Geometry[type=Point, coordinates=[37.68303647, 55.67497063]]]";"{type=Point, coordinates=[37.68303647, 55.67497063]}";"2565537986";
"";"";"Нагатинский Затон, вход-выход 1 в вестибюль";"1";"да";"Южный административный округ";"район Нагатинский Затон";"37.70459977";"55.68433066";"подземный";"Нагатинский Затон";"Большая кольцевая линия";"не является объектом культурного наследия";"открытие в 05:30:00; закрытие в 01:00:00; первый поезд по 1 пути в 05:43:00, по 2 пути в 05:42:00; последний поезд по 1 пути в 01:03:00, по 2 пути в 01:11:00";"открытие в 05:30:00; закрытие в 01:00:00; первый поезд по 1 пути в 05:43:00, по 2 пути в 05:42:00; последний поезд по 1 пути в 01:05:00, по 2 пути в 01:07:00";"";"";"3";"[]";"действует";"[Geometry[type=Point, coordinates=[37.70459977, 55.68433066]]]";"{type=Point, coordinates=[37.70459977, 55.68433066]}";"2565538148";
"";"";"Сокольники, вход-выход 3 в вестибюль 2";"3";"да";"Восточный административный округ";"район Сокольники";"37.67893615";"55.78942010";"подземный";"Сокольники";"Большая кольцевая линия";"не является объектом культурного наследия";"открытие в 05:30:00; закрытие в 01:00:00; первый поезд по 1 пути в 05:44:00, по 2 пути в 05:47:00; последний поезд по 1 пути в 01:10:00, по 2 пути в 01:05:00";"открытие в 05:30:00; закрытие в 01:00:00; первый поезд по 1 пути в 05:55:00, по 2 пути в 05:58:00; последний поезд по 1 пути в 01:12:00, по 2 пути в 01:10:00";"";"";"3";"[]";"действует";"[Geometry[type=Point, coordinates=[37.67893615, 55.7894201]]]";"{type=Point, coordinates=[37.67893615, 55.7894201]}";"2565538152";
"";"";"Сокольники, вход-выход 4 в вестибюль 2";"4";"да";"Восточный административный округ";"район Сокольники";"37.68092635";"55.78966794";"подземный";"Сокольники";"Большая кольцевая линия";"не является объектом культурного наследия";"открытие в 05:30:00; закрытие в 01:00:00; первый поезд по 1 пути в 05:44:00, по 2 пути в 05:47:00; последний поезд по 1 пути в 01:10:00, по 2 пути в 01:05:00";"открытие в 05:30:00; закрытие в 01:00:00; первый поезд по 1 пути в 05:55:00, по 2 пути в 05:58:00; последний поезд по 1 пути в 01:12:00, по 2 пути в 01:10:00";"";"";"3";"[]";"действует";"[Geometry[type=Point, coordinates=[37.68092635, 55.78966794]]]";"{type=Point, coordinates=[37.68092635, 55.78966794]}";"2565538153";
"";"";"Сокольники, вход-выход 5 в вестибюль 1";"5";"да";"Восточный административный округ";"район Сокольники";"37.67821196";"55.79075054";"подземный";"Сокольники";"Большая кольцевая линия";"не является объектом культурного наследия";"открытие в 05:30:00; закрытие в 01:00:00; первый поезд по 1 пути в 05:44:00, по 2 пути в 05:47:00; последний поезд по 1 пути в 01:10:00, по 2 пути в 01:05:00";"открытие в 05:30:00; закрытие в 01:00:00; первый поезд по 1 пути в 05:55:00, по 2 пути в 05:58:00; последний поезд по 1 пути в 01:12:00, по 2 пути в 01:10:00";"";"";"3";"[]";"действует";"[Geometry[type=Point, coordinates=[37.67821196, 55.79075054]]]";"{type=Point, coordinates=[37.67821196, 55.79075054]}";"2565538154";
"";"";"Рижская, вход-выход 2 в вестибюль";"2";"да";"Северо-Восточный административный округ";"район Марьина Роща";"37.63370014";"55.79254739";"подземный";"Рижская";"Большая кольцевая линия";"не является объектом культурного наследия";"открытие в 05:30:00; закрытие в 01:00:00; первый поезд по 1 пути в 05:48:00, по 2 пути в 05:43:00; последний поезд по 1 пути в 01:15:00, по 2 пути в 01:06:00";"открытие в 05:30:00; закрытие в 01:00:00; первый поезд по 1 пути в 05:59:00, по 2 пути в 05:54:00; последний поезд по 1 пути в 01:16:00, по 2 пути в 01:06:00";"";"";"2";"[{global_id=3494, RepairOfEscalators=20.12.2023-29.12.2023}]";"действует";"[Geometry[type=Point, coordinates=[37.63370014, 55.79254739]]]";"{type=Point, coordinates=[37.63370014, 55.79254739]}";"2565538155";
"";"";"Рижская, вход-выход 3 в вестибюль";"3";"да";"Центральный административный округ";"Мещанский район";"37.63516999";"55.79237814";"подземный";"Рижская";"Большая кольцевая линия";"не является объектом культурного наследия";"открытие в 05:30:00; закрытие в 01:00:00; первый поезд по 1 пути в 05:48:00, по 2 пути в 05:43:00; последний поезд по 1 пути в 01:15:00, по 2 пути в 01:06:00";"открытие в 05:30:00; закрытие в 01:00:00; первый поезд по 1 пути в 05:59:00, по 2 пути в 05:54:00; последний поезд по 1 пути в 01:16:00, по 2 пути в 01:06:00";"";"";"2";"[{global_id=3495, RepairOfEscalators=20.12.2023-29.12.2023}]";"действует";"[Geometry[type=Point, coordinates=[37.63516999, 55.79237814]]]";"{type=Point, coordinates=[37.63516999, 55.79237814]}";"2565538156";
"";"";"Рижская, вход-выход 4 в вестибюль";"4";"да";"Центральный административный округ";"Мещанский район";"37.63537384";"55.79154399";"подземный";"Рижская";"Большая кольцевая линия";"не является объектом культурного наследия";"открытие в 05:30:00; закрытие в 01:00:00; первый поезд по 1 пути в 05:48:00, по 2 пути в 05:43:00; последний поезд по 1 пути в 01:15:00, по 2 пути в 01:06:00";"открытие в 05:30:00; закрытие в 01:00:00; первый поезд по 1 пути в 05:59:00, по 2 пути в 05:54:00; последний поезд по 1 пути в 01:16:00, по 2 пути в 01:06:00";"";"";"2";"[{global_id=3496, RepairOfEscalators=20.12.2023-29.12.2023}]";"действует";"[Geometry[type=Point, coordinates=[37.63537384, 55.79154399]]]";"{type=Point, coordinates=[37.63537384, 55.79154399]}";"2565538157";
"";"";"Рижская, вход-выход 5 в вестибюль";"5";"да";"Центральный административный округ";"Мещанский район";"37.63423659";"55.79155003";"подземный";"Рижская";"Большая кольцевая линия";"не является объектом культурного наследия";"открытие в 05:30:00; закрытие в 01:00:00; первый поезд по 1 пути в 05:48:00, по 2 пути в 05:43:00; последний поезд по 1 пути в 01:15:00, по 2 пути в 01:06:00";"открытие в 05:30:00; закрытие в 01:00:00; первый поезд по 1 пути в 05:59:00, по 2 пути в 05:54:00; последний поезд по 1 пути в 01:16:00, по 2 пути в 01:06:00";"";"";"2";"[{global_id=3497, RepairOfEscalators=20.12.2023-29.12.2023}]";"действует";"[Geometry[type=Point, coordinates=[37.63423659, 55.79155003]]]";"{type=Point, coordinates=[37.63423659, 55.79155003]}";"2565538158";
"";"";"Рижская, вход-выход 6 в вестибюль";"6";"да";"Центральный административный округ";"Мещанский район";"37.63381816";"55.79151377";"подземный";"Рижская";"Большая кольцевая линия";"не является объектом культурного наследия";"открытие в 05:30:00; закрытие в 01:00:00; первый поезд по 1 пути в 05:48:00, по 2 пути в 05:43:00; последний поезд по 1 пути в 01:15:00, по 2 пути в 01:06:00";"открытие в 05:30:00; закрытие в 01:00:00; первый поезд по 1 пути в 05:59:00, по 2 пути в 05:54:00; последний поезд по 1 пути в 01:16:00, по 2 пути в 01:06:00";"";"";"2";"[{global_id=3498, RepairOfEscalators=20.12.2023-29.12.2023}]";"действует";"[Geometry[type=Point, coordinates=[37.63381816, 55.79151377]]]";"{type=Point, coordinates=[37.63381816, 55.79151377]}";"2565538159";
"";"";"Рижская, вход-выход 7 в вестибюль";"7";"да";"Центральный административный округ";"Мещанский район";"37.63243414";"55.79156817";"подземный";"Рижская";"Большая кольцевая линия";"не является объектом культурного наследия";"открытие в 05:30:00; закрытие в 01:00:00; первый поезд по 1 пути в 05:48:00, по 2 пути в 05:43:00; последний поезд по 1 пути в 01:15:00, по 2 пути в 01:06:00";"открытие в 05:30:00; закрытие в 01:00:00; первый поезд по 1 пути в 05:59:00, по 2 пути в 05:54:00; последний поезд по 1 пути в 01:16:00, по 2 пути в 01:06:00";"";"";"2";"[{global_id=3499, RepairOfEscalators=20.12.2023-29.12.2023}]";"действует";"[Geometry[type=Point, coordinates=[37.63243414, 55.79156817]]]";"{type=Point, coordinates=[37.63243414, 55.79156817]}";"2565538160";
"";"";"Рижская, вход-выход 8 в вестибюль";"8";"да";"Северо-Восточный административный округ";"район Марьина Роща";"37.63304568";"55.79238419";"подземный";"Рижская";"Большая кольцевая линия";"не является объектом культурного наследия";"открытие в 05:30:00; закрытие в 01:00:00; первый поезд по 1 пути в 05:48:00, по 2 пути в 05:43:00; последний поезд по 1 пути в 01:15:00, по 2 пути в 01:06:00";"открытие в 05:30:00; закрытие в 01:00:00; первый поезд по 1 пути в 05:59:00, по 2 пути в 05:54:00; последний поезд по 1 пути в 01:16:00, по 2 пути в 01:06:00";"";"";"2";"[{global_id=3500, RepairOfEscalators=20.12.2023-29.12.2023}]";"действует";"[Geometry[type=Point, coordinates=[37.63304568, 55.79238419]]]";"{type=Point, coordinates=[37.63304568, 55.79238419]}";"2565538161";
"";"";"Марьина Роща, вход-выход 6 в вестибюль";"6";"да";"Северо-Восточный административный округ";"район Марьина Роща";"37.61780524";"55.79772774";"наземный отдельностоящий";"Марьина Роща";"Большая кольцевая линия";"не является объектом культурного наследия";"открытие в 05:30:00; закрытие в 01:00:00; первый поезд по 1 пути в 05:50:00; по 2 пути в 05:41:00; последний поезд по 1 пути в 01:06:00, по 2 пути в 01:08:00";"открытие в 05:30:00; закрытие в 01:00:00; первый поезд по 1 пути в 05:56:00; по 2 пути в 05:52:00; последний поезд по 1 пути в 01:06:00, по 2 пути в 01:13:00";"";"";"2";"[{global_id=4085, RepairOfEscalators=14.01.2024-29.04.2025}]";"действует";"[Geometry[type=Point, coordinates=[37.61780524, 55.79772774]]]";"{type=Point, coordinates=[37.61780524, 55.79772774]}";"2565538162";
"";"";"Варшавская, вход-выход 4 в вестибюль 1";"4";"да";"Южный административный округ";"район Москворечье-Сабурово";"37.62310219";"55.65374375";"подземный";"Варшавская";"Большая кольцевая линия";"не является объектом культурного наследия";"открытие в 05:25:00; закрытие в 01:00:00; первый поезд по 1 пути в 05:32:00, по 2 пути в 05:48:00; последний поезд по 1 пути в 01:05:00, по 2 пути в 01:05:00";"открытие в 05:25:00; закрытие в 01:00:00; первый поезд по 1 пути в 05:32:00, по 2 пути в 05:48:00; последний поезд по 1 пути в 01:03:00, по 2 пути в 01:07:00";"";"";"5";"[{global_id=3637, RepairOfEscalators=08.04.2024-31.05.2024}]";"действует";"[Geometry[type=Point, coordinates=[37.62310219, 55.65374375]]]";"{type=Point, coordinates=[37.62310219, 55.65374375]}";"2565538917";
"";"";"Варшавская, вход-выход в вестибюль 1";"";"да";"Южный административный округ";"Нагорный район";"37.62101006";"55.65358357";"подземный";"Варшавская";"Большая кольцевая линия";"не является объектом культурного наследия";"открытие в 05:25:00; закрытие в 01:00:00; первый поезд по 1 пути в 05:32:00, по 2 пути в 05:48:00; последний поезд по 1 пути в 01:05:00, по 2 пути в 01:05:00";"открытие в 05:25:00; закрытие в 01:00:00; первый поезд по 1 пути в 05:32:00, по 2 пути в 05:48:00; последний поезд по 1 пути в 01:03:00, по 2 пути в 01:07:00";"";"";"5";"[{global_id=3638, RepairOfEscalators=08.04.2024-31.05.2024}]";"действует";"[Geometry[type=Point, coordinates=[37.62101006, 55.65358357]]]";"{type=Point, coordinates=[37.62101006, 55.65358357]}";"2565538960";
"";"";"Текстильщики, вход-выход 8 в вестибюль 1";"8";"да";"Юго-Восточный административный округ";"район Печатники";"37.72818572";"55.70854622";"наземный отдельностоящий";"Текстильщики";"Большая кольцевая линия";"не является объектом культурного наследия";"открытие в 05:30:00; закрытие в 01:00:00; первый поезд по 1 пути в 05:50:00, по 2 пути в 05:37:00; последний поезд по 1 пути в 01:04:00, по 2 пути в 01:05:00";"открытие в 05:30:00; закрытие в 01:00:00; первый поезд по 1 пути в 05:50:00, по 2 пути в 05:37:00; последний поезд по 1 пути в 01:06:00, по 2 пути в 01:08:00";"";"";"5";"[]";"действует";"[Geometry[type=Point, coordinates=[37.72818572, 55.70854622]]]";"{type=Point, coordinates=[37.72818572, 55.70854622]}";"2565539082";
"";"";"Текстильщики, вход-выход 9 в вестибюль 2";"9";"да";"Юго-Восточный административный округ";"район Печатники";"37.72842758";"55.70636843";"наземный отдельностоящий";"Текстильщики";"Большая кольцевая линия";"не является объектом культурного наследия";"открытие в 05:30:00; закрытие в 01:00:00; первый поезд по 1 пути в 05:50:00, по 2 пути в 05:37:00; последний поезд по 1 пути в 01:04:00, по 2 пути в 01:05:00";"открытие в 05:30:00; закрытие в 01:00:00; первый поезд по 1 пути в 05:50:00, по 2 пути в 05:37:00; последний поезд по 1 пути в 01:06:00, по 2 пути в 01:08:00";"";"";"3";"[]";"действует";"[Geometry[type=Point, coordinates=[37.72842758, 55.70636843]]]";"{type=Point, coordinates=[37.72842758, 55.70636843]}";"2565539126";
"";"";"Печатники БКЛ, вход-выход 1 в вестибюль 1";"1";"да";"Юго-Восточный административный округ";"район Печатники";"37.72881957";"55.69456709";"подземный";"Печатники";"Большая кольцевая линия";"не является объектом культурного наследия";"открытие в 05:25:00; закрытие в 01:00:00; первый поезд по 1 пути в 05:45:00, по 2 пути в 05:39:00; последний поезд по 1 пути в 01:06:00, по 2 пути в 01:08:00";"открытие в 05:25:00; закрытие в 01:00:00; первый поезд по 1 пути в 05:45:00, по 2 пути в 05:39:00; последний поезд по 1 пути в 01:08:00, по 2 пути в 01:11:00";"";"";"3";"[{global_id=3157, RepairOfEscalators=22.03.2023-23.05.2023}, {global_id=3197, RepairOfEscalators=24.07.2023-24.09.2023}, {global_id=3547, RepairOfEscalators=10.01.2024-08.02.2024}]";"действует";"[Geometry[type=Point, coordinates=[37.72881957, 55.69456709]]]";"{type=Point, coordinates=[37.72881957, 55.69456709]}";"2565540425";
"";"";"Аминьевская, вход-выход 1 в вестибюль 1";"1";"да";"Западный административный округ";"район Раменки";"37.46837859";"55.69651341";"подземный";"Аминьевская";"Большая кольцевая линия";"не является объектом культурного наследия";"открытие в 05:30:00; закрытие в 01:00:00; первый поезд по 1 пути в 05:52:00, по 2 пути в 05:49:00; последний поезд по 1 пути в 01:05:00, по 2 пути в 01:11:00";"открытие в 05:30:00; закрытие в 01:00:00; первый поезд по 1 пути в 05:54:00, по 2 пути в 05:49:00; последний поезд по 1 пути в 01:07:00, по 2 пути в 01:05:00";"";"";"3";"[]";"действует";"[Geometry[type=Point, coordinates=[37.46837859, 55.69651341]]]";"{type=Point, coordinates=[37.46837859, 55.69651341]}";"2587547703";
"";"";"Царицыно, вход-выход 7 в северный вестибюль";"7";"да";"Южный административный округ";"район Царицыно";"37.66893328";"55.62243300";"подземный";"Царицыно";"Замоскворецкая линия";"не является объектом культурного наследия";"открытие в 05:30:00; закрытие в 01:00:00; первый поезд по 1 пути в 05:38:00, по 2 пути в 05:58:00; последний поезд по 1 пути в 01:16:00, по 2 пути в 01:53:00";"открытие в 05:30:00; закрытие в 01:00:00; первый поезд по 1 пути в 05:38:00, по 2 пути в 05:58:00; последний поезд по 1 пути в 01:16:00, по 2 пути в 01:53:00";"";"";"3";"[{global_id=3799, RepairOfEscalators=22.07.2024-30.08.2024}]";"действует";"[Geometry[type=Point, coordinates=[37.66893328, 55.622433]]]";"{type=Point, coordinates=[37.66893328, 55.622433]}";"2588197262";
"";"";"Аминьевская, вход-выход 5 в вестибюль 1";"5";"да";"Западный административный округ";"район Очаково-Матвеевское";"37.46417020";"55.69583171";"подземный";"Аминьевская";"Большая кольцевая линия";"не является объектом культурного наследия";"открытие в 05:30:00; закрытие в 01:00:00; первый поезд по 1 пути в 05:52:00, по 2 пути в 05:49:00; последний поезд по 1 пути в 01:05:00, по 2 пути в 01:11:00";"открытие в 05:30:00; закрытие в 01:00:00; первый поезд по 1 пути в 05:54:00, по 2 пути в 05:49:00; последний поезд по 1 пути в 01:07:00, по 2 пути в 01:05:00";"";"";"3";"[]";"действует";"[Geometry[type=Point, coordinates=[37.4641702, 55.69583171]]]";"{type=Point, coordinates=[37.4641702, 55.69583171]}";"2588368982";
"";"";"Аминьевская, вход-выход 6 в вестибюль 1";"6";"да";"Западный административный округ";"район Очаково-Матвеевское";"37.46300613";"55.69599532";"подземный";"Аминьевская";"Большая кольцевая линия";"не является объектом культурного наследия";"открытие в 05:30:00; закрытие в 01:00:00; первый поезд по 1 пути в 05:52:00, по 2 пути в 05:49:00; последний поезд по 1 пути в 01:05:00, по 2 пути в 01:11:00";"открытие в 05:30:00; закрытие в 01:00:00; первый поезд по 1 пути в 05:54:00, по 2 пути в 05:49:00; последний поезд по 1 пути в 01:07:00, по 2 пути в 01:05:00";"";"";"3";"[]";"действует";"[Geometry[type=Point, coordinates=[37.46300613, 55.69599532]]]";"{type=Point, coordinates=[37.46300613, 55.69599532]}";"2588368986";
"";"";"Пыхтино, вход-выход 1 в вестибюль";"1";"да";"Новомосковский административный округ";"район Внуково";"37.29779906";"55.62503555";"наземный отдельностоящий";"Пыхтино";"Солнцевская линия";"не является объектом культурного наследия";"открытие в 05:30:00; закрытие в 01:00:00; первый поезд по 1 пути в 05:46:00, по 2 пути в 05:57:00; последний поезд по 1 пути в 01:42:00, по 2 пути в 01:06:00";"открытие в 05:30:00; закрытие в 01:00:00; первый поезд по 1 пути в 05:43:00, по 2 пути в 05:57:00; последний поезд по 1 пути в 01:42:00, по 2 пути в 01:06:00";"";"";"6";"[]";"действует";"[Geometry[type=Point, coordinates=[37.29779906, 55.62503555]]]";"{type=Point, coordinates=[37.29779906, 55.62503555]}";"2615664133";
"";"";"Аэропорт Внуково, вход-выход 3 в вестибюль";"3";"да";"Новомосковский административный округ";"район Внуково";"37.29021220";"55.60683311";"подземный";"Аэропорт Внуково";"Солнцевская линия";"не является объектом культурного наследия";"открытие в 05:30:00; закрытие в 01:00:00; первый поезд по 2 пути в 05:53:00; последний поезд по 2 пути в 01:03:00";"открытие в 05:30:00; закрытие в 01:00:00; первый поезд по 2 пути в 05:53:00; последний поезд по 2 пути в 01:03:00";"";"";"8";"[]";"действует";"[Geometry[type=Point, coordinates=[37.2902122, 55.60683311]]]";"{type=Point, coordinates=[37.2902122, 55.60683311]}";"2615664507";
"";"";"Яхромская, вход-выход 1 в вестибюль 2";"1";"да";"Северный административный округ";"район Восточное Дегунино";"37.54520584";"55.88102013";"подземный";"Яхромская";"Люблинско-Дмитровская линия";"не является объектом культурного наследия";"открытие в 05:30:00; закрытие в 01:00:00; первый поезд по 1 пути в 05:46:00, по 2 пути в 05:49:00; последний поезд по 1 пути в 01:09:00, по 2 пути в 02:02:00";"открытие в 05:30:00; закрытие в 01:00:00; первый поезд по 1 пути в 05:46:00, по 2 пути в 05:49:00; последний поезд по 1 пути в 01:09:00, по 2 пути в 02:02:00";"";"";"3";"[]";"действует";"[Geometry[type=Point, coordinates=[37.54520584, 55.88102013]]]";"{type=Point, coordinates=[37.54520584, 55.88102013]}";"2615992055";
"";"";"Яхромская, вход-выход 3 в вестибюль 1";"3";"да";"Северный административный округ";"район Восточное Дегунино";"37.54647094";"55.87903740";"подземный";"Яхромская";"Люблинско-Дмитровская линия";"не является объектом культурного наследия";"открытие в 05:30:00; закрытие в 01:00:00; первый поезд по 1 пути в 05:46:00, по 2 пути в 05:49:00; последний поезд по 1 пути в 01:09:00, по 2 пути в 02:02:00";"открытие в 05:30:00; закрытие в 01:00:00; первый поезд по 1 пути в 05:46:00, по 2 пути в 05:49:00; последний поезд по 1 пути в 01:09:00, по 2 пути в 02:02:00";"";"";"3";"[]";"действует";"[Geometry[type=Point, coordinates=[37.54647094, 55.8790374]]]";"{type=Point, coordinates=[37.54647094, 55.8790374]}";"2615992132";
"";"";"Яхромская, вход-выход 4 в вестибюль 1";"4";"да";"Северный административный округ";"Дмитровский район";"37.54532295";"55.87883838";"подземный";"Яхромская";"Люблинско-Дмитровская линия";"не является объектом культурного наследия";"открытие в 05:30:00; закрытие в 01:00:00; первый поезд по 1 пути в 05:46:00, по 2 пути в 05:49:00; последний поезд по 1 пути в 01:09:00, по 2 пути в 02:02:00";"открытие в 05:30:00; закрытие в 01:00:00; первый поезд по 1 пути в 05:46:00, по 2 пути в 05:49:00; последний поезд по 1 пути в 01:09:00, по 2 пути в 02:02:00";"";"";"3";"[]";"действует";"[Geometry[type=Point, coordinates=[37.54532295, 55.87883838]]]";"{type=Point, coordinates=[37.54532295, 55.87883838]}";"2615993679";
"";"";"Лианозово, вход-выход 1 в вестибюль 1";"1";"да";"Северный административный округ";"Дмитровский район";"37.54393854";"55.89716361";"подземный";"Лианозово";"Люблинско-Дмитровская линия";"не является объектом культурного наследия";"открытие в 05:30:00; закрытие в 01:00:00; первый поезд по 1 пути в 05:43:00, по 2 пути в 05:52:00; последний поезд по 1 пути в 01:06:00, по 2 пути в 02:05:00";"открытие в 05:30:00; закрытие в 01:00:00; первый поезд по 1 пути в 05:43:00, по 2 пути в 05:52:00; последний поезд по 1 пути в 01:06:00, по 2 пути в 02:05:00";"";"";"4";"[{global_id=3425, RepairOfEscalators=06.11.2023-08.12.2023}]";"действует";"[Geometry[type=Point, coordinates=[37.54393854, 55.89716361]]]";"{type=Point, coordinates=[37.54393854, 55.89716361]}";"2615993680";
"";"";"Лианозово, вход-выход 2 в вестибюль 1";"2";"да";"Северный административный округ";"Дмитровский район";"37.54375078";"55.89769710";"подземный";"Лианозово";"Люблинско-Дмитровская линия";"не является объектом культурного наследия";"открытие в 05:30:00; закрытие в 01:00:00; первый поезд по 1 пути в 05:43:00, по 2 пути в 05:52:00; последний поезд по 1 пути в 01:06:00, по 2 пути в 02:05:00";"открытие в 05:30:00; закрытие в 01:00:00; первый поезд по 1 пути в 05:43:00, по 2 пути в 05:52:00; последний поезд по 1 пути в 01:06:00, по 2 пути в 02:05:00";"";"";"4";"[{global_id=3426, RepairOfEscalators=06.11.2023-08.12.2023}]";"действует";"[Geometry[type=Point, coordinates=[37.54375078, 55.8976971]]]";"{type=Point, coordinates=[37.54375078, 55.8976971]}";"2615993681";
"";"";"Лианозово, вход-выход 3 в вестибюль 1";"3";"да";"Северный административный округ";"Дмитровский район";"37.54374542";"55.89798947";"подземный";"Лианозово";"Люблинско-Дмитровская линия";"не является объектом культурного наследия";"открытие в 05:30:00; закрытие в 01:00:00; первый поезд по 1 пути в 05:43:00, по 2 пути в 05:52:00; последний поезд по 1 пути в 01:06:00, по 2 пути в 02:05:00";"открытие в 05:30:00; закрытие в 01:00:00; первый поезд по 1 пути в 05:43:00, по 2 пути в 05:52:00; последний поезд по 1 пути в 01:06:00, по 2 пути в 02:05:00";"";"";"4";"[{global_id=3427, RepairOfEscalators=06.11.2023-08.12.2023}]";"действует";"[Geometry[type=Point, coordinates=[37.54374542, 55.89798947]]]";"{type=Point, coordinates=[37.54374542, 55.89798947]}";"2615993683";
"";"";"Лианозово, вход-выход 4 в вестибюль 1";"4";"да";"Северный административный округ";"Дмитровский район";"37.54308023";"55.89772724";"подземный";"Лианозово";"Люблинско-Дмитровская линия";"не является объектом культурного наследия";"открытие в 05:30:00; закрытие в 01:00:00; первый поезд по 1 пути в 05:43:00, по 2 пути в 05:52:00; последний поезд по 1 пути в 01:06:00, по 2 пути в 02:05:00";"открытие в 05:30:00; закрытие в 01:00:00; первый поезд по 1 пути в 05:43:00, по 2 пути в 05:52:00; последний поезд по 1 пути в 01:06:00, по 2 пути в 02:05:00";"";"";"4";"[{global_id=3428, RepairOfEscalators=06.11.2023-08.12.2023}]";"действует";"[Geometry[type=Point, coordinates=[37.54308023, 55.89772724]]]";"{type=Point, coordinates=[37.54308023, 55.89772724]}";"2615993685";
"";"";"Лианозово, вход-выход 6 в вестибюль 2";"6";"да";"Северный административный округ";"Дмитровский район";"37.54544058";"55.89916793";"подземный";"Лианозово";"Люблинско-Дмитровская линия";"не является объектом культурного наследия";"открытие в 05:30:00; закрытие в 01:00:00; первый поезд по 1 пути в 05:43:00, по 2 пути в 05:52:00; последний поезд по 1 пути в 01:06:00, по 2 пути в 02:05:00";"открытие в 05:30:00; закрытие в 01:00:00; первый поезд по 1 пути в 05:43:00, по 2 пути в 05:52:00; последний поезд по 1 пути в 01:06:00, по 2 пути в 02:05:00";"";"";"4";"[]";"действует";"[Geometry[type=Point, coordinates=[37.54544058, 55.89916793]]]";"{type=Point, coordinates=[37.54544058, 55.89916793]}";"2615993688";
"";"";"Лианозово, вход-выход 8 в вестибюль 2";"8";"да";"Северо-Восточный административный округ";"район Лианозово";"37.54743078";"55.89971647";"подземный";"Лианозово";"Люблинско-Дмитровская линия";"не является объектом культурного наследия";"открытие в 05:30:00; закрытие в 01:00:00; первый поезд по 1 пути в 05:43:00, по 2 пути в 05:52:00; последний поезд по 1 пути в 01:06:00, по 2 пути в 02:05:00";"открытие в 05:30:00; закрытие в 01:00:00; первый поезд по 1 пути в 05:43:00, по 2 пути в 05:52:00; последний поезд по 1 пути в 01:06:00, по 2 пути в 02:05:00";"";"";"4";"[]";"действует";"[Geometry[type=Point, coordinates=[37.54743078, 55.89971647]]]";"{type=Point, coordinates=[37.54743078, 55.89971647]}";"2615993690";
"";"";"Физтех, вход-выход 1 в вестибюль 2";"1";"да";"Северо-Восточный административный округ";"район Северный";"37.54697502";"55.92288035";"наземный отдельностоящий";"Физтех";"Люблинско-Дмитровская линия";"не является объектом культурного наследия";"открытие в 05:30:00; закрытие в 01:00:00; первый поезд по 1 пути в 05:40:00; последний поезд по 1 пути в 01:03:00";"открытие в 05:30:00; закрытие в 01:00:00; первый поезд по 1 пути в 05:40:00; последний поезд по 1 пути в 01:03:00";"";"";"3";"[]";"действует";"[Geometry[type=Point, coordinates=[37.54697502, 55.92288035]]]";"{type=Point, coordinates=[37.54697502, 55.92288035]}";"2615993692";
"";"";"Лианозово, вход-выход 5 в вестибюль 1";"5";"да";"Северный административный округ";"Дмитровский район";"37.54311977";"55.89796435";"подземный";"Лианозово";"Люблинско-Дмитровская линия";"не является объектом культурного наследия";"открытие в 05:30:00; закрытие в 01:00:00; первый поезд по 1 пути в 05:43:00, по 2 пути в 05:52:00; последний поезд по 1 пути в 01:06:00, по 2 пути в 02:05:00";"открытие в 05:30:00; закрытие в 01:00:00; первый поезд по 1 пути в 05:43:00, по 2 пути в 05:52:00; последний поезд по 1 пути в 01:06:00, по 2 пути в 02:05:00";"";"";"4";"[{global_id=3429, RepairOfEscalators=06.11.2023-08.12.2023}]";"действует";"[Geometry[type=Point, coordinates=[37.54311977, 55.89796435]]]";"{type=Point, coordinates=[37.54311977, 55.89796435]}";"2615994040";
"";"";"Москва-Сити, вход-выход 6";"6";"да";"Центральный административный округ";"Пресненский район";"37.53178235";"55.74780274";"наземный отдельностоящий";"Москва-Сити";"Московское центральное кольцо";"не является объектом культурного наследия";"открытие в 05:30:00; закрытие в 01:00:00; первый поезд по 1 пути в 06:00:00, по 2 пути 05:35:00; последний поезд по 1 пути в 23:28:00, по 2 пути в 23:03:00";"открытие в 05:30:00; закрытие в 01:00:00; первый поезд по 1 пути в 06:00:00, по 2 пути 05:35:00; последний поезд по 1 пути в 23:28:00, по 2 пути в 23:03:00";"";"";"0";"[]";"действует";"[Geometry[type=Point, coordinates=[37.53178235, 55.74780274]]]";"{type=Point, coordinates=[37.53178235, 55.74780274]}";"2617545723";
"";"";"Парк культуры, выход 1 из вестибюля";"1";"да";"Центральный административный округ";"район Хамовники";"37.59331589";"55.73534729";"наземный отдельностоящий";"Парк культуры";"Кольцевая линия";"объект культурного наследия регионального значения";"открытие в 05:30:00; закрытие в 01:00:00; первый поезд по 1 пути в 05:55:00, по 2 пути в 05:52:00; последний поезд по 1 пути в 01:34:00, по 2 пути в 01:23:00";"открытие в 05:30:00; закрытие в 01:00:00; первый поезд по 1 пути в 05:48:00, по 2 пути в 05:40:00; последний поезд по 1 пути в 01:31:00, по 2 пути в 01:23:00";"";"";"11";"[{global_id=3751, RepairOfEscalators=29.06.2024-06.09.2024}]";"действует";"[Geometry[type=Point, coordinates=[37.59331589, 55.73534729]]]";"{type=Point, coordinates=[37.59331589, 55.73534729]}";"2633828513";
"";"";"Парк культуры, выход 2 из вестибюля";"2";"да";"Центральный административный округ";"район Хамовники";"37.59274189";"55.73519292";"наземный отдельностоящий";"Парк культуры";"Кольцевая линия";"объект культурного наследия регионального значения";"открытие в 05:30:00; закрытие в 01:00:00; первый поезд по 1 пути в 05:55:00, по 2 пути в 05:52:00; последний поезд по 1 пути в 01:34:00, по 2 пути в 01:23:00";"открытие в 05:30:00; закрытие в 01:00:00; первый поезд по 1 пути в 05:48:00, по 2 пути в 05:40:00; последний поезд по 1 пути в 01:31:00, по 2 пути в 01:23:00";"";"";"11";"[{global_id=3752, RepairOfEscalators=29.06.2024-06.09.2024}]";"действует";"[Geometry[type=Point, coordinates=[37.59274189, 55.73519292]]]";"{type=Point, coordinates=[37.59274189, 55.73519292]}";"2633828529";
"";"";"Площадь Революции, вход-выход 10 в западный вестибюль (Театральная)";"10";"да";"Центральный административный округ";"Тверской район";"37.61955758";"55.75664866";"наземный, встроенный в здание";"Площадь Революции";"Арбатско-Покровская линия";"выявленный объект культурного наследия";"открытие в 05:30:00; закрытие в 01:00:00; первый поезд по 1 пути в 05:45:00, по 2 пути в 05:47:00; последний поезд по 1 пути в 01:25:00, по 2 пути в 01:44:00";"открытие в 05:30:00; закрытие в 01:00:00; первый поезд по 1 пути в 05:45:00, по 2 пути в 05:46:00; последний поезд по 1 пути в 01:25:00, по 2 пути в 01:44:00";"";"";"5";"[{global_id=3464, RepairOfEscalators=13.11.2023-29.12.2023}, {global_id=3493, RepairOfEscalators=12.01.2024-28.03.2024}, {global_id=3742, RepairOfEscalators=30.05.2024-15.08.2024}]";"действует";"[Geometry[type=Point, coordinates=[37.61955758, 55.75664866]]]";"{type=Point, coordinates=[37.61955758, 55.75664866]}";"2633828554";
"";"";"Комсомольская, вход-выход 14 в вестибюль";"14";"да";"Центральный административный округ";"Красносельский район";"37.65842913";"55.77277242";"наземный отдельностоящий";"Комсомольская";"Кольцевая линия";"объект культурного наследия регионального значения";"открытие в 05:30:00; закрытие в 01:00:00; первый поезд по 1 пути в 05:42:00, по 2 пути в 05:46:00; последний поезд по 1 пути в 01:27:00, по 2 пути в 01:31:00";"открытие в 05:30:00; закрытие в 01:00:00; первый поезд по 1 пути в 05:42:00, по 2 пути в 05:45:00; последний поезд по 1 пути в 01:32:00, по 2 пути в 01:30:00";"";"";"25";"[]";"действует";"[Geometry[type=Point, coordinates=[37.65842913, 55.77277242]]]";"{type=Point, coordinates=[37.65842913, 55.77277242]}";"2637483209";
"";"";"Комсомольская, вход-выход 8";"8";"да";"Центральный административный округ";"Красносельский район";"37.65587806";"55.77583741";"наземный отдельностоящий";"Комсомольская";"Сокольническая линия";"выявленный объект культурного наследия";"открытие в 05:20:00; закрытие в 01:00:00; первый поезд по 1 пути в 05:33:00, по 2 пути в 06:00:00; последний поезд по 1 пути в 01:16:00, по 2 пути в 01:55:00";"открытие в 05:20:00; закрытие в 01:00:00; первый поезд по 1 пути в 05:33:00, по 2 пути в 06:00:00; последний поезд по 1 пути в 01:16:00, по 2 пути в 01:55:00";"";"";"9";"[]";"действует";"[Geometry[type=Point, coordinates=[37.65587806, 55.77583741]]]";"{type=Point, coordinates=[37.65587806, 55.77583741]}";"2637483218";
"";"";"Комсомольская, вход-выход 9";"9";"да";"Центральный административный округ";"Красносельский район";"37.65606581";"55.77548724";"наземный отдельностоящий";"Комсомольская";"Сокольническая линия";"выявленный объект культурного наследия";"открытие в 05:20:00; закрытие в 01:00:00; первый поезд по 1 пути в 05:33:00, по 2 пути в 06:00:00; последний поезд по 1 пути в 01:16:00, по 2 пути в 01:55:00";"открытие в 05:20:00; закрытие в 01:00:00; первый поезд по 1 пути в 05:33:00, по 2 пути в 06:00:00; последний поезд по 1 пути в 01:16:00, по 2 пути в 01:55:00";"";"";"9";"[]";"действует";"[Geometry[type=Point, coordinates=[37.65606581, 55.77548724]]]";"{type=Point, coordinates=[37.65606581, 55.77548724]}";"2637483219";
"";"";"Комсомольская, вход-выход 11";"11";"да";"Центральный административный округ";"Красносельский район";"37.65659689";"55.77510627";"наземный отдельностоящий";"Комсомольская";"Сокольническая линия";"объект культурного наследия регионального значения";"открытие в 05:20:00; закрытие в 01:00:00; первый поезд по 1 пути в 05:33:00, по 2 пути в 06:00:00; последний поезд по 1 пути в 01:16:00, по 2 пути в 01:55:00";"открытие в 05:20:00; закрытие в 01:00:00; первый поезд по 1 пути в 05:33:00, по 2 пути в 06:00:00; последний поезд по 1 пути в 01:16:00, по 2 пути в 01:55:00";"";"";"9";"[]";"действует";"[Geometry[type=Point, coordinates=[37.65659689, 55.77510627]]]";"{type=Point, coordinates=[37.65659689, 55.77510627]}";"2637483227";
"";"";"Комсомольская, вход 4";"4";"да";"Центральный административный округ";"Красносельский район";"37.65614858";"55.77362292";"наземный отдельностоящий";"Комсомольская";"Сокольническая линия";"выявленный объект культурного наследия";"открытие в 05:20:00; закрытие в 01:00:00; первый поезд по 1 пути в 05:33:00, по 2 пути в 06:00:00; последний поезд по 1 пути в 01:16:00, по 2 пути в 01:55:00";"открытие в 05:20:00; закрытие в 01:00:00; первый поезд по 1 пути в 05:33:00, по 2 пути в 06:00:00; последний поезд по 1 пути в 01:16:00, по 2 пути в 01:55:00";"";"";"9";"[]";"действует";"[Geometry[type=Point, coordinates=[37.65614858, 55.77362292]]]";"{type=Point, coordinates=[37.65614858, 55.77362292]}";"2637483230";
"";"";"Нижегородская, вход-выход 1 в вестибюль";"1";"да";"Юго-Восточный административный округ";"Нижегородский район";"37.73027956";"55.73121045";"подземный";"Нижегородская";"Большая кольцевая линия";"не является объектом культурного наследия";"открытие в 05:25:00; закрытие в 01:00:00; первый поезд по 1 пути в 05:42:00, по 2 пути в 05:32:00; последний поезд по 1 пути в 01:08:00, по 2 пути в 01:07:00";"открытие в 05:25:00; закрытие в 01:00:00; первый поезд по 1 пути в 05:42:00, по 2 пути в 05:32:00; последний поезд по 1 пути в 01:06:00, по 2 пути в 01:13:00";"";"";"13";"[]";"действует";"[Geometry[type=Point, coordinates=[37.73027956, 55.73121045]]]";"{type=Point, coordinates=[37.73027956, 55.73121045]}";"2641013647";
"";"";"Нижегородская, вход-выход 3 в вестибюль";"3";"да";"Юго-Восточный административный округ";"Нижегородский район";"37.73170113";"55.73078420";"подземный";"Нижегородская";"Большая кольцевая линия";"не является объектом культурного наследия";"открытие в 05:25:00; закрытие в 01:00:00; первый поезд по 1 пути в 05:42:00, по 2 пути в 05:32:00; последний поезд по 1 пути в 01:08:00, по 2 пути в 01:07:00";"открытие в 05:25:00; закрытие в 01:00:00; первый поезд по 1 пути в 05:42:00, по 2 пути в 05:32:00; последний поезд по 1 пути в 01:06:00, по 2 пути в 01:13:00";"";"";"13";"[]";"действует";"[Geometry[type=Point, coordinates=[37.73170113, 55.7307842]]]";"{type=Point, coordinates=[37.73170113, 55.7307842]}";"2641013669";
"";"";"Нижегородская, вход-выход 5 в вестибюль";"5";"да";"Юго-Восточный административный округ";"Нижегородский район";"37.73085497";"55.73261005";"наземный, встроенный в здание";"Нижегородская";"Большая кольцевая линия";"не является объектом культурного наследия";"открытие в 05:25:00; закрытие в 01:00:00; первый поезд по 1 пути в 05:42:00, по 2 пути в 05:32:00; последний поезд по 1 пути в 01:08:00, по 2 пути в 01:07:00";"открытие в 05:25:00; закрытие в 01:00:00; первый поезд по 1 пути в 05:42:00, по 2 пути в 05:32:00; последний поезд по 1 пути в 01:06:00, по 2 пути в 01:13:00";"";"";"4";"[]";"действует";"[Geometry[type=Point, coordinates=[37.73085497, 55.73261005]]]";"{type=Point, coordinates=[37.73085497, 55.73261005]}";"2641013681";
"";"";"Ботанический сад, вход-выход 5 в северный вестибюль";"5";"да";"Северо-Восточный административный округ";"район Свиблово";"37.63889460";"55.84677962";"подземный";"Ботанический сад";"Калужско-Рижская линия";"не является объектом культурного наследия";"открытие в 05:25:00; закрытие в 01:00:00; первый поезд по 1 пути в 06:01:00, по 2 пути в 05:31:00; последний поезд по 1 пути в 01:52:00, по 2 пути в 01:10:00";"открытие в 05:25:00; закрытие в 01:00:00; первый поезд по 1 пути в 06:00:00, по 2 пути в 05:31:00; последний поезд по 1 пути в 01:52:00, по 2 пути в 01:10:00";"";"";"4";"[]";"действует";"[Geometry[type=Point, coordinates=[37.6388946, 55.84677962]]]";"{type=Point, coordinates=[37.6388946, 55.84677962]}";"2641217762";
"";"";"Ботанический сад, вход-выход 6 в северный вестибюль";"6";"да";"Северо-Восточный административный округ";"район Свиблово";"37.63946322";"55.84680433";"подземный";"Ботанический сад";"Калужско-Рижская линия";"не является объектом культурного наследия";"открытие в 05:25:00; закрытие в 01:00:00; первый поезд по 1 пути в 06:01:00, по 2 пути в 05:31:00; последний поезд по 1 пути в 01:52:00, по 2 пути в 01:10:00";"открытие в 05:25:00; закрытие в 01:00:00; первый поезд по 1 пути в 06:00:00, по 2 пути в 05:31:00; последний поезд по 1 пути в 01:52:00, по 2 пути в 01:10:00";"";"";"4";"[]";"действует";"[Geometry[type=Point, coordinates=[37.63946322, 55.84680433]]]";"{type=Point, coordinates=[37.63946322, 55.84680433]}";"2641217802";
"";"";"Лианозово, вход-выход 7 в вестибюль 2";"7";"да";"Северный административный округ";"Дмитровский район";"37.54682460";"55.89919506";"подземный";"Лианозово";"Люблинско-Дмитровская линия";"не является объектом культурного наследия";"открытие в 05:30:00; закрытие в 01:00:00; первый поезд по 1 пути в 05:43:00, по 2 пути в 05:52:00; последний поезд по 1 пути в 01:06:00, по 2 пути в 02:05:00";"открытие в 05:30:00; закрытие в 01:00:00; первый поезд по 1 пути в 05:43:00, по 2 пути в 05:52:00; последний поезд по 1 пути в 01:06:00, по 2 пути в 02:05:00";"";"";"4";"[]";"действует";"[Geometry[type=Point, coordinates=[37.5468246, 55.89919506]]]";"{type=Point, coordinates=[37.5468246, 55.89919506]}";"2644244384";
"";"";"Окружная, вход-выход 9";"9";"да";"Северо-Восточный административный округ";"район Отрадное";"37.57308419";"55.84975060";"подземный";"Окружная";"Московское центральное кольцо";"не является объектом культурного наследия";"открытие в 05:30:00; закрытие в 01:00:00; первый поезд по 1 пути в 05:54:00, по 2 пути 05:50:00; последний поезд по 1 пути в 23:14:00, по 2 пути в 23:10:00";"открытие в 05:30:00; закрытие в 01:00:00; первый поезд по 1 пути в 05:54:00, по 2 пути 05:50:00; последний поезд по 1 пути в 23:14:00, по 2 пути в 23:10:00";"";"";"3";"[]";"действует";"[Geometry[type=Point, coordinates=[37.57308419, 55.8497506]]]";"{type=Point, coordinates=[37.57308419, 55.8497506]}";"2644244400";
"";"";"Домодедовская, вход-выход 14 в северный вестибюль";"14";"да";"Южный административный округ";"район Орехово-Борисово Южное";"37.71854012";"55.61008513";"подземный";"Домодедовская";"Замоскворецкая линия";"не является объектом культурного наследия";"открытие в 05:25:00; закрытие в 01:00:00; первый поезд по 1 пути в 05:32:00, по 2 пути в 05:59:00; последний поезд по 1 пути в 01:10:00, по 2 пути в 01:59:00";"открытие в 05:25:00; закрытие в 01:00:00; первый поезд по 1 пути в 05:32:00, по 2 пути в 05:59:00; последний поезд по 1 пути в 01:10:00, по 2 пути в 01:59:00";"";"";"7";"[]";"действует";"[Geometry[type=Point, coordinates=[37.71854012, 55.61008513]]]";"{type=Point, coordinates=[37.71854012, 55.61008513]}";"2654762683";
"";"";"Павелецкая, вход-выход 3 на жд платформы";"3";"да";"Центральный административный округ";"район Замоскворечье";"37.63999273";"55.72963597";"наземный, встроенный в здание";"Павелецкая";"Замоскворецкая линия";"объект культурного наследия регионального значения";"открытие в 05:30:00; закрытие в 01:00:00; первый поезд по 1 пути в 05:51:00, по 2 пути в 05:49:00; последний поезд по 1 пути в 01:34:00, по 2 пути в 01:35:00";"открытие в 05:30:00; закрытие в 01:00:00; первый поезд по 1 пути в 05:51:00, по 2 пути в 05:49:00; последний поезд по 1 пути в 01:34:00, по 2 пути в 01:35:00";"";"";"8";"[]";"действует";"[Geometry[type=Point, coordinates=[37.63999273, 55.72963597]]]";"{type=Point, coordinates=[37.63999273, 55.72963597]}";"2654762746";
"";"";"Ховрино, вход-выход 2а в вестибюль 2";"";"да";"Северный административный округ";"район Ховрино";"37.47942465";"55.87874751";"подземный";"Ховрино";"Замоскворецкая линия";"не является объектом культурного наследия";"открытие в 05:30:00; закрытие в 01:00:00; первый поезд по 2 пути в 06:02:00; последний поезд по 2 пути в 01:03:00";"открытие в 05:30:00; закрытие в 01:00:00; первый поезд по 2 пути в 05:41:00; последний поезд по 2 пути в 01:03:00";"";"";"7";"[]";"действует";"[Geometry[type=Point, coordinates=[37.47942465, 55.87874751]]]";"{type=Point, coordinates=[37.47942465, 55.87874751]}";"2654762789";
"";"";"Каширская, выход 2 из вестибюля 2";"2";"да";"Южный административный округ";"район Москворечье-Сабурово";"37.64729784";"55.65437013";"наземный отдельностоящий";"Каширская";"Большая кольцевая линия";"не является объектом культурного наследия";"открытие в 05:30:00; закрытие в 01:00:00; первый поезд по 1 пути в 05:35:00, по 2 пути в 05:49:00; последний поезд по 1 пути в 01:08:00, по 2 пути в 01:08:00";"открытие в 05:30:00; закрытие в 01:00:00; первый поезд по 1 пути в 05:35:00, по 2 пути в 05:49:00; последний поезд по 1 пути в 01:06:00, по 2 пути в 01:04:00";"";"";"6";"[]";"действует";"[Geometry[type=Point, coordinates=[37.64729784, 55.65437013]]]";"{type=Point, coordinates=[37.64729784, 55.65437013]}";"2654762835";
"";"";"Каширская, вход в вестибюль 1";"1";"да";"Южный административный округ";"район Нагатино-Садовники";"37.64955060";"55.65563863";"наземный отдельностоящий";"Каширская";"Замоскворецкая линия";"не является объектом культурного наследия";"открытие в 05:30:00; закрытие в 01:00:00; первый поезд по 1 пути в 05:45:00, по 2 пути в 05:52:00; последний поезд по 1 пути в 01:22:00, по 2 пути в 01:47:00";"открытие в 05:30:00; закрытие в 01:00:00; первый поезд по 1 пути в 05:45:00, по 2 пути в 05:52:00; последний поезд по 1 пути в 01:22:00, по 2 пути в 01:47:00";"";"";"6";"[]";"действует";"[Geometry[type=Point, coordinates=[37.6495506, 55.65563863]]]";"{type=Point, coordinates=[37.6495506, 55.65563863]}";"2654763014";
"";"";"Каширская, выход 4 из вестибюля 1";"4";"да";"Южный административный округ";"район Нагатино-Садовники";"37.65009777";"55.65579937";"наземный отдельностоящий";"Каширская";"Замоскворецкая линия";"не является объектом культурного наследия";"открытие в 05:30:00; закрытие в 01:00:00; первый поезд по 1 пути в 05:45:00, по 2 пути в 05:52:00; последний поезд по 1 пути в 01:22:00, по 2 пути в 01:47:00";"открытие в 05:30:00; закрытие в 01:00:00; первый поезд по 1 пути в 05:45:00, по 2 пути в 05:52:00; последний поезд по 1 пути в 01:22:00, по 2 пути в 01:47:00";"";"";"6";"[]";"действует";"[Geometry[type=Point, coordinates=[37.65009777, 55.65579937]]]";"{type=Point, coordinates=[37.65009777, 55.65579937]}";"2654763062";
"";"";"Октябрьская, выход 3 из вестибюль";"3";"да";"Центральный административный округ";"район Якиманка";"37.61234373";"55.73115471";"наземный отдельностоящий";"Октябрьская";"Калужско-Рижская линия";"не является объектом культурного наследия";"открытие в 05:30:00; закрытие в 01:00:00; первый поезд по 1 пути в 05:50:00, по 2 пути в 05:54:00; последний поезд по 1 пути в 01:30:00, по 2 пути в 01:32:00";"открытие в 05:30:00; закрытие в 01:00:00; первый поезд по 1 пути в 05:50:00, по 2 пути в 05:54:00; последний поезд по 1 пути в 01:30:00, по 2 пути в 01:32:00";"";"";"4";"[]";"действует";"[Geometry[type=Point, coordinates=[37.61234373, 55.73115471]]]";"{type=Point, coordinates=[37.61234373, 55.73115471]}";"2654763104";
"";"";"Китай-город, вход-выход 10 в южный вестибюль";"10";"да";"Центральный административный округ";"Тверской район";"37.63424607";"55.75417119";"подземный";"Китай-город";"Таганско-Краснопресненская линия";"не является объектом культурного наследия";"открытие в 05:30:00; закрытие в 01:00:00; первый поезд по 1 пути в 05:49:00, по 2 пути в 05:56:00; последний поезд по 1 пути в 01:32:00, по 2 пути в 01:33:00";"открытие в 05:30:00; закрытие в 01:00:00; первый поезд по 1 пути в 05:45:00, по 2 пути в 05:54:00; последний поезд по 1 пути в 01:32:00, по 2 пути в 01:33:00";"";"";"7";"[]";"действует";"[Geometry[type=Point, coordinates=[37.63424607, 55.75417119]]]";"{type=Point, coordinates=[37.63424607, 55.75417119]}";"2654763147";
"";"";"Петровско-Разумовская, вход-выход 5 в вестибюль 1";"5";"да";"Северный административный округ";"Тимирязевский район";"37.57250472";"55.83370594";"подземный";"Петровско-Разумовская";"Люблинско-Дмитровская линия";"не является объектом культурного наследия";"открытие в 05:20:00, закрытие в 01:00:00, первый поезд по 1 пути в 05:40:00, по 2 пути в 05:48:00, последний поезд по 1 пути в 01:18:00, по 2 пути в 01:53:00";"открытие в 05:20:00, закрытие в 01:00:00, первый поезд по 1 пути в 05:43:00, по 2 пути в 05:55:00, последний поезд по 1 пути в 01:18:00, по 2 пути в 01:53:00";"";"";"3";"[]";"действует";"[Geometry[type=Point, coordinates=[37.57250472, 55.83370594]]]";"{type=Point, coordinates=[37.57250472, 55.83370594]}";"2658155030";
"";"";"Улица Скобелевская, вход-выход 1 в южный вестибюль (А)";"1";"да";"Юго-Западный административный округ";"район Южное Бутово";"37.55603914";"55.54843590";"наземный отдельностоящий";"Улица Скобелевская";"Бутовская линия";"не является объектом культурного наследия";"открытие в 05:30:00; закрытие в 01:00:00; первый поезд по 1 пути в 05:59:00, по 2 пути в 05:46:00; последний поезд по 1 пути в 01:10:00, по 2 пути в 01:17:00";"открытие в 05:30:00; закрытие в 01:00:00; первый поезд по 1 пути в 05:59:00, по 2 пути в 05:46:00; последний поезд по 1 пути в 01:10:00, по 2 пути в 01:17:00";"";"";"3";"[]";"действует";"[Geometry[type=Point, coordinates=[37.55603914, 55.5484359]]]";"{type=Point, coordinates=[37.55603914, 55.5484359]}";"2658155369";
"";"";"Улица Скобелевская, вход-выход 4 в южный вестибюль";"4";"да";"Юго-Западный административный округ";"район Южное Бутово";"37.55603914";"55.54843590";"наземный отдельностоящий";"Улица Скобелевская";"Бутовская линия";"не является объектом культурного наследия";"открытие в 05:30:00; закрытие в 01:00:00; первый поезд по 1 пути в 05:59:00, по 2 пути в 05:46:00; последний поезд по 1 пути в 01:10:00, по 2 пути в 01:17:00";"открытие в 05:30:00; закрытие в 01:00:00; первый поезд по 1 пути в 05:59:00, по 2 пути в 05:46:00; последний поезд по 1 пути в 01:10:00, по 2 пути в 01:17:00";"";"";"3";"[]";"действует";"[Geometry[type=Point, coordinates=[37.55603914, 55.5484359]]]";"{type=Point, coordinates=[37.55603914, 55.5484359]}";"2658155594";
"";"";"Улица Скобелевская, вход-выход 8 в северный вестибюль";"8";"да";"Юго-Западный административный округ";"район Южное Бутово";"37.55603914";"55.54843590";"наземный отдельностоящий";"Улица Скобелевская";"Бутовская линия";"не является объектом культурного наследия";"открытие в 05:30:00; закрытие в 01:00:00; первый поезд по 1 пути в 05:59:00, по 2 пути в 05:46:00; последний поезд по 1 пути в 01:10:00, по 2 пути в 01:17:00";"открытие в 05:30:00; закрытие в 01:00:00; первый поезд по 1 пути в 05:59:00, по 2 пути в 05:46:00; последний поезд по 1 пути в 01:10:00, по 2 пути в 01:17:00";"";"";"3";"[]";"действует";"[Geometry[type=Point, coordinates=[37.55603914, 55.5484359]]]";"{type=Point, coordinates=[37.55603914, 55.5484359]}";"2658155615";
"";"";"Улица Скобелевская, вход-выход 9 в северный вестибюль";"9";"да";"Юго-Западный административный округ";"район Южное Бутово";"37.55603914";"55.54843590";"наземный отдельностоящий";"Улица Скобелевская";"Бутовская линия";"не является объектом культурного наследия";"открытие в 05:30:00; закрытие в 01:00:00; первый поезд по 1 пути в 05:59:00, по 2 пути в 05:46:00; последний поезд по 1 пути в 01:10:00, по 2 пути в 01:17:00";"открытие в 05:30:00; закрытие в 01:00:00; первый поезд по 1 пути в 05:59:00, по 2 пути в 05:46:00; последний поезд по 1 пути в 01:10:00, по 2 пути в 01:17:00";"";"";"3";"[]";"действует";"[Geometry[type=Point, coordinates=[37.55603914, 55.5484359]]]";"{type=Point, coordinates=[37.55603914, 55.5484359]}";"2658155641";
"";"";"Севастопольская, вход-выход 6 в вестибюль";"6";"да";"Юго-Западный административный округ";"район Зюзино";"37.59656441";"55.65246738";"подземный";"Севастопольская";"Серпуховско-Тимирязевская линия";"не является объектом культурного наследия";"открытие в 05:25:00; закрытие в 01:00:00; первый поезд по 1 пути в 05:33:00, по 2 пути в 06:06:00; последний поезд по 1 пути в 01:17:00, по 2 пути в 01:47:00";"открытие в 05:25:00; закрытие в 01:00:00; первый поезд по 1 пути в 05:33:00, по 2 пути в 06:06:00; последний поезд по 1 пути в 01:17:00, по 2 пути в 01:47:00";"";"";"3";"[]";"действует";"[Geometry[type=Point, coordinates=[37.59656441, 55.65246738]]]";"{type=Point, coordinates=[37.59656441, 55.65246738]}";"2658155657";
"";"";"Петровско-Разумовская, вход-выход 2 в вестибюль 1 (А)";"2";"да";"Северный административный округ";"Тимирязевский район";"37.57342103";"55.83326545";"подземный";"Петровско-Разумовская";"Серпуховско-Тимирязевская линия";"не является объектом культурного наследия";"открытие в 05:20:00; закрытие в 01:00:00; первый поезд по 1 пути в 06:07:00, по 2 пути в 05:32:00; последний поезд по 1 пути в 01:49:00, по 2 пути в 01:13:00";"открытие в 05:20:00; закрытие в 01:00:00; первый поезд по 1 пути в 06:07:00, по 2 пути в 05:32:00; последний поезд по 1 пути в 01:49:00, по 2 пути в 01:13:00";"";"";"3";"[]";"действует";"[Geometry[type=Point, coordinates=[37.57342103, 55.83326545]]]";"{type=Point, coordinates=[37.57342103, 55.83326545]}";"2658155689";
"";"";"Петровско-Разумовская, вход 1 в вестибюль 2";"1";"да";"Северный административный округ";"Тимирязевский район";"37.57582133";"55.83667353";"наземный отдельностоящий";"Петровско-Разумовская";"Серпуховско-Тимирязевская линия";"не является объектом культурного наследия";"открытие в 05:20:00; закрытие в 01:00:00; первый поезд по 1 пути в 06:07:00, по 2 пути в 05:32:00; последний поезд по 1 пути в 01:49:00, по 2 пути в 01:13:00";"открытие в 05:20:00; закрытие в 01:00:00; первый поезд по 1 пути в 06:07:00, по 2 пути в 05:32:00; последний поезд по 1 пути в 01:49:00, по 2 пути в 01:13:00";"";"";"5";"[]";"действует";"[Geometry[type=Point, coordinates=[37.57582133, 55.83667353]]]";"{type=Point, coordinates=[37.57582133, 55.83667353]}";"2658155696";
"";"";"Петровско-Разумовская, выход 1 из вестибюля 2";"1";"да";"Северный административный округ";"Тимирязевский район";"37.57522017";"55.83663429";"наземный отдельностоящий";"Петровско-Разумовская";"Серпуховско-Тимирязевская линия";"не является объектом культурного наследия";"открытие в 05:20:00; закрытие в 01:00:00; первый поезд по 1 пути в 06:07:00, по 2 пути в 05:32:00; последний поезд по 1 пути в 01:49:00, по 2 пути в 01:13:00";"открытие в 05:20:00; закрытие в 01:00:00; первый поезд по 1 пути в 06:07:00, по 2 пути в 05:32:00; последний поезд по 1 пути в 01:49:00, по 2 пути в 01:13:00";"";"";"5";"[]";"действует";"[Geometry[type=Point, coordinates=[37.57522017, 55.83663429]]]";"{type=Point, coordinates=[37.57522017, 55.83663429]}";"2658155713";
"";"";"Парк победы, вход-выход 1";"1";"да";"Западный административный округ";"район Дорогомилово";"37.51734845";"55.73664687";"подземный";"Парк Победы";"Солнцевская линия";"не является объектом культурного наследия";"открытие в 05:25:00, закрытие в 01:00:00, первый поезд по 1 пути в 05:49:00, по 2 пути 05:52:00; последний поезд по 1 пути в 01:10:00, по 2 пути в 01:39:00";"открытие в 05:25:00, закрытие в 01:00:00, первый поезд по 1 пути в 05:49:00, по 2 пути 05:51:00; последний поезд по 1 пути в 01:10:00, по 2 пути в 01:39:00";"";"";"3";"[]";"действует";"[Geometry[type=Point, coordinates=[37.51734845, 55.73664687]]]";"{type=Point, coordinates=[37.51734845, 55.73664687]}";"2658155723";
"";"";"Парк победы, вход-выход 3";"3";"да";"Западный административный округ";"район Дорогомилово";"37.51760594";"55.73632302";"подземный";"Парк Победы";"Солнцевская линия";"не является объектом культурного наследия";"открытие в 05:25:00, закрытие в 01:00:00, первый поезд по 1 пути в 05:49:00, по 2 пути 05:52:00; последний поезд по 1 пути в 01:10:00, по 2 пути в 01:39:00";"открытие в 05:25:00, закрытие в 01:00:00, первый поезд по 1 пути в 05:49:00, по 2 пути 05:51:00; последний поезд по 1 пути в 01:10:00, по 2 пути в 01:39:00";"";"";"3";"[]";"действует";"[Geometry[type=Point, coordinates=[37.51760594, 55.73632302]]]";"{type=Point, coordinates=[37.51760594, 55.73632302]}";"2658155734";
"";"";"Парк победы, вход-выход 4";"4";"да";"Западный административный округ";"район Дорогомилово";"37.51778833";"55.73594167";"подземный";"Парк Победы";"Солнцевская линия";"не является объектом культурного наследия";"открытие в 05:25:00, закрытие в 01:00:00, первый поезд по 1 пути в 05:49:00, по 2 пути 05:52:00; последний поезд по 1 пути в 01:10:00, по 2 пути в 01:39:00";"открытие в 05:25:00, закрытие в 01:00:00, первый поезд по 1 пути в 05:49:00, по 2 пути 05:51:00; последний поезд по 1 пути в 01:10:00, по 2 пути в 01:39:00";"";"";"3";"[]";"действует";"[Geometry[type=Point, coordinates=[37.51778833, 55.73594167]]]";"{type=Point, coordinates=[37.51778833, 55.73594167]}";"2658155743";
"";"";"Мичуринский проспект, выход 2";"2";"да";"Западный административный округ";"район Раменки";"37.48416861";"55.68848253";"наземный отдельностоящий";"Мичуринский проспект";"Солнцевская линия";"не является объектом культурного наследия";"открытие в 05:30:00; закрытие в 01:00:00; первый поезд по 1 пути в 05:47:00, по 2 пути в 05:49:00; последний поезд по 1 пути в 01:21:00, по 2 пути в 01:27:00";"открытие в 05:30:00; закрытие в 01:00:00; первый поезд по 1 пути в 05:47:00; по 2 пути в 05:52:00, последний поезд по 1 пути в 01:21:00, по 2 пути в 01:27:00";"";"";"3";"[]";"действует";"[Geometry[type=Point, coordinates=[37.48416861, 55.68848253]]]";"{type=Point, coordinates=[37.48416861, 55.68848253]}";"2658155750";
"";"";"Аэропорт Внуково, вход-выход 1 в вестибюль";"1";"да";"Новомосковский административный округ";"район Внуково";"37.28756218";"55.60589475";"подземный";"Аэропорт Внуково";"Солнцевская линия";"не является объектом культурного наследия";"открытие в 05:30:00; закрытие в 01:00:00; первый поезд по 2 пути в 05:53:00; последний поезд по 2 пути в 01:03:00";"открытие в 05:30:00; закрытие в 01:00:00; первый поезд по 2 пути в 05:53:00; последний поезд по 2 пути в 01:03:00";"";"";"8";"[]";"действует";"[Geometry[type=Point, coordinates=[37.28756218, 55.60589475]]]";"{type=Point, coordinates=[37.28756218, 55.60589475]}";"2658155766";
"";"";"Аэропорт Внуково, вход-выход 2 в вестибюль";"2";"да";"Новомосковский административный округ";"район Внуково";"37.28842585";"55.60591905";"подземный";"Аэропорт Внуково";"Солнцевская линия";"не является объектом культурного наследия";"открытие в 05:30:00; закрытие в 01:00:00; первый поезд по 2 пути в 05:53:00; последний поезд по 2 пути в 01:03:00";"открытие в 05:30:00; закрытие в 01:00:00; первый поезд по 2 пути в 05:53:00; последний поезд по 2 пути в 01:03:00";"";"";"8";"[]";"действует";"[Geometry[type=Point, coordinates=[37.28842585, 55.60591905]]]";"{type=Point, coordinates=[37.28842585, 55.60591905]}";"2658155774";
"";"";"Библиотека имени Ленина, вход-выход 1";"1";"да";"Центральный административный округ";"район Арбат";"37.61024637";"55.75196259";"подземный";"Библиотека имени Ленина";"Сокольническая линия";"выявленный объект культурного наследия";"открытие в 05:30:00; закрытие в 01:00:00; первый поезд по 1 пути в 05:42:00, по 2 пути в 05:54:00; последний поезд по 1 пути в 01:24:00, по 2 пути в 01:47:00";"открытие в 05:30:00; закрытие в 01:00:00; первый поезд по 1 пути в 05:42:00, по 2 пути в 05:54:00; последний поезд по 1 пути в 01:24:00, по 2 пути в 01:47:00";"";"";"6";"[]";"действует";"[Geometry[type=Point, coordinates=[37.61024637, 55.75196259]]]";"{type=Point, coordinates=[37.61024637, 55.75196259]}";"2658155783";
"";"";"Библиотека имени Ленина, вход-выход 3";"3";"да";"Центральный административный округ";"район Арбат";"37.61073453";"55.75255254";"подземный";"Библиотека имени Ленина";"Сокольническая линия";"выявленный объект культурного наследия";"открытие в 05:30:00; закрытие в 01:00:00; первый поезд по 1 пути в 05:42:00, по 2 пути в 05:54:00; последний поезд по 1 пути в 01:24:00, по 2 пути в 01:47:00";"открытие в 05:30:00; закрытие в 01:00:00; первый поезд по 1 пути в 05:42:00, по 2 пути в 05:54:00; последний поезд по 1 пути в 01:24:00, по 2 пути в 01:47:00";"";"";"6";"[]";"действует";"[Geometry[type=Point, coordinates=[37.61073453, 55.75255254]]]";"{type=Point, coordinates=[37.61073453, 55.75255254]}";"2658155789";
"";"";"Библиотека имени Ленина, вход-выход 4";"4";"да";"Центральный административный округ";"Тверской район";"37.61164112";"55.75227780";"подземный";"Библиотека имени Ленина";"Сокольническая линия";"выявленный объект культурного наследия";"открытие в 05:30:00; закрытие в 01:00:00; первый поезд по 1 пути в 05:42:00, по 2 пути в 05:54:00; последний поезд по 1 пути в 01:24:00, по 2 пути в 01:47:00";"открытие в 05:30:00; закрытие в 01:00:00; первый поезд по 1 пути в 05:42:00, по 2 пути в 05:54:00; последний поезд по 1 пути в 01:24:00, по 2 пути в 01:47:00";"";"";"6";"[]";"действует";"[Geometry[type=Point, coordinates=[37.61164112, 55.7522778]]]";"{type=Point, coordinates=[37.61164112, 55.7522778]}";"2658155798";
"";"";"Арбатская (Арбатско-Покровская линия), вход-выход 2";"2";"да";"Центральный административный округ";"район Арбат";"37.61013908";"55.75224452";"подземный";"Арбатская";"Арбатско-Покровская линия";"выявленный объект культурного наследия";"открытие в 05:30:00; закрытие в 01:00:00; первый поезд по 1 пути в 05:47:00, по 2 пути в 05:44:00; последний поезд по 1 пути в 01:27:00; по 2 пути в 01:42:00";"открытие в 05:30:00; закрытие в 01:00:00; первый поезд по 1 пути в 05:47:00, по 2 пути в 05:44:00; последний поезд по 1 пути в 01:27:00, по 2 пути в 01:42:00";"";"";"3";"[]";"действует";"[Geometry[type=Point, coordinates=[37.61013908, 55.75224452]]]";"{type=Point, coordinates=[37.61013908, 55.75224452]}";"2658155817";
"";"";"Фили, вход в западный вестибюль";"";"да";"Западный административный округ";"район Филёвский Парк";"37.51411273";"55.74674501";"наземный отдельностоящий";"Фили";"Филёвская линия";"не является объектом культурного наследия";"открытие в 05:30:00; закрытие в 01:00:00; первый поезд по 1 пути в 05:50:00, по 2 пути в 05:37:00; последний поезд по 1 пути в 01:17:00, по 2 пути в 01:12:00";"открытие в 05:30:00; закрытие в 01:00:00; первый поезд по 1 пути в 05:50:00, по 2 пути в 05:37:00; последний поезд по 1 пути в 01:17:00, по 2 пути в 01:12:00";"";"";"5";"[]";"действует";"[Geometry[type=Point, coordinates=[37.51411273, 55.74674501]]]";"{type=Point, coordinates=[37.51411273, 55.74674501]}";"2658155828";
"";"";"Фили, вход в восточный вестибюль";"";"да";"Западный административный округ";"район Филёвский Парк";"37.51575878";"55.74531561";"наземный отдельностоящий";"Фили";"Филёвская линия";"не является объектом культурного наследия";"открытие в 05:30:00; закрытие в 01:00:00; первый поезд по 1 пути в 05:50:00, по 2 пути в 05:37:00; последний поезд по 1 пути в 01:17:00, по 2 пути в 01:12:00";"открытие в 05:30:00; закрытие в 01:00:00; первый поезд по 1 пути в 05:50:00, по 2 пути в 05:37:00; последний поезд по 1 пути в 01:17:00, по 2 пути в 01:12:00";"";"";"2";"[]";"действует";"[Geometry[type=Point, coordinates=[37.51575878, 55.74531561]]]";"{type=Point, coordinates=[37.51575878, 55.74531561]}";"2658155848";
"";"";"Верхние Лихоборы, вход-выход 2 (2) в вестибюль 2";"";"да";"Северный административный округ";"Бескудниковский район";"37.56026334";"55.85767075";"подземный";"Верхние Лихоборы";"Люблинско-Дмитровская линия";"не является объектом культурного наследия";"открытие в 05:30:00; закрытие в 01:00:00; первый поезд по 1 пути в 05:51:00, по 2 пути в 05:44:00; последний поезд по 1 пути в 01:13:00, по 2 пути в 01:58:00";"открытие в 05:30:00; закрытие в 01:00:00; первый поезд по 1 пути в 05:51:00, по 2 пути в 05:44:00; последний поезд по 1 пути в 01:13:00, по 2 пути в 01:58:00";"";"";"4";"[]";"действует";"[Geometry[type=Point, coordinates=[37.56026334, 55.85767075]]]";"{type=Point, coordinates=[37.56026334, 55.85767075]}";"2658155890";
"";"";"Верхние Лихоборы, вход-выход 3 (2) в вестибюль 2";"";"да";"Северный административный округ";"Бескудниковский район";"37.56091780";"55.85706731";"подземный";"Верхние Лихоборы";"Люблинско-Дмитровская линия";"не является объектом культурного наследия";"открытие в 05:30:00; закрытие в 01:00:00; первый поезд по 1 пути в 05:51:00, по 2 пути в 05:44:00; последний поезд по 1 пути в 01:13:00, по 2 пути в 01:58:00";"открытие в 05:30:00; закрытие в 01:00:00; первый поезд по 1 пути в 05:51:00, по 2 пути в 05:44:00; последний поезд по 1 пути в 01:13:00, по 2 пути в 01:58:00";"";"";"4";"[]";"действует";"[Geometry[type=Point, coordinates=[37.5609178, 55.85706731]]]";"{type=Point, coordinates=[37.5609178, 55.85706731]}";"2658155904";
"";"";"Потапово, вход-выход 1 в вестибюль 2";"1";"да";"Новомосковский административный округ";"район Коммунарка";"37.49536615";"55.55357647";"наземный отдельностоящий";"Потапово";"Сокольническая линия";"не является объектом культурного наследия";"открытие в 05:30:00; закрытие в 01:00:00; первый поезд по 2 пути в 05:40:00; последний поезд по 2 пути в 01:03:00";"открытие в 05:30:00; закрытие в 01:00:00; первый поезд по 2 пути в 05:42:00; последний поезд по 2 пути в 01:03:00";"";"";"4";"[]";"действует";"[Geometry[type=Point, coordinates=[37.49536615, 55.55357647]]]";"{type=Point, coordinates=[37.49536615, 55.55357647]}";"2697531616";
"";"";"Потапово, вход-выход 2 в вестибюль 2";"2";"да";"Новомосковский административный округ";"район Коммунарка";"37.49717396";"55.55363786";"наземный отдельностоящий";"Потапово";"Сокольническая линия";"не является объектом культурного наследия";"открытие в 05:30:00; закрытие в 01:00:00; первый поезд по 2 пути в 05:40:00; последний поезд по 2 пути в 01:03:00";"открытие в 05:30:00; закрытие в 01:00:00; первый поезд по 2 пути в 05:42:00; последний поезд по 2 пути в 01:03:00";"";"";"4";"[]";"действует";"[Geometry[type=Point, coordinates=[37.49717396, 55.55363786]]]";"{type=Point, coordinates=[37.49717396, 55.55363786]}";"2697531624";
"";"";"Потапово, вход-выход 3 в вестибюль 2";"3";"да";"Новомосковский административный округ";"район Коммунарка";"37.49507112";"55.55200116";"наземный отдельностоящий";"Потапово";"Сокольническая линия";"не является объектом культурного наследия";"открытие в 05:30:00; закрытие в 01:00:00; первый поезд по 2 пути в 05:40:00; последний поезд по 2 пути в 01:03:00";"открытие в 05:30:00; закрытие в 01:00:00; первый поезд по 2 пути в 05:42:00; последний поезд по 2 пути в 01:03:00";"";"";"4";"[]";"действует";"[Geometry[type=Point, coordinates=[37.49507112, 55.55200116]]]";"{type=Point, coordinates=[37.49507112, 55.55200116]}";"2697531634";
"";"";"Потапово, вход-выход 4 в вестибюль 2";"4";"да";"Новомосковский административный округ";"район Коммунарка";"37.49675555";"55.55207719";"наземный отдельностоящий";"Потапово";"Сокольническая линия";"не является объектом культурного наследия";"открытие в 05:30:00; закрытие в 01:00:00; первый поезд по 2 пути в 05:40:00; последний поезд по 2 пути в 01:03:00";"открытие в 05:30:00; закрытие в 01:00:00; первый поезд по 2 пути в 05:42:00; последний поезд по 2 пути в 01:03:00";"";"";"4";"[]";"действует";"[Geometry[type=Point, coordinates=[37.49675555, 55.55207719]]]";"{type=Point, coordinates=[37.49675555, 55.55207719]}";"2697531640";
"";"";"Потапово, вход-выход 5 в вестибюль 1";"5";"да";"Новомосковский административный округ";"район Коммунарка";"37.49102840";"55.55184340";"наземный отдельностоящий";"Потапово";"Сокольническая линия";"не является объектом культурного наследия";"открытие в 05:30:00; закрытие в 01:00:00; первый поезд по 2 пути в 05:40:00; последний поезд по 2 пути в 01:03:00";"открытие в 05:30:00; закрытие в 01:00:00; первый поезд по 2 пути в 05:42:00; последний поезд по 2 пути в 01:03:00";"";"";"4";"[]";"действует";"[Geometry[type=Point, coordinates=[37.4910284, 55.5518434]]]";"{type=Point, coordinates=[37.4910284, 55.5518434]}";"2697531644";
"";"";"Потапово, вход-выход 6 в вестибюль 1";"6";"да";"Новомосковский административный округ";"район Коммунарка";"37.49065542";"55.55356750";"наземный отдельностоящий";"Потапово";"Сокольническая линия";"не является объектом культурного наследия";"открытие в 05:30:00; закрытие в 01:00:00; первый поезд по 2 пути в 05:40:00; последний поезд по 2 пути в 01:03:00";"открытие в 05:30:00; закрытие в 01:00:00; первый поезд по 2 пути в 05:42:00; последний поезд по 2 пути в 01:03:00";"";"";"4";"[]";"действует";"[Geometry[type=Point, coordinates=[37.49065542, 55.5535675]]]";"{type=Point, coordinates=[37.49065542, 55.5535675]}";"2697531647";
"";"";"Потапово, вход-выход 7 в вестибюль 2";"7";"да";"Новомосковский административный округ";"район Коммунарка";"37.49007606";"55.55359791";"наземный отдельностоящий";"Потапово";"Сокольническая линия";"не является объектом культурного наследия";"открытие в 05:30:00; закрытие в 01:00:00; первый поезд по 2 пути в 05:40:00; последний поезд по 2 пути в 01:03:00";"открытие в 05:30:00; закрытие в 01:00:00; первый поезд по 2 пути в 05:42:00; последний поезд по 2 пути в 01:03:00";"";"";"4";"[]";"действует";"[Geometry[type=Point, coordinates=[37.49007606, 55.55359791]]]";"{type=Point, coordinates=[37.49007606, 55.55359791]}";"2697531652";
"";"";"Новаторская, вход-выход 4 в вестибюль 1";"4";"да";"Юго-Западный административный округ";"Обручевский район";"37.52022883";"55.67061132";"подземный";"Новаторская";"Троицкая линия";"не является объектом культурного наследия";"открытие в 05:30:00; закрытие в 01:00:00; первый поезд по 1 пути в 05:43:00, по 2 пути в 05:50:00; последний поезд по 1 пути в 01:16:00, по 2 пути в 01:22:00";"открытие в 05:30:00; закрытие в 01:00:00; первый поезд по 1 пути в 05:43:00, по 2 пути в 05:50:00; последний поезд по 1 пути в 01:16:00, по 2 пути в 01:22:00";"";"";"4";"[]";"действует";"[Geometry[type=Point, coordinates=[37.52022883, 55.67061132]]]";"{type=Point, coordinates=[37.52022883, 55.67061132]}";"2699723205";
"";"";"Новаторская, вход-выход 3 в вестибюль 1";"3";"да";"Юго-Западный административный округ";"Обручевский район";"37.51998743";"55.67012984";"подземный";"Новаторская";"Троицкая линия";"не является объектом культурного наследия";"открытие в 05:30:00; закрытие в 01:00:00; первый поезд по 1 пути в 05:43:00, по 2 пути в 05:50:00; последний поезд по 1 пути в 01:16:00, по 2 пути в 01:22:00";"открытие в 05:30:00; закрытие в 01:00:00; первый поезд по 1 пути в 05:43:00, по 2 пути в 05:50:00; последний поезд по 1 пути в 01:16:00, по 2 пути в 01:22:00";"";"";"4";"[]";"действует";"[Geometry[type=Point, coordinates=[37.51998743, 55.67012984]]]";"{type=Point, coordinates=[37.51998743, 55.67012984]}";"2699723221";
"";"";"Новаторская, вход-выход 7 в вестибюль 2";"7";"да";"Юго-Западный административный округ";"Обручевский район";"37.52337031";"55.67278977";"подземный";"Новаторская";"Троицкая линия";"не является объектом культурного наследия";"открытие в 05:30:00; закрытие в 01:00:00; первый поезд по 1 пути в 05:43:00, по 2 пути в 05:50:00; последний поезд по 1 пути в 01:16:00, по 2 пути в 01:22:00";"открытие в 05:30:00; закрытие в 01:00:00; первый поезд по 1 пути в 05:43:00, по 2 пути в 05:50:00; последний поезд по 1 пути в 01:16:00, по 2 пути в 01:22:00";"";"";"2";"[]";"действует";"[Geometry[type=Point, coordinates=[37.52337031, 55.67278977]]]";"{type=Point, coordinates=[37.52337031, 55.67278977]}";"2699723229";
"";"";"Университет Дружбы Народов, вход-выход 1 в вестибюль";"1";"да";"Юго-Западный административный округ";"Обручевский район";"37.50747371";"55.64916429";"подземный";"Университет Дружбы Народов";"Троицкая линия";"не является объектом культурного наследия";"открытие в 05:30:00; закрытие в 01:00:00; первый поезд по 1 пути в 05:47:00, по 2 пути в 05:45:00; последний поезд по 1 пути в 01:19:00, по 2 пути в 01:18:00";"открытие в 05:30:00; закрытие в 01:00:00; первый поезд по 1 пути в 05:47:00, по 2 пути в 05:45:00; последний поезд по 1 пути в 01:19:00, по 2 пути в 01:18:00";"";"";"3";"[]";"действует";"[Geometry[type=Point, coordinates=[37.50747371, 55.64916429]]]";"{type=Point, coordinates=[37.50747371, 55.64916429]}";"2699723237";
"";"";"Генерала Тюленева, вход-выход 1 в вестибюль";"1";"да";"Юго-Западный административный округ";"район Тёплый Стан";"37.48603530";"55.62648499";"подземный";"Генерала Тюленева";"Троицкая линия";"не является объектом культурного наследия";"открытие в 05:30:00; закрытие в 01:00:00; первый поезд по 1 пути в 05:51:00, по 2 пути в 05:42:00; последний поезд по 1 пути в 01:23:00, по 2 пути в 01:14:00";"открытие в 05:30:00; закрытие в 01:00:00; первый поезд по 1 пути в 05:51:00, по 2 пути в 05:42:00; последний поезд по 1 пути в 01:23:00, по 2 пути в 01:14:00";"";"";"4";"[]";"действует";"[Geometry[type=Point, coordinates=[37.4860353, 55.62648499]]]";"{type=Point, coordinates=[37.4860353, 55.62648499]}";"2699723246";
"";"";"Генерала Тюленева, вход-выход 2 в вестибюль";"2";"да";"Юго-Западный административный округ";"район Тёплый Стан";"37.48664148";"55.62658819";"подземный";"Генерала Тюленева";"Троицкая линия";"не является объектом культурного наследия";"открытие в 05:30:00; закрытие в 01:00:00; первый поезд по 1 пути в 05:51:00, по 2 пути в 05:42:00; последний поезд по 1 пути в 01:23:00, по 2 пути в 01:14:00";"открытие в 05:30:00; закрытие в 01:00:00; первый поезд по 1 пути в 05:51:00, по 2 пути в 05:42:00; последний поезд по 1 пути в 01:23:00, по 2 пути в 01:14:00";"";"";"4";"[]";"действует";"[Geometry[type=Point, coordinates=[37.48664148, 55.62658819]]]";"{type=Point, coordinates=[37.48664148, 55.62658819]}";"2699723250";
"";"";"Тютчевская, вход-выход 1 в вестибюль";"1";"да";"Новомосковский административный округ";"район Коммунарка";"37.48197110";"55.61847815";"подземный";"Тютчевская";"Троицкая линия";"не является объектом культурного наследия";"открытие в 05:30:00; закрытие в 01:00:00; первый поезд по 1 пути в 05:43:00, по 2 пути в 05:40:00; последний поезд по 1 пути в 01:25:00, по 2 пути в 01:12:00";"открытие в 05:30:00; закрытие в 01:00:00; первый поезд по 1 пути в 05:43:00, по 2 пути в 05:40:00; последний поезд по 1 пути в 01:25:00, по 2 пути в 01:12:00";"";"";"2";"[]";"действует";"[Geometry[type=Point, coordinates=[37.4819711, 55.61847815]]]";"{type=Point, coordinates=[37.4819711, 55.61847815]}";"2699723258";
"";"";"Новаторская, вход-выход 5 в вестибюль 1";"5";"да";"Юго-Западный административный округ";"Обручевский район";"37.51953790";"55.67089073";"подземный";"Новаторская";"Троицкая линия";"не является объектом культурного наследия";"открытие в 05:30:00; закрытие в 01:00:00; первый поезд по 1 пути в 05:43:00, по 2 пути в 05:50:00; последний поезд по 1 пути в 01:16:00, по 2 пути в 01:22:00";"открытие в 05:30:00; закрытие в 01:00:00; первый поезд по 1 пути в 05:43:00, по 2 пути в 05:50:00; последний поезд по 1 пути в 01:16:00, по 2 пути в 01:22:00";"";"";"4";"[]";"действует";"[Geometry[type=Point, coordinates=[37.5195379, 55.67089073]]]";"{type=Point, coordinates=[37.5195379, 55.67089073]}";"2699854083";
"";"";"Новаторская, вход-выход 6 в вестибюль 1";"6";"да";"Юго-Западный административный округ";"Обручевский район";"37.52098523";"55.67109941";"подземный";"Новаторская";"Троицкая линия";"не является объектом культурного наследия";"открытие в 05:30:00; закрытие в 01:00:00; первый поезд по 1 пути в 05:43:00, по 2 пути в 05:50:00; последний поезд по 1 пути в 01:16:00, по 2 пути в 01:22:00";"открытие в 05:30:00; закрытие в 01:00:00; первый поезд по 1 пути в 05:43:00, по 2 пути в 05:50:00; последний поезд по 1 пути в 01:16:00, по 2 пути в 01:22:00";"";"";"4";"[]";"действует";"[Geometry[type=Point, coordinates=[37.52098523, 55.67109941]]]";"{type=Point, coordinates=[37.52098523, 55.67109941]}";"2699854116";
"";"";"Новаторская, вход-выход 8 в вестибюль 2";"8";"да";"Юго-Западный административный округ";"Обручевский район";"37.52305015";"55.67332808";"подземный";"Новаторская";"Троицкая линия";"не является объектом культурного наследия";"открытие в 05:30:00; закрытие в 01:00:00; первый поезд по 1 пути в 05:43:00, по 2 пути в 05:50:00; последний поезд по 1 пути в 01:16:00, по 2 пути в 01:22:00";"открытие в 05:30:00; закрытие в 01:00:00; первый поезд по 1 пути в 05:43:00, по 2 пути в 05:50:00; последний поезд по 1 пути в 01:16:00, по 2 пути в 01:22:00";"";"";"2";"[]";"действует";"[Geometry[type=Point, coordinates=[37.52305015, 55.67332808]]]";"{type=Point, coordinates=[37.52305015, 55.67332808]}";"2699854147";
"";"";"Печатники БКЛ, вход-выход 2 в вестибюль 2";"2";"да";"Юго-Восточный административный округ";"район Печатники";"37.72561316";"55.69375626";"подземный";"Печатники";"Большая кольцевая линия";"не является объектом культурного наследия";"открытие в 05:25:00; закрытие в 01:00:00; первый поезд по 1 пути в 05:45:00, по 2 пути в 05:39:00; последний поезд по 1 пути в 01:06:00, по 2 пути в 01:08:00";"открытие в 05:25:00; закрытие в 01:00:00; первый поезд по 1 пути в 05:45:00, по 2 пути в 05:39:00; последний поезд по 1 пути в 01:08:00, по 2 пути в 01:11:00";"";"";"3";"[]";"действует";"[Geometry[type=Point, coordinates=[37.72561316, 55.69375626]]]";"{type=Point, coordinates=[37.72561316, 55.69375626]}";"2721217892";
"";"";"Коммунарка, вход-выход 1 в вестибюль";"1";"да";"Новомосковский административный округ";"район Коммунарка";"37.46815930";"55.57376994";"подземный";"Коммунарка";"Троицкая линия";"не является объектом культурного наследия";"открытие в 05:30:00; закрытие в 01:00:00; первый поезд по 1 пути в 05:51:00, по 2 пути в 05:36:00; последний поезд по 1 пути в 01:32:00, по 2 пути в 01:05:00";"открытие в 05:30:00; закрытие в 01:00:00; первый поезд по 1 пути в 05:51:00, по 2 пути в 05:36:00; последний поезд по 1 пути в 01:32:00, по 2 пути в 01:05:00";"";"";"3";"[]";"действует";"[Geometry[type=Point, coordinates=[37.4681593, 55.57376994]]]";"{type=Point, coordinates=[37.4681593, 55.57376994]}";"2721608741";
"";"";"Коммунарка, вход-выход 2 в вестибюль";"2";"да";"Новомосковский административный округ";"район Коммунарка";"37.46750484";"55.57347209";"подземный";"Коммунарка";"Троицкая линия";"не является объектом культурного наследия";"открытие в 05:30:00; закрытие в 01:00:00; первый поезд по 1 пути в 05:51:00, по 2 пути в 05:36:00; последний поезд по 1 пути в 01:32:00, по 2 пути в 01:05:00";"открытие в 05:30:00; закрытие в 01:00:00; первый поезд по 1 пути в 05:51:00, по 2 пути в 05:36:00; последний поезд по 1 пути в 01:32:00, по 2 пути в 01:05:00";"";"";"3";"[]";"действует";"[Geometry[type=Point, coordinates=[37.46750484, 55.57347209]]]";"{type=Point, coordinates=[37.46750484, 55.57347209]}";"2721608880";
"";"";"Корниловская, вход-выход 1 в вестибюль 1";"1";"да";"Новомосковский административный округ";"район Коммунарка";"37.47937796";"55.59797314";"подземный";"Корниловская";"Троицкая линия";"не является объектом культурного наследия";"открытие в 05:30:00; закрытие в 01:00:00; первый поезд по 1 пути в 05:47:00, по 2 пути в 05:40:00; последний поезд по 1 пути в 01:28:00, по 2 пути в 01:09:00";"открытие в 05:30:00; закрытие в 01:00:00; первый поезд по 1 пути в 05:47:00, по 2 пути в 05:40:00; последний поезд по 1 пути в 01:28:00, по 2 пути в 01:09:00";"";"";"3";"[]";"действует";"[Geometry[type=Point, coordinates=[37.47937796, 55.59797314]]]";"{type=Point, coordinates=[37.47937796, 55.59797314]}";"2721609079";
"";"";"Корниловская, вход-выход 2 в вестибюль 2";"2";"да";"Новомосковский административный округ";"район Коммунарка";"37.48011288";"55.59939766";"подземный";"Корниловская";"Троицкая линия";"не является объектом культурного наследия";"открытие в 05:30:00; закрытие в 01:00:00; первый поезд по 1 пути в 05:47:00, по 2 пути в 05:40:00; последний поезд по 1 пути в 01:28:00, по 2 пути в 01:09:00";"открытие в 05:30:00; закрытие в 01:00:00; первый поезд по 1 пути в 05:47:00, по 2 пути в 05:40:00; последний поезд по 1 пути в 01:28:00, по 2 пути в 01:09:00";"";"";"5";"[]";"действует";"[Geometry[type=Point, coordinates=[37.48011288, 55.59939766]]]";"{type=Point, coordinates=[37.48011288, 55.59939766]}";"2721609399";
"";"";"Кленовый бульвар, вход-выход 2 в вестибюль";"2";"да";"Южный административный округ";"район Нагатинский Затон";"37.68117502";"55.67483421";"подземный";"Кленовый бульвар";"Большая кольцевая линия";"не является объектом культурного наследия";"открытие в 05:30:00; закрытие в 01:00:00; первый поезд по 1 пути в 05:40:00, по 2 пути в 05:45:00; последний поезд по 1 пути в 01:05:00, по 2 пути в 01:03:00";"открытие в 05:30:00; закрытие в 01:00:00; первый поезд по 1 пути в 05:40:00, по 2 пути в 05:45:00; последний поезд по 1 пути в 01:03:00, по 2 пути в 01:10:00";"";"";"5";"[]";"действует";"[Geometry[type=Point, coordinates=[37.68117502, 55.67483421]]]";"{type=Point, coordinates=[37.68117502, 55.67483421]}";"2721610459";
"";"";"Физтех, вход-выход 2 в вестибюль 1";"2";"да";"Северо-Восточный административный округ";"район Северный";"37.54626589";"55.92080621";"наземный отдельностоящий";"Физтех";"Люблинско-Дмитровская линия";"не является объектом культурного наследия";"открытие в 05:30:00; закрытие в 01:00:00; первый поезд по 1 пути в 05:40:00; последний поезд по 1 пути в 01:03:00";"открытие в 05:30:00; закрытие в 01:00:00; первый поезд по 1 пути в 05:40:00; последний поезд по 1 пути в 01:03:00";"";"";"3";"[]";"действует";"[Geometry[type=Point, coordinates=[37.54626589, 55.92080621]]]";"{type=Point, coordinates=[37.54626589, 55.92080621]}";"2721610718";
"";"";"Яхромская, вход-выход 2 в вестибюль 2";"2";"да";"Северный административный округ";"Дмитровский район";"37.54417403";"55.88083120";"подземный";"Яхромская";"Люблинско-Дмитровская линия";"не является объектом культурного наследия";"открытие в 05:30:00; закрытие в 01:00:00; первый поезд по 1 пути в 05:46:00, по 2 пути в 05:49:00; последний поезд по 1 пути в 01:09:00, по 2 пути в 02:02:00";"открытие в 05:30:00; закрытие в 01:00:00; первый поезд по 1 пути в 05:46:00, по 2 пути в 05:49:00; последний поезд по 1 пути в 01:09:00, по 2 пути в 02:02:00";"";"";"3";"[]";"действует";"[Geometry[type=Point, coordinates=[37.54417403, 55.8808312]]]";"{type=Point, coordinates=[37.54417403, 55.8808312]}";"2721610863";
"";"";"Авиамоторная, вход-выход 11 в вестибюль 2";"11";"да";"Юго-Восточный административный округ";"район Лефортово";"37.71635637";"55.75382094";"подземный";"Авиамоторная";"Большая кольцевая линия";"не является объектом культурного наследия";"открытие в 05:30:00, закрытие в 01:00:00, первый поезд по 1 пути в 05:46:00, по 2 пути в 05:50:00; последний поезд по 1 пути в 01:12:00, по 2 пути в 01:09:00";"открытие в 05:30:00, закрытие в 01:00:00, первый поезд по 1 пути в 05:46:00, по 2 пути в 05:50:00; последний поезд по 1 пути в 01:04:00, по 2 пути в 01:12:00";"";"";"3";"[]";"действует";"[Geometry[type=Point, coordinates=[37.71635637, 55.75382094]]]";"{type=Point, coordinates=[37.71635637, 55.75382094]}";"2722038487";
"";"";"Авиамоторная, вход-выход 12 в вестибюль 2";"12";"да";"Юго-Восточный административный округ";"район Лефортово";"37.71620080";"55.75440481";"подземный";"Авиамоторная";"Большая кольцевая линия";"не является объектом культурного наследия";"открытие в 05:30:00, закрытие в 01:00:00, первый поезд по 1 пути в 05:46:00, по 2 пути в 05:50:00; последний поезд по 1 пути в 01:12:00, по 2 пути в 01:09:00";"открытие в 05:30:00, закрытие в 01:00:00, первый поезд по 1 пути в 05:46:00, по 2 пути в 05:50:00; последний поезд по 1 пути в 01:04:00, по 2 пути в 01:12:00";"";"";"3";"[]";"действует";"[Geometry[type=Point, coordinates=[37.7162008, 55.75440481]]]";"{type=Point, coordinates=[37.7162008, 55.75440481]}";"2722038491";
"";"";"Авиамоторная, вход-выход 13 в вестибюль 2";"13";"да";"Юго-Восточный административный округ";"район Лефортово";"37.71566972";"55.75443866";"подземный";"Авиамоторная";"Большая кольцевая линия";"не является объектом культурного наследия";"открытие в 05:30:00, закрытие в 01:00:00, первый поезд по 1 пути в 05:46:00, по 2 пути в 05:50:00; последний поезд по 1 пути в 01:12:00, по 2 пути в 01:09:00";"открытие в 05:30:00, закрытие в 01:00:00, первый поезд по 1 пути в 05:46:00, по 2 пути в 05:50:00; последний поезд по 1 пути в 01:04:00, по 2 пути в 01:12:00";"";"";"3";"[]";"действует";"[Geometry[type=Point, coordinates=[37.71566972, 55.75443866]]]";"{type=Point, coordinates=[37.71566972, 55.75443866]}";"2722038558";
"";"";"Каширская, выход 3 из вестибюля 1";"3";"да";"Южный административный округ";"район Нагатино-Садовники";"37.64966862";"55.65597225";"подземный";"Каширская";"Замоскворецкая линия";"не является объектом культурного наследия";"открытие в 05:30:00; закрытие в 01:00:00; первый поезд по 1 пути в 05:45:00, по 2 пути в 05:52:00; последний поезд по 1 пути в 01:22:00, по 2 пути в 01:47:00";"открытие в 05:30:00; закрытие в 01:00:00; первый поезд по 1 пути в 05:45:00, по 2 пути в 05:52:00; последний поезд по 1 пути в 01:22:00, по 2 пути в 01:47:00";"";"";"6";"[]";"действует";"[Geometry[type=Point, coordinates=[37.64966862, 55.65597225]]]";"{type=Point, coordinates=[37.64966862, 55.65597225]}";"2722038638";
"";"";"Новомосковская, вход-выход 5 в вестибюль";"5";"да";"Новомосковский административный округ";"район Коммунарка";"37.46490422";"55.55992573";"подземный";"Новомосковская";"Троицкая линия";"не является объектом культурного наследия";"открытие в 05:30:00; закрытие в 01:00:00; первый поезд по 2 пути в 05:34:00; последний поезд по 2 пути в 01:03:00";"открытие в 05:30:00; закрытие в 01:00:00; первый поезд по 2 пути в 05:34:00; последний поезд по 2 пути в 01:03:00";"";"";"6";"[]";"действует";"[Geometry[type=Point, coordinates=[37.46490422, 55.55992573]]]";"{type=Point, coordinates=[37.46490422, 55.55992573]}";"2722039384";
"";"";"Фили, выход 4 из восточного вестибюля";"4";"да";"Западный административный округ";"район Филёвский Парк";"37.51555494";"55.74533679";"наземный отдельностоящий";"Фили";"Филёвская линия";"не является объектом культурного наследия";"открытие в 05:30:00; закрытие в 01:00:00; первый поезд по 1 пути в 05:50:00, по 2 пути в 05:37:00; последний поезд по 1 пути в 01:17:00, по 2 пути в 01:12:00";"открытие в 05:30:00; закрытие в 01:00:00; первый поезд по 1 пути в 05:50:00, по 2 пути в 05:37:00; последний поезд по 1 пути в 01:17:00, по 2 пути в 01:12:00";"";"";"2";"[]";"действует";"[Geometry[type=Point, coordinates=[37.51555494, 55.74533679]]]";"{type=Point, coordinates=[37.51555494, 55.74533679]}";"2755582802";
"";"";"Крымская, вход-выход 5";"5";"да";"Южный административный округ";"Донской район";"37.60482056";"55.69030760";"наземный отдельностоящий";"Крымская";"Московское центральное кольцо";"не является объектом культурного наследия";"открытие в 05:30:00; закрытие в 01:00:00; первый поезд по 1 пути в 05:48:00, по 2 пути 05:41:00; последний поезд по 1 пути в 23:16:00, по 2 пути в 23:16:00";"открытие в 05:30:00; закрытие в 01:00:00; первый поезд по 1 пути в 05:48:00, по 2 пути 05:41:00; последний поезд по 1 пути в 23:16:00, по 2 пути в 23:16:00";"";"";"0";"[]";"действует";"[Geometry[type=Point, coordinates=[37.60482056, 55.6903076]]]";"{type=Point, coordinates=[37.60482056, 55.6903076]}";"2783550516";
"";"";"Вавиловская, вход-выход 1 в вестибюль 1";"1";"да";"Юго-Западный административный округ";"Ломоносовский район";"37.54019383";"55.68409645";"подземный";"Вавиловская";"Троицкая линия";"не является объектом культурного наследия";"открытие в 05:30:00; закрытие в 01:00:00; первый поезд по 1 пути в 05:50:00, по 2 пути в 05:52:00; последний поезд по 1 пути в 01:13:00, по 2 пути в 01:24:00";"открытие в 05:30:00; закрытие в 01:00:00; первый поезд по 1 пути в 05:50:00, по 2 пути в 05:52:00; последний поезд по 1 пути в 01:13:00, по 2 пути в 01:24:00";"";"";"3";"[]";"действует";"[Geometry[type=Point, coordinates=[37.54019383, 55.68409645]]]";"{type=Point, coordinates=[37.54019383, 55.68409645]}";"2801754557";
"";"";"Вавиловская, вход-выход 2 в вестибюль 1";"2";"да";"Юго-Западный административный округ";"Гагаринский район";"37.54085365";"55.68457226";"подземный";"Вавиловская";"Троицкая линия";"не является объектом культурного наследия";"открытие в 05:30:00; закрытие в 01:00:00; первый поезд по 1 пути в 05:50:00, по 2 пути в 05:52:00; последний поезд по 1 пути в 01:13:00, по 2 пути в 01:24:00";"открытие в 05:30:00; закрытие в 01:00:00; первый поезд по 1 пути в 05:50:00, по 2 пути в 05:52:00; последний поезд по 1 пути в 01:13:00, по 2 пути в 01:24:00";"";"";"3";"[]";"действует";"[Geometry[type=Point, coordinates=[37.54085365, 55.68457226]]]";"{type=Point, coordinates=[37.54085365, 55.68457226]}";"2801754575";
"";"";"Вавиловская, вход-выход 4 в вестибюль 2";"4";"да";"Юго-Западный административный округ";"Гагаринский район";"37.54225584";"55.68549809";"подземный";"Вавиловская";"Троицкая линия";"не является объектом культурного наследия";"открытие в 05:30:00; закрытие в 01:00:00; первый поезд по 1 пути в 05:50:00, по 2 пути в 05:52:00; последний поезд по 1 пути в 01:13:00, по 2 пути в 01:24:00";"открытие в 05:30:00; закрытие в 01:00:00; первый поезд по 1 пути в 05:50:00, по 2 пути в 05:52:00; последний поезд по 1 пути в 01:13:00, по 2 пути в 01:24:00";"";"";"3";"[]";"действует";"[Geometry[type=Point, coordinates=[37.54225584, 55.68549809]]]";"{type=Point, coordinates=[37.54225584, 55.68549809]}";"2801754583";
"";"";"Академическая, вход-выход 9 в вестибюль 1";"9";"да";"Юго-Западный административный округ";"Академический район";"37.57531386";"55.68759731";"подземный";"Академическая";"Троицкая линия";"не является объектом культурного наследия";"открытие в 05:30:00; закрытие в 01:00:00; первый поезд по 1 пути в 05:47:00, по 2 пути в 05:56:00; последний поезд по 1 пути в 01:09:00, по 2 пути в 01:28:00";"открытие в 05:30:00; закрытие в 01:00:00; первый поезд по 1 пути в 05:47:00, по 2 пути в 05:56:00; последний поезд по 1 пути в 01:09:00, по 2 пути в 01:28:00";"";"";"2";"[]";"действует";"[Geometry[type=Point, coordinates=[37.57531386, 55.68759731]]]";"{type=Point, coordinates=[37.57531386, 55.68759731]}";"2801754600";
"";"";"Академическая, вход-выход 11 в вестибюль 2";"11";"да";"Юго-Западный административный округ";"Академический район";"37.57756899";"55.68679519";"подземный";"Академическая";"Троицкая линия";"не является объектом культурного наследия";"открытие в 05:30:00; закрытие в 01:00:00; первый поезд по 1 пути в 05:47:00, по 2 пути в 05:56:00; последний поезд по 1 пути в 01:09:00, по 2 пути в 01:28:00";"открытие в 05:30:00; закрытие в 01:00:00; первый поезд по 1 пути в 05:47:00, по 2 пути в 05:56:00; последний поезд по 1 пути в 01:09:00, по 2 пути в 01:28:00";"";"";"2";"[]";"действует";"[Geometry[type=Point, coordinates=[37.57756899, 55.68679519]]]";"{type=Point, coordinates=[37.57756899, 55.68679519]}";"2801754634";
"";"";"Крымская, вход-выход 1 в вестибюль 2";"1";"да";"Южный административный округ";"Донской район";"37.61068389";"55.68977709";"наземный отдельностоящий";"Крымская";"Троицкая линия";"не является объектом культурного наследия";"открытие в 05:30:00; закрытие в 01:00:00; первый поезд по 1 пути в 05:43:00, по 2 пути в 06:00:00; последний поезд по 1 пути в 01:06:00, по 2 пути в 01:31:00";"открытие в 05:30:00; закрытие в 01:00:00; первый поезд по 1 пути в 05:43:00, по 2 пути в 06:00:00; последний поезд по 1 пути в 01:06:00, по 2 пути в 01:31:00";"";"";"2";"[]";"действует";"[Geometry[type=Point, coordinates=[37.61068389, 55.68977709]]]";"{type=Point, coordinates=[37.61068389, 55.68977709]}";"2801754647";
"";"";"Крымская, вход-выход 2 в вестибюль 1";"2";"да";"Южный административный округ";"Донской район";"37.60716498";"55.69016404";"наземный отдельностоящий";"Крымская";"Троицкая линия";"не является объектом культурного наследия";"открытие в 05:30:00; закрытие в 01:00:00; первый поезд по 1 пути в 05:43:00, по 2 пути в 06:00:00; последний поезд по 1 пути в 01:06:00, по 2 пути в 01:31:00";"открытие в 05:30:00; закрытие в 01:00:00; первый поезд по 1 пути в 05:43:00, по 2 пути в 06:00:00; последний поезд по 1 пути в 01:06:00, по 2 пути в 01:31:00";"";"";"3";"[]";"действует";"[Geometry[type=Point, coordinates=[37.60716498, 55.69016404]]]";"{type=Point, coordinates=[37.60716498, 55.69016404]}";"2801754672";
"";"";"ЗИЛ, вход-выход 1 в вестибюль";"1";"да";"Южный административный округ";"Даниловский район";"37.64331963";"55.69615141";"подземный";"ЗИЛ";"Троицкая линия";"не является объектом культурного наследия";"открытие в 05:30:00; закрытие в 01:00:00; первый поезд по 1 пути в 05:40:00; последний поезд по 1 пути в 01:03:08";"открытие в 05:30:00; закрытие в 01:00:00; первый поезд по 1 пути в 05:40:00; последний поезд по 1 пути в 01:03:08";"";"";"7";"[]";"действует";"[Geometry[type=Point, coordinates=[37.64331963, 55.69615141]]]";"{type=Point, coordinates=[37.64331963, 55.69615141]}";"2801754725";
"";"";"ЗИЛ, вход-выход 2 в вестибюль";"2";"да";"Южный административный округ";"Даниловский район";"37.64406625";"55.69650924";"подземный";"ЗИЛ";"Троицкая линия";"не является объектом культурного наследия";"открытие в 05:30:00; закрытие в 01:00:00; первый поезд по 1 пути в 05:40:00; последний поезд по 1 пути в 01:03:08";"открытие в 05:30:00; закрытие в 01:00:00; первый поезд по 1 пути в 05:40:00; последний поезд по 1 пути в 01:03:08";"";"";"7";"[]";"действует";"[Geometry[type=Point, coordinates=[37.64406625, 55.69650924]]]";"{type=Point, coordinates=[37.64406625, 55.69650924]}";"2801754734";
"";"";"Академическая, вход-выход 10 в вестибюль 1";"10";"да";"Юго-Западный административный округ";"Академический район";"37.57472984";"55.68702286";"подземный";"Академическая";"Троицкая линия";"не является объектом культурного наследия";"открытие в 05:30:00; закрытие в 01:00:00; первый поезд по 1 пути в 05:47:00, по 2 пути в 05:56:00; последний поезд по 1 пути в 01:09:00, по 2 пути в 01:28:00";"открытие в 05:30:00; закрытие в 01:00:00; первый поезд по 1 пути в 05:47:00, по 2 пути в 05:56:00; последний поезд по 1 пути в 01:09:00, по 2 пути в 01:28:00";"";"";"2";"[]";"действует";"[Geometry[type=Point, coordinates=[37.57472984, 55.68702286]]]";"{type=Point, coordinates=[37.57472984, 55.68702286]}";"2843352676";
"";"";"Академическая, вход-выход 12 в вестибюль 2";"12";"да";"Юго-Западный административный округ";"Академический район";"37.57709996";"55.68625722";"подземный";"Академическая";"Троицкая линия";"не является объектом культурного наследия";"открытие в 05:30:00; закрытие в 01:00:00; первый поезд по 1 пути в 05:47:00, по 2 пути в 05:56:00; последний поезд по 1 пути в 01:09:00, по 2 пути в 01:28:00";"открытие в 05:30:00; закрытие в 01:00:00; первый поезд по 1 пути в 05:47:00, по 2 пути в 05:56:00; последний поезд по 1 пути в 01:09:00, по 2 пути в 01:28:00";"2";"";"2";"[]";"действует";"[Geometry[type=Point, coordinates=[37.57709996, 55.68625722]]]";"{type=Point, coordinates=[37.57709996, 55.68625722]}";"2843352733";
"";"";"Вавиловская, вход-выход 3 в вестибюль 1";"3";"да";"Юго-Западный административный округ";"Ломоносовский район";"37.53935365";"55.68430805";"подземный";"Вавиловская";"Троицкая линия";"не является объектом культурного наследия";"открытие в 05:30:00; закрытие в 01:00:00; первый поезд по 1 пути в 05:50:00, по 2 пути в 05:52:00; последний поезд по 1 пути в 01:13:00, по 2 пути в 01:24:00";"открытие в 05:30:00; закрытие в 01:00:00; первый поезд по 1 пути в 05:50:00, по 2 пути в 05:52:00; последний поезд по 1 пути в 01:13:00, по 2 пути в 01:24:00";"";"";"3";"[]";"действует";"[Geometry[type=Point, coordinates=[37.53935365, 55.68430805]]]";"{type=Point, coordinates=[37.53935365, 55.68430805]}";"2859138921";
"";"";"Нижегородская, вход-выход 4А в вестибюль";"4А";"да";"Юго-Восточный административный округ";"Нижегородский район";"37.728326";"55.732469";"наземный отдельностоящий";"Нижегородская";"Московское центральное кольцо";"не является объектом культурного наследия";"открытие в 05:20:00; закрытие в 01:00:00; первый поезд по 1 пути в 05:31:00, по 2 пути 5:50:00; последний поезд по 1 пути в 22:59:00, по 2 пути в 23:25:00";"открытие в 05:00:00; закрытие в 01:00:00; первый поезд по 1 пути в 05:31:00, по 2 пути 5:50:00; последний поезд по 1 пути в 22:59:00, по 2 пути в 23:25:00";"2";"";"";"[]";"действует";"[Geometry[type=Point, coordinates=[37.728326, 55.732469]]]";"{type=Point, coordinates=[37.728326, 55.732469]}";"5111876950";
"";"";"Шелепиха, вход-выход 2 в вестибюль 1";"2";"да";"Центральный административный округ";"Пресненский район";"37.52508563";"55.75615589";"подземный";"Шелепиха";"Рублёво-Архангельская линия";"не является объектом культурного наследия";"открытие в 05:30:00; закрытие в 01:00:00; первый поезд по 1 пути в 05:48:00, по 2 пути в 05:43:00; последний поезд по 1 пути в 01:10:00, по 2 пути в 01:05:00";"открытие в 05:30:00; закрытие в 01:00:00; первый поезд по 1 пути в 05:48:00, по 2 пути в 05:47:00; последний поезд по 1 пути в 01:10:00, по 2 пути в 01:05:00";"";"";"3";"[]";"действует";"[Geometry[type=Point, coordinates=[37.52508563, 55.75615589]]]";"{type=Point, coordinates=[37.52508563, 55.75615589]}";"5111876978";
"";"";"Звенигородская, вход-выход 1 в вестибюль 2";"1";"да";"Северо-Западный административный округ";"район Хорошёво-Мнёвники";"37.50803796";"55.76698004";"подземный";"Звенигородская";"Рублёво-Архангельская линия";"не является объектом культурного наследия";"открытие в 05:30:00; закрытие в 01:00:00; первый поезд по 1 пути в 05:45:00, по 2 пути в 05:45:00; последний поезд по 1 пути в 01:08:00, по 2 пути в 01:08:00";"открытие в 05:30:00; закрытие в 01:00:00; первый поезд по 1 пути в 05:45:00, по 2 пути в 05:49:00; последний поезд по 1 пути в 01:08:00, по 2 пути в 01:08:00";"";"";"2";"[]";"действует";"[Geometry[type=Point, coordinates=[37.50803796, 55.76698004]]]";"{type=Point, coordinates=[37.50803796, 55.76698004]}";"5111876981";
"";"";"Звенигородская, вход-выход 2 в вестибюль 2";"2";"да";"Северо-Западный административный округ";"район Хорошёво-Мнёвники";"37.50742105";"55.76678649";"подземный";"Звенигородская";"Рублёво-Архангельская линия";"не является объектом культурного наследия";"открытие в 05:30:00; закрытие в 01:00:00; первый поезд по 1 пути в 05:45:00, по 2 пути в 05:45:00; последний поезд по 1 пути в 01:08:00, по 2 пути в 01:08:00";"открытие в 05:30:00; закрытие в 01:00:00; первый поезд по 1 пути в 05:45:00, по 2 пути в 05:49:00; последний поезд по 1 пути в 01:08:00, по 2 пути в 01:08:00";"";"";"2";"[]";"действует";"[Geometry[type=Point, coordinates=[37.50742105, 55.76678649]]]";"{type=Point, coordinates=[37.50742105, 55.76678649]}";"5111876984";
"";"";"Звенигородская, вход-выход 3 в вестибюль 1";"3";"да";"Северо-Западный административный округ";"район Хорошёво-Мнёвники";"37.51104740";"55.76564935";"подземный";"Звенигородская";"Рублёво-Архангельская линия";"не является объектом культурного наследия";"открытие в 05:30:00; закрытие в 01:00:00; первый поезд по 1 пути в 05:45:00, по 2 пути в 05:45:00; последний поезд по 1 пути в 01:08:00, по 2 пути в 01:08:00";"открытие в 05:30:00; закрытие в 01:00:00; первый поезд по 1 пути в 05:45:00, по 2 пути в 05:49:00; последний поезд по 1 пути в 01:08:00, по 2 пути в 01:08:00";"";"";"2";"[]";"действует";"[Geometry[type=Point, coordinates=[37.5110474, 55.76564935]]]";"{type=Point, coordinates=[37.5110474, 55.76564935]}";"5111876985";
"";"";"Звенигородская, вход-выход 4 в вестибюль 1";"4";"да";"Северо-Западный административный округ";"район Хорошёво-Мнёвники";"37.51293567";"55.76498701";"подземный";"Звенигородская";"Рублёво-Архангельская линия";"не является объектом культурного наследия";"открытие в 05:30:00; закрытие в 01:00:00; первый поезд по 1 пути в 05:45:00, по 2 пути в 05:45:00; последний поезд по 1 пути в 01:08:00, по 2 пути в 01:08:00";"открытие в 05:30:00; закрытие в 01:00:00; первый поезд по 1 пути в 05:45:00, по 2 пути в 05:49:00; последний поезд по 1 пути в 01:08:00, по 2 пути в 01:08:00";"";"";"2";"[]";"действует";"[Geometry[type=Point, coordinates=[37.51293567, 55.76498701]]]";"{type=Point, coordinates=[37.51293567, 55.76498701]}";"5111876989";
"";"";"Звенигородская, вход-выход 5 в вестибюль 1";"5";"да";"Северо-Западный административный округ";"район Хорошёво-Мнёвники";"37.51233486";"55.76474889";"подземный";"Звенигородская";"Рублёво-Архангельская линия";"не является объектом культурного наследия";"открытие в 05:30:00; закрытие в 01:00:00; первый поезд по 1 пути в 05:45:00, по 2 пути в 05:45:00; последний поезд по 1 пути в 01:08:00, по 2 пути в 01:08:00";"открытие в 05:30:00; закрытие в 01:00:00; первый поезд по 1 пути в 05:45:00, по 2 пути в 05:49:00; последний поезд по 1 пути в 01:08:00, по 2 пути в 01:08:00";"";"";"2";"[]";"действует";"[Geometry[type=Point, coordinates=[37.51233486, 55.76474889]]]";"{type=Point, coordinates=[37.51233486, 55.76474889]}";"5111876995";
"";"";"Звенигородская, вход-выход 6 в вестибюль 1";"6";"да";"Северо-Западный административный округ";"район Хорошёво-Мнёвники";"37.51048413";"55.76538321";"подземный";"Звенигородская";"Рублёво-Архангельская линия";"не является объектом культурного наследия";"открытие в 05:30:00; закрытие в 01:00:00; первый поезд по 1 пути в 05:45:00, по 2 пути в 05:45:00; последний поезд по 1 пути в 01:08:00, по 2 пути в 01:08:00";"открытие в 05:30:00; закрытие в 01:00:00; первый поезд по 1 пути в 05:45:00, по 2 пути в 05:49:00; последний поезд по 1 пути в 01:08:00, по 2 пути в 01:08:00";"";"";"2";"[]";"действует";"[Geometry[type=Point, coordinates=[37.51048413, 55.76538321]]]";"{type=Point, coordinates=[37.51048413, 55.76538321]}";"5111876996";
"";"";"Народное Ополчение, вход-выход 5 в вестибюль 1";"5";"да";"Северо-Западный административный округ";"район Хорошёво-Мнёвники";"37.48847466";"55.77679341";"подземный";"Народное Ополчение";"Рублёво-Архангельская линия";"не является объектом культурного наследия";"открытие в 05:30:00; закрытие в 01:00:00; первый поезд по 1 пути в 05:42:00, по 2 пути в 05:48:00; последний поезд по 1 пути в 01:05:00, по 2 пути в 01:11:00";"открытие в 05:30:00; закрытие в 01:00:00; первый поезд по 1 пути в 05:42:00, по 2 пути в 05:52:00; последний поезд по 1 пути в 01:05:00, по 2 пути в 01:11:00";"";"";"2";"[]";"действует";"[Geometry[type=Point, coordinates=[37.48847466, 55.77679341]]]";"{type=Point, coordinates=[37.48847466, 55.77679341]}";"5111877368";
"";"";"Народное Ополчение, вход-выход 6 в вестибюль 1";"6";"да";"Северо-Западный административный округ";"район Хорошёво-Мнёвники";"37.48916131";"55.77586767";"подземный";"Народное Ополчение";"Рублёво-Архангельская линия";"не является объектом культурного наследия";"открытие в 05:30:00; закрытие в 01:00:00; первый поезд по 1 пути в 05:42:00, по 2 пути в 05:48:00; последний поезд по 1 пути в 01:05:00, по 2 пути в 01:11:00";"открытие в 05:30:00; закрытие в 01:00:00; первый поезд по 1 пути в 05:42:00, по 2 пути в 05:52:00; последний поезд по 1 пути в 01:05:00, по 2 пути в 01:11:00";"";"";"2";"[]";"действует";"[Geometry[type=Point, coordinates=[37.48916131, 55.77586767]]]";"{type=Point, coordinates=[37.48916131, 55.77586767]}";"5111877372";
"";"";"Народное Ополчение,вход-выход 7 в вестибюль 1";"7";"да";"Северо-Западный административный округ";"район Хорошёво-Мнёвники";"37.48923641";"55.77557136";"подземный";"Народное Ополчение";"Рублёво-Архангельская линия";"не является объектом культурного наследия";"открытие в 05:30:00; закрытие в 01:00:00; первый поезд по 1 пути в 05:42:00, по 2 пути в 05:48:00; последний поезд по 1 пути в 01:05:00, по 2 пути в 01:11:00";"открытие в 05:30:00; закрытие в 01:00:00; первый поезд по 1 пути в 05:42:00, по 2 пути в 05:52:00; последний поезд по 1 пути в 01:05:00, по 2 пути в 01:11:00";"";"";"2";"[]";"действует";"[Geometry[type=Point, coordinates=[37.48923641, 55.77557136]]]";"{type=Point, coordinates=[37.48923641, 55.77557136]}";"5111877373";
"";"";"Народное Ополчение,вход-выход 8 в вестибюль 2";"8";"да";"Северо-Западный административный округ";"район Хорошёво-Мнёвники";"37.48830425";"55.77861122";"подземный";"Народное Ополчение";"Рублёво-Архангельская линия";"не является объектом культурного наследия";"открытие в 05:30:00; закрытие в 01:00:00; первый поезд по 1 пути в 05:42:00, по 2 пути в 05:48:00; последний поезд по 1 пути в 01:05:00, по 2 пути в 01:11:00";"открытие в 05:30:00; закрытие в 01:00:00; первый поезд по 1 пути в 05:42:00, по 2 пути в 05:52:00; последний поезд по 1 пути в 01:05:00, по 2 пути в 01:11:00";"";"";"2";"[]";"действует";"[Geometry[type=Point, coordinates=[37.48830425, 55.77861122]]]";"{type=Point, coordinates=[37.48830425, 55.77861122]}";"5111877393";
"";"";"Народное Ополчение,вход-выход 9 в вестибюль 2";"9";"да";"Северо-Западный административный округ";"район Хорошёво-Мнёвники";"37.48770344";"55.77849028";"подземный";"Народное Ополчение";"Рублёво-Архангельская линия";"не является объектом культурного наследия";"открытие в 05:30:00; закрытие в 01:00:00; первый поезд по 1 пути в 05:42:00, по 2 пути в 05:48:00; последний поезд по 1 пути в 01:05:00, по 2 пути в 01:11:00";"открытие в 05:30:00; закрытие в 01:00:00; первый поезд по 1 пути в 05:42:00, по 2 пути в 05:52:00; последний поезд по 1 пути в 01:05:00, по 2 пути в 01:11:00";"";"";"2";"[]";"действует";"[Geometry[type=Point, coordinates=[37.48770344, 55.77849028]]]";"{type=Point, coordinates=[37.48770344, 55.77849028]}";"5111877395";
"";"";"Бульвар Генерала Карбышева, вход-выход 1 в вестибюль 2";"1";"да";"Северо-Западный административный округ";"район Хорошёво-Мнёвники";"37.47063232";"55.78445282";"подземный";"Бульвар Генерала Карбышева";"Рублёво-Архангельская линия";"не является объектом культурного наследия";"открытие в 05:30:00; закрытие в 01:00:00; первый поезд по 1 пути в 05:40:00; последний поезд по 1 пути в 01:03:00";"открытие в 05:30:00; закрытие в 01:00:00; первый поезд по 1 пути в 05:40:00; последний поезд по 1 пути в 01:03:00";"";"";"3";"[]";"действует";"[Geometry[type=Point, coordinates=[37.47063232, 55.78445282]]]";"{type=Point, coordinates=[37.47063232, 55.78445282]}";"5111877398";
"";"";"Бульвар Генерала Карбышева, вход-выход 2 в вестибюль 2";"2";"да";"Северо-Западный административный округ";"район Хорошёво-Мнёвники";"37.47130824";"55.78479743";"подземный";"Бульвар Генерала Карбышева";"Рублёво-Архангельская линия";"не является объектом культурного наследия";"открытие в 05:30:00; закрытие в 01:00:00; первый поезд по 1 пути в 05:40:00; последний поезд по 1 пути в 01:03:00";"открытие в 05:30:00; закрытие в 01:00:00; первый поезд по 1 пути в 05:40:00; последний поезд по 1 пути в 01:03:00";"";"";"3";"[]";"действует";"[Geometry[type=Point, coordinates=[37.47130824, 55.78479743]]]";"{type=Point, coordinates=[37.47130824, 55.78479743]}";"5111877401";
"";"";"Бульвар Генерала Карбышева, вход-выход 3 в вестибюль 1";"3";"да";"Северо-Западный административный округ";"район Хорошёво-Мнёвники";"37.47514916";"55.78370918";"подземный";"Бульвар Генерала Карбышева";"Рублёво-Архангельская линия";"не является объектом культурного наследия";"открытие в 05:30:00; закрытие в 01:00:00; первый поезд по 1 пути в 05:40:00; последний поезд по 1 пути в 01:03:00";"открытие в 05:30:00; закрытие в 01:00:00; первый поезд по 1 пути в 05:40:00; последний поезд по 1 пути в 01:03:00";"";"";"3";"[]";"действует";"[Geometry[type=Point, coordinates=[37.47514916, 55.78370918]]]";"{type=Point, coordinates=[37.47514916, 55.78370918]}";"5111877402";
"";"";"Бульвар Генерала Карбышева, вход-выход 4 в вестибюль 1";"4";"да";"Северо-Западный административный округ";"район Хорошёво-Мнёвники";"37.47528864";"55.78405984";"подземный";"Бульвар Генерала Карбышева";"Рублёво-Архангельская линия";"не является объектом культурного наследия";"открытие в 05:30:00; закрытие в 01:00:00; первый поезд по 1 пути в 05:40:00; последний поезд по 1 пути в 01:03:00";"открытие в 05:30:00; закрытие в 01:00:00; первый поезд по 1 пути в 05:40:00; последний поезд по 1 пути в 01:03:00";"";"";"3";"[]";"действует";"[Geometry[type=Point, coordinates=[37.47528864, 55.78405984]]]";"{type=Point, coordinates=[37.47528864, 55.78405984]}";"5111877405";
